Unnamed: 0,Title,id,rating,genres,Release year
0,Dune: Part Two,693134,PG-13,Science Fiction;Adventure,2024
1,Kung Fu Panda 4,1011985,PG,Animation;Action;Family;Comedy;Fantasy,2024
2,Godzilla x Kong: The New Empire,823464,PG-13,Science Fiction;Action;Adventure,2024
3,Road House,359410,R,Action;Thriller,2024
4,Heart of the Hunter,1181548,R,Action;Mystery;Thriller,2024
5,Madame Web,634492,PG-13,Action;Fantasy,2024
6,Migration,940551,PG,Animation;Action;Adventure;Comedy;Family,2023
7,Imaginary,1125311,PG-13,Horror;Mystery;Thriller,2024
8,Dune,438631,PG-13,Science Fiction;Adventure,2021
9,Damsel,763215,PG-13,Fantasy;Action;Adventure,2024
10,No Way Up,1096197,R,Action;Horror;Thriller,2024
11,The First Omen,437342,R,Horror,2024
12,Oppenheimer,872585,R,Drama;History,2023
13,Land of Bad,969492,R,Action;Thriller;War,2024
14,Argylle,848538,PG-13,Action;Adventure;Comedy,2024
15,Godzilla vs. Kong,399566,PG-13,Action;Science Fiction;Adventure,2021
16,Poor Things,792307,R,Science Fiction;Romance;Comedy,2023
17,Vikings: Battle of Heirs,1049948,PG,Action,2023
18,Wonka,787699,PG,Comedy;Family;Fantasy,2023
19,Megamind vs. the Doom Syndicate,1239251,G,Animation;Comedy;Science Fiction,2024
20,Code 8 Part II,932420,R,Science Fiction;Action;Crime,2024
21,Air Force One Down,1124127,R,Action;Thriller,2024
22,Wish,1022796,PG,Animation;Family;Fantasy;Adventure,2023
23,Fast X,385687,PG-13,Action;Crime;Thriller,2023
24,Anyone But You,1072790,R,Romance;Comedy,2023
25,Civil War,929590,R,War;Action;Drama,2024
26,Godzilla: King of the Monsters,373571,PG-13,Science Fiction;Action,2019
27,The Shawshank Redemption,278,R,Drama;Crime,1994
28,The Marvels,609681,PG-13,Science Fiction;Adventure;Action,2023
29,Ghostbusters: Frozen Empire,967847,PG-13,Fantasy;Adventure;Comedy,2024
30,Barbie,346698,PG-13,Comedy;Adventure,2023
31,Freelance,897087,R,Action;Comedy,2023
32,Baghead,845783,PG-13,Horror,2023
33,The Batman,414906,PG-13,Crime;Mystery;Thriller,2022
34,The American Society of Magical Negroes,1039773,PG-13,Fantasy;Comedy,2024
35,Godzilla,124905,PG-13,Action;Drama;Science Fiction,2014
36,The Beekeeper,866398,R,Action;Thriller;Drama,2024
37,The Super Mario Bros. Movie,502356,PG,Animation;Family;Adventure;Fantasy;Comedy,2023
38,Aquaman and the Lost Kingdom,572802,PG-13,Action;Adventure;Fantasy,2023
39,Napoleon,753342,R,History;War;Romance,2023
40,Spider-Man: No Way Home,634649,PG-13,Action;Adventure;Science Fiction,2021
41,Avengers: Infinity War,299536,PG-13,Adventure;Action;Science Fiction,2018
42,Transformers: Rise of the Beasts,667538,PG-13,Action;Adventure;Science Fiction,2023
43,The Flash,298618,PG-13,Action;Adventure;Science Fiction,2023
44,Avatar: The Way of Water,76600,PG,Science Fiction;Adventure;Action,2022
45,xXx,7451,PG-13,Action;Adventure;Thriller;Crime,2002
46,The Thundermans Return,1094556,G,Family;Science Fiction;Action;Comedy,2024
47,Elemental,976573,PG,Animation;Comedy;Family;Fantasy;Romance,2023
48,The Zone of Interest,467244,PG-13,History;Drama,2023
49,Ruthless,984249,R,Action;Thriller,2023
50,The Hunger Games: The Ballad of Songbirds & Snakes,695721,PG-13,Drama;Science Fiction;Action,2023
51,Kong: Skull Island,293167,PG-13,Action;Adventure;Fantasy,2017
52,The Family Plan,1029575,PG-13,Action;Comedy,2023
53,The Weapon,1081620,R,Action,2023
54,Spider-Man: Across the Spider-Verse,569094,PG,Animation;Action;Adventure;Science Fiction,2023
55,Kung Fu Panda,9502,PG,Action;Adventure;Animation;Family;Comedy,2008
56,Puss in Boots: The Last Wish,315162,PG,Animation;Adventure;Fantasy;Comedy;Family,2022
57,John Wick: Chapter 4,603692,R,Action;Thriller;Crime,2023
58,Ghostbusters,43074,PG-13,Action;Fantasy;Comedy,2016
59,Deadpool,293660,R,Action;Adventure;Comedy,2016
60,Aquaman,297802,PG-13,Action;Adventure;Fantasy,2018
61,Turning Red,508947,PG,Animation;Family;Comedy;Fantasy,2022
62,Inside Out,150540,PG,Animation;Family;Adventure;Drama;Comedy,2015
63,Thor: Ragnarok,284053,PG-13,Action;Adventure;Science Fiction,2017
64,The Maze Runner,198663,PG-13,Action;Mystery;Science Fiction;Thriller,2014
65,The Masked Saint,370464,PG-13,Crime;Action,2016
66,Interstellar,157336,PG-13,Adventure;Drama;Science Fiction,2014
67,Bird Box,405774,R,Horror;Thriller;Drama,2018
68,X,760104,R,Horror;Thriller;Mystery,2022
69,Bob Marley: One Love,802219,PG-13,Music;History;Drama,2024
71,Wonder Woman,297762,PG-13,Action;Adventure;Fantasy,2017
72,Joker,475557,R,Crime;Thriller;Drama,2019
73,Inception,27205,PG-13,Action;Science Fiction;Adventure,2010
74,The Creator,670292,PG-13,Action;Adventure;Science Fiction,2023
75,Ordinary Angels,974036,PG,Drama,2024
76,Expend4bles,299054,R,Action;Adventure;Thriller,2023
77,Coach Carter,7214,PG-13,Drama;History,2005
78,Spider-Man: Into the Spider-Verse,324857,PG,Animation;Action;Adventure;Science Fiction,2018
79,PAW Patrol: The Mighty Movie,893723,PG,Animation;Family;Action;Science Fiction;Comedy;Drama;Adventure,2023
81,The Matrix,603,R,Action;Science Fiction,1999
82,Mission: Impossible - Dead Reckoning Part One,575264,PG-13,Action;Thriller,2023
83,Iron Man 2,10138,PG-13,Adventure;Action;Science Fiction,2010
85,Rebel Moon - Part One: A Child of Fire,848326,PG-13,Science Fiction;Drama;Action,2023
86,To Your Last Death,366171,R,Animation;Horror,2019
87,Kung Fu Panda 3,140300,PG,Action;Adventure;Animation;Comedy;Family,2016
88,Drive-Away Dolls,957304,R,Comedy;Crime,2024
89,Trolls Band Together,901362,PG,Animation;Family;Music;Fantasy;Comedy,2023
90,Kung Fu Panda 2,49444,PG,Animation;Family;Comedy,2011
91,Charlie and the Chocolate Factory,118,PG,Adventure;Comedy;Family;Fantasy,2005
92,The Casagrandes Movie,1216512,PG,Animation;Comedy;Family,2024
93,The Hill,862557,PG,History;Drama,2023
94,Arthur the King,618588,PG-13,Adventure;Drama,2024
95,Música,968441,PG-13,Romance;Comedy;Music,2024
96,The Lord of the Rings: The Fellowship of the Ring,120,PG-13,Adventure;Fantasy;Action,2001
97,Black Panther,284054,PG-13,Action;Adventure;Science Fiction,2018
98,Black Adam,436270,PG-13,Action;Adventure;Science Fiction,2022
99,Orion and the Dark,1139829,PG,Animation;Family;Comedy;Fantasy,2024
100,Guardians of the Galaxy Vol. 3,447365,PG-13,Science Fiction;Adventure;Action,2023
101,Pulp Fiction,680,R,Thriller;Crime,1994
102,Captain Marvel,299537,PG-13,Action;Adventure;Science Fiction,2019
103,Fifty Shades of Grey,216015,R,Drama;Romance;Thriller,2015
104,Leo,1075794,PG,Animation;Comedy;Family,2023
105,Lift,955916,PG-13,Action;Comedy;Crime,2024
106,The Judge,205587,R,Drama,2014
107,Blade Runner 2049,335984,R,Science Fiction;Drama,2017
108,Five Nights at Freddy's,507089,PG-13,Horror;Mystery,2023
109,Ghostbusters: Afterlife,425909,PG-13,Fantasy;Comedy;Adventure;Science Fiction,2021
110,King Kong,254,PG-13,Adventure;Drama;Action,2005
112,Miller's Girl,1026436,R,Comedy;Drama;Mystery;Thriller,2024
113,Split,381288,PG-13,Horror;Thriller,2017
114,Tenet,577922,PG-13,Action;Thriller;Science Fiction,2020
115,Meg 2: The Trench,615656,PG-13,Action;Science Fiction;Horror,2023
116,Due Justice,982940,R,Action;Thriller;Crime,2023
117,Harry Potter and the Prisoner of Azkaban,673,PG,Adventure;Fantasy,2004
118,Deadpool 2,383498,PG-13,Action;Comedy;Adventure,2018
119,Killers of the Flower Moon,466420,R,Crime;History;Drama,2023
120,Harry Potter and the Chamber of Secrets,672,PG,Adventure;Fantasy,2002
121,Snack Shack,1037113,R,Comedy,2024
122,"The Chronicles of Narnia: The Lion, the Witch and the Wardrobe",411,PG,Adventure;Family;Fantasy,2005
123,Monkey Man,560016,R,Action;Thriller,2024
124,Top Gun: Maverick,361743,PG-13,Action;Drama,2022
125,Pirates of the Caribbean: The Curse of the Black Pearl,22,PG-13,Adventure;Fantasy;Action,2003
126,The Bricklayer,927107,R,Action;Thriller,2023
127,Shang-Chi and the Legend of the Ten Rings,566525,PG-13,Action;Adventure;Fantasy,2021
129,Tangled,38757,PG,Animation;Family,2010
130,Twilight,8966,PG-13,Fantasy;Drama;Romance,2008
131,Toy Story,862,G,Animation;Adventure;Family;Comedy,1995
132,Prey,766507,R,Thriller;Action;Science Fiction,2022
133,"Monsters, Inc.",585,G,Animation;Comedy;Family,2001
134,Mean Girls,673593,PG-13,Comedy,2024
135,Shrek,808,PG,Animation;Comedy;Fantasy;Adventure;Family,2001
136,Logan,263115,R,Action;Drama;Science Fiction,2017
137,Spider-Man: Homecoming,315635,PG-13,Action;Adventure;Science Fiction;Drama,2017
138,Avengers: Endgame,299534,PG-13,Adventure;Science Fiction;Action,2019
139,Stopmotion,840889,R,Horror,2024
140,The Equalizer 3,926393,R,Action;Thriller;Crime,2023
141,Mad Max: Fury Road,76341,R,Action;Adventure;Science Fiction,2015
142,Harry Potter and the Goblet of Fire,674,PG-13,Adventure;Fantasy,2005
143,Encanto,568124,PG,Animation;Comedy;Family;Fantasy,2021
144,The Avengers,24428,PG-13,Science Fiction;Action;Adventure,2012
145,One Life,760774,PG,History;Drama;War,2023
146,Dawn of the Planet of the Apes,119450,PG-13,Science Fiction;Action;Drama;Thriller,2014
147,Ted 2,214756,R,Comedy;Fantasy,2015
148,Predator,106,R,Science Fiction;Action;Adventure;Thriller,1987
149,Dora: Say Hola to Adventure!,1205781,G,Animation;Family,2023
150,Fifty Shades Freed,337167,R,Drama;Romance,2018
151,Pirates of the Caribbean: On Stranger Tides,1865,PG-13,Adventure;Action;Fantasy,2011
152,Jurassic World Dominion,507086,PG-13,Adventure;Action;Science Fiction,2022
153,Chappie,198184,R,Crime;Action;Science Fiction,2015
154,Creed III,677179,PG-13,Drama;Action,2023
156,Shrek 2,809,PG,Animation;Family;Comedy;Fantasy;Adventure,2004
157,Indiana Jones and the Dial of Destiny,335977,PG-13,Adventure;Action,2023
158,Black Panther: Wakanda Forever,505642,PG-13,Action;Adventure;Science Fiction,2022
159,The Suicide Squad,436969,R,Action;Comedy;Adventure,2021
160,The Little Mermaid,447277,PG,Adventure;Family;Fantasy;Romance,2023
161,Morbius,526896,R,Action;Science Fiction;Fantasy,2022
162,Law Abiding Citizen,22803,R,Drama;Crime;Thriller,2009
163,Baywatch,339846,R,Comedy;Action;Crime,2017
165,She Came to Me,503417,R,Romance;Comedy;Drama,2023
166,Lights Out,931642,R,Action;Thriller,2024
167,Retribution,762430,R,Thriller,2023
168,The Twilight Saga: Breaking Dawn - Part 1,50619,PG-13,Adventure;Fantasy;Romance,2011
169,Hacksaw Ridge,324786,R,Drama;History;War,2016
170,Upgraded,1014590,R,Romance;Comedy,2024
171,Forrest Gump,13,PG-13,Comedy;Drama;Romance,1994
172,Babylon,615777,R,Drama;Comedy,2022
173,Harry Potter and the Order of the Phoenix,675,PG-13,Adventure;Fantasy,2007
175,Titanic,597,PG-13,Drama;Romance,1997
176,Spaceman,636706,R,Science Fiction;Adventure;Drama,2024
177,Avatar,19995,PG-13,Action;Adventure;Fantasy;Science Fiction,2009
178,Real Steel,39254,PG-13,Action;Science Fiction;Drama,2011
179,Baby Driver,339403,R,Action;Crime,2017
180,The Devil Wears Prada,350,PG-13,Drama;Comedy,2006
181,Abigail,1111873,R,Horror;Thriller,2024
182,The Hunger Games: Mockingjay - Part 1,131631,PG-13,Science Fiction;Adventure;Thriller,2014
183,Justice League,141052,PG-13,Action;Adventure;Science Fiction,2017
184,Coco,354912,PG,Family;Animation;Music;Adventure,2017
185,Alien: Covenant,126889,R,Science Fiction;Horror;Mystery,2017
186,Talk to Me,1008042,R,Horror;Thriller,2023
187,The Hobbit: The Battle of the Five Armies,122917,R,Action;Adventure;Fantasy,2014
188,Role Play,848187,R,Action;Comedy;Romance,2023
189,Blue Beetle,565770,PG-13,Action;Science Fiction;Adventure,2023
190,Sing 2,438695,PG,Animation;Family;Music;Comedy,2021
191,Harry Potter and the Deathly Hallows: Part 1,12444,PG-13,Adventure;Fantasy,2010
192,The Lord of the Rings: The Return of the King,122,PG-13,Adventure;Fantasy;Action,2003
193,The Twilight Saga: Breaking Dawn - Part 2,50620,PG-13,Adventure;Fantasy;Drama;Romance,2012
194,Ratatouille,2062,G,Animation;Comedy;Family;Fantasy,2007
195,Pirates of the Caribbean: At World's End,285,PG-13,Adventure;Fantasy;Action,2007
197,Saw X,951491,R,Horror;Thriller,2023
198,Saw X,951491,R,Horror;Thriller,2023
199,Captive,331190,PG-13,Crime;Drama;Thriller,2015
200,Up,14160,PG,Animation;Comedy;Family;Adventure,2009
201,Toy Story 2,863,G,Animation;Comedy;Family,1999
202,The Nun II,968051,R,Horror,2023
203,Ricky Stanicky,1022690,R,Comedy,2024
204,Zootopia,269149,PG,Animation;Adventure;Family;Comedy,2016
205,Se7en,807,R,Crime;Mystery;Thriller,1995
206,Exodus: Gods and Kings,147441,PG-13,Adventure;Drama;Action,2014
207,Harry Potter and the Half-Blood Prince,767,PG,Adventure;Fantasy,2009
208,The Twilight Saga: Eclipse,24021,PG-13,Adventure;Fantasy;Drama;Romance,2010
209,Ice Age,425,PG,Animation;Comedy;Family;Adventure,2002
210,Harry Potter and the Deathly Hallows: Part 2,12445,PG-13,Fantasy;Adventure,2011
211,Pirates of the Caribbean: Dead Man's Chest,58,PG-13,Adventure;Fantasy;Action,2006
212,Sonic the Hedgehog 2,675353,PG,Action;Adventure;Family;Comedy,2022
213,Iron Man,1726,PG-13,Action;Science Fiction;Adventure,2008
214,Back to Black,998846,R,Music;Drama,2024
215,Back to Black,998846,R,Music;Drama,2024
216,Con Air,1701,R,Action;Thriller;Crime,1997
217,Black Widow,497698,PG-13,Action;Adventure;Science Fiction,2021
218,War for the Planet of the Apes,281338,PG-13,Drama;Science Fiction;War,2017
219,The Green Mile,497,R,Fantasy;Drama;Crime,1999
220,Agent Game,872542,R,Action;Thriller,2022
221,Arrival,329865,PG-13,Drama;Science Fiction;Mystery,2016
222,Dark Phoenix,320288,PG-13,Science Fiction;Action;Adventure,2019
223,Gran Turismo,980489,PG-13,Adventure;Action;Drama,2023
224,Green Book,490132,PG-13,Drama;History,2018
225,Fall,985939,PG-13,Thriller,2022
226,Sound of Freedom,678512,PG-13,Action;Drama,2023
227,The Emperor's New Groove,11688,G,Adventure;Animation;Comedy;Family;Fantasy,2000
229,Irish Wish,1019420,PG,Romance;Comedy;Fantasy,2024
230,Creed II,480530,PG-13,Drama;Action,2018
231,Thor: Love and Thunder,616037,PG-13,Fantasy;Action;Comedy,2022
232,After,537915,PG-13,Romance;Drama,2019
233,Mulan,10674,G,Animation;Family;Adventure,1998
234,Rise of the Planet of the Apes,61791,PG-13,Thriller;Action;Drama;Science Fiction,2011
235,The Lion King,8587,G,Family;Animation;Drama,1994
236,Death Wish,395990,R,Action;Crime;Drama;Thriller,2018
237,Venom,335983,PG-13,Science Fiction;Action,2018
238,The Beautiful Game,857655,PG-13,Drama,2024
239,The Passion of the Christ,615,R,Drama,2004
240,Wrath of Man,637649,R,Action;Crime;Thriller,2021
241,The Nun,439079,R,Horror,2018
242,The Last Voyage of the Demeter,635910,R,Thriller;Horror,2023
243,Dead for a Dollar,843380,R,Western;Thriller;Action,2022
244,RoboCop,5548,R,Action;Thriller;Science Fiction,1987
245,It,346364,R,Horror,2017
246,It,346364,R,Horror,2017
247,Big Hero 6,177572,PG,Adventure;Family;Animation;Action;Comedy,2014
248,The Lord of the Rings: The Two Towers,121,PG-13,Adventure;Fantasy;Action,2002
249,Nobody,615457,R,Action;Thriller,2021
250,The Dark Knight,155,PG-13,Drama;Action;Crime;Thriller,2008
251,Fight Club,550,R,Drama,1999
252,Donnie Darko,141,R,Fantasy;Drama;Mystery,2001
253,Serenity,16320,PG-13,Science Fiction;Action;Adventure;Thriller,2005
254,Frozen,109445,PG,Animation;Family;Adventure;Fantasy,2013
255,The Farm,517764,NC-17,Horror,2019
256,Doctor Strange,284052,PG-13,Action;Adventure;Fantasy,2016
257,Past Lives,666277,PG-13,Drama;Romance,2023
258,White Chicks,12153,PG-13,Comedy;Crime,2004
259,Gravity,49047,PG-13,Science Fiction;Thriller;Drama,2013
260,Avengers: Age of Ultron,99861,PG-13,Action;Adventure;Science Fiction,2015
261,The Conjuring,138843,R,Horror;Thriller,2013
263,Beauty and the Beast,321612,PG,Family;Fantasy;Romance,2017
264,The Princess and the Frog,10198,G,Animation;Romance;Fantasy;Family,2009
265,Me Before You,296096,PG-13,Drama;Romance,2016
266,Whiplash,244786,R,Drama;Music,2014
267,Thanksgiving,1071215,R,Horror;Mystery;Thriller,2023
268,Maze Runner: The Scorch Trials,294254,PG-13,Science Fiction;Action;Thriller;Adventure,2015
269,The Pope's Exorcist,758323,R,Horror;Thriller,2023
270,The Iron Claw,850165,R,Drama;History,2023
271,Hotel Transylvania: Transformania,585083,PG,Animation;Comedy;Family;Adventure;Fantasy,2022
272,Shrek Forever After,10192,PG,Comedy;Adventure;Fantasy;Animation;Family,2010
274,Gifted,400928,PG-13,Drama;Comedy,2017
275,Joker: Folie à Deux,889737,R,Drama;Crime;Thriller,2024
276,Silent Night,891699,R,Action;Thriller;Crime,2023
278,Free Guy,550988,R,Comedy;Adventure;Science Fiction,2021
279,Toy Story 4,301528,G,Family;Adventure;Animation;Comedy;Fantasy,2019
280,Despicable Me 2,93456,PG,Animation;Comedy;Family,2013
281,Moonfall,406759,PG-13,Science Fiction;Adventure;Action,2022
282,Suicide Squad,297761,PG-13,Action;Adventure;Fantasy,2016
283,Tinker Bell and the Legend of the NeverBeast,297270,G,Adventure;Animation;Family,2014
284,Luca,508943,PG,Animation;Comedy;Fantasy;Adventure;Family,2021
285,Venom: Let There Be Carnage,580489,R,Science Fiction;Action;Adventure,2021
286,Despicable Me 4,519182,PG,Animation;Family;Comedy;Action,2024
287,Blade,36647,R,Horror;Action,1998
288,The Godfather Part III,242,R,Crime;Drama;Thriller,1990
289,No Time to Die,370172,PG-13,Action;Adventure;Thriller,2021
290,The Tiger's Apprentice,598387,PG,Animation;Action;Adventure;Family;Fantasy,2024
291,Ghosted,868759,PG-13,Action;Comedy;Romance,2023
292,Maze Runner: The Death Cure,336843,PG-13,Science Fiction;Action;Adventure;Thriller,2018
293,Pirates of the Caribbean: Dead Men Tell No Tales,166426,PG-13,Adventure;Action;Fantasy,2017
294,The Wolf of Wall Street,106646,R,Crime;Drama;Comedy,2013
295,Coraline,14836,PG,Animation;Family;Fantasy,2009
296,Sonic the Hedgehog,454626,PG,Action;Science Fiction;Comedy;Family,2020
297,Batman v Superman: Dawn of Justice,209112,R,Action;Adventure;Fantasy,2016
298,Spider-Man: Far From Home,429617,PG-13,Action;Adventure;Science Fiction,2019
299,Zack Snyder's Justice League,791373,R,Action;Adventure;Fantasy,2021
300,Hercules,11970,G,Animation;Family;Fantasy;Adventure;Comedy;Romance,1997
301,Django Unchained,68718,R,Drama;Western,2012
302,Gladiator,98,R,Action;Drama;Adventure,2000
303,Roald Dahl's The Witches,531219,PG,Family;Comedy;Fantasy,2020
304,Finding Nemo,12,G,Animation;Family,2003
305,The Lion King,420818,PG,Adventure;Drama;Family;Animation,2019
306,Total Recall,64635,PG-13,Action;Science Fiction;Thriller,2012
307,Taken 3,260346,PG-13,Thriller;Action,2014
308,Teenage Mutant Ninja Turtles: Mutant Mayhem,614930,PG,Animation;Comedy;Action;Science Fiction,2023
309,Halloween,424139,R,Horror;Thriller,2018
310,Extraction 2,697843,R,Action;Thriller,2023
311,Greenland,524047,PG-13,Action;Thriller;Drama,2020
312,The Twilight Saga: New Moon,18239,PG-13,Adventure;Fantasy;Drama;Romance,2009
313,Fifty Shades Darker,341174,R,Drama;Romance,2017
314,Raya and the Last Dragon,527774,PG,Animation;Family;Fantasy;Action;Adventure,2021
315,Chicken Run: Dawn of the Nugget,520758,PG,Family;Animation;Adventure;Comedy,2023
316,Everything Everywhere All at Once,545611,R,Action;Adventure;Science Fiction,2022
317,In Time,49530,PG-13,Action;Thriller;Science Fiction,2011
318,Evil Dead Rise,713704,R,Horror;Thriller,2023
319,Terminator Genisys,87101,PG-13,Science Fiction;Action;Thriller;Adventure,2015
320,One More Shot,1214314,R,Action,2024
321,Saving Private Ryan,857,R,Drama;History;War,1998
322,Minions: The Rise of Gru,438148,PG,Animation;Comedy;Family;Adventure;Crime;Science Fiction,2022
323,Minions: The Rise of Gru,438148,PG,Animation;Comedy;Family;Adventure;Crime;Science Fiction,2022
324,Luck,585511,G,Animation;Adventure;Comedy;Fantasy,2022
325,Under the Boardwalk,609271,PG,Animation;Comedy;Family;Romance,2023
326,Becoming,699280,PG,Documentary,2020
327,Glass Onion: A Knives Out Mystery,661374,PG-13,Comedy;Crime;Mystery,2022
328,Batman Begins,272,PG-13,Action;Crime;Drama,2005
329,Swim Instructor Nightmare,940614,PG-13,Thriller;TV Movie,2022
330,Beauty and the Beast,10020,G,Romance;Family;Animation;Fantasy,1991
331,San Andreas,254128,PG-13,Action;Drama;Thriller,2015
332,Gone Girl,210577,R,Mystery;Thriller;Drama,2014
333,WALL·E,10681,G,Animation;Family;Science Fiction,2008
334,Doctor Strange in the Multiverse of Madness,453395,PG-13,Fantasy;Action;Adventure,2022
335,Leave the World Behind,726209,R,Drama;Mystery;Thriller,2023
336,Fury,228150,R,War;Drama;Action,2014
337,Ant-Man and the Wasp: Quantumania,640146,PG-13,Action;Adventure;Science Fiction,2023
338,Despicable Me,20352,PG,Family;Animation;Comedy,2010
339,Dungeons & Dragons: Honor Among Thieves,493529,PG-13,Adventure;Fantasy;Comedy,2023
340,Logan Lucky,399170,PG-13,Comedy;Crime;Action;Drama,2017
341,The Equalizer,156022,R,Thriller;Action;Crime,2014
342,Grown Ups 2,109418,PG-13,Comedy,2013
343,Cinderella,150689,PG,Romance;Fantasy;Family;Drama,2015
344,Bullet Train,718930,R,Action;Comedy;Thriller,2022
345,Spectral,324670,PG-13,Science Fiction;Thriller;Action,2016
346,The Conjuring: The Devil Made Me Do It,423108,R,Horror;Mystery;Thriller,2021
347,The Lorax,73723,PG,Animation;Family,2012
348,Apocalypto,1579,R,Action;Drama;History,2006
349,Rocky IV,1374,PG-13,Drama,1985
350,Sister of the Groom,738642,R,Romance;Comedy,2020
351,Jumanji: The Next Level,512200,PG-13,Adventure;Comedy;Fantasy,2019
352,After Everything,820525,R,Romance;Drama,2023
353,Extraction,545609,R,Action;Thriller,2020
354,Bumblebee,424783,PG-13,Action;Adventure;Science Fiction,2018
355,Iron Man 3,68721,PG-13,Action;Adventure;Science Fiction,2013
356,Fantastic Beasts: The Secrets of Dumbledore,338953,PG-13,Fantasy;Adventure,2022
357,Eyes Wide Shut,345,R,Drama;Thriller;Mystery,1999
358,The Exorcist: Believer,807172,R,Horror,2023
359,Godzilla,929,PG-13,Science Fiction;Action;Thriller,1998
360,Schindler's List,424,R,Drama;History;War,1993
361,The Tomorrow War,588228,PG-13,Action;Science Fiction;Adventure,2021
363,Cars 3,260514,G,Family;Animation;Adventure;Comedy,2017
364,PAW Patrol: The Movie,675445,G,Animation;Family;Adventure;Comedy,2021
365,John Wick: Chapter 2,324552,R,Action;Thriller;Crime,2017
366,Tarzan,37135,G,Family;Adventure;Animation;Drama,1999
367,Back to the Future,105,PG,Adventure;Comedy;Science Fiction,1985
368,Olympians at Heart,853812,G,Family,2021
369,Shutter Island,11324,R,Drama;Thriller;Mystery,2010
370,Scream VI,934433,R,Horror;Crime;Thriller,2023
371,Megamind,38055,PG,Animation;Action;Comedy;Family;Science Fiction,2010
372,Scream,4232,R,Crime;Horror;Mystery,1996
373,Captain America: Civil War,271110,PG-13,Adventure;Action;Science Fiction,2016
374,The Amazing Spider-Man,1930,PG-13,Action;Adventure;Science Fiction,2012
375,The Mummy,282035,PG-13,Fantasy;Thriller;Action;Adventure;Horror,2017
376,Guy Ritchie's The Covenant,882569,R,War;Action;Thriller,2023
377,Home Alone 2: Lost in New York,772,PG,Comedy;Family;Adventure,1992
378,Shazam! Fury of the Gods,594767,PG-13,Comedy;Action;Fantasy,2023
379,Joey and Ella,849877,G,Family;Adventure;Comedy,2021
380,The Omen,806,R,Horror;Mystery;Thriller,2006
382,Shrek the Third,810,PG,Fantasy;Adventure;Animation;Comedy;Family,2007
383,The Little Mermaid,10144,G,Animation;Family;Fantasy,1989
384,Prometheus,70981,R,Science Fiction;Adventure;Mystery,2012
386,How to Train Your Dragon 2,82702,PG,Fantasy;Action;Adventure;Animation;Comedy;Family,2014
387,Inglourious Basterds,16869,R,Drama;Thriller;War,2009
388,Catch Me If You Can,640,PG-13,Drama;Crime,2002
389,World War Z,72190,PG-13,Action;Drama;Horror;Science Fiction;Thriller,2013
391,Cars,920,G,Animation;Adventure;Comedy;Family,2006
392,The Lion King II: Simba's Pride,9732,G,Family;Adventure;Animation;Action,1998
393,Garfield,8920,PG,Animation;Comedy;Family,2004
394,Teenage Mutant Ninja Turtles,98566,PG-13,Science Fiction;Action;Adventure;Comedy,2014
395,Hotel Transylvania 3: Summer Vacation,400155,PG,Animation;Comedy;Family;Fantasy,2018
396,Aliens,679,R,Action;Thriller;Science Fiction,1986
397,Rebel Moon - Part Two: The Scargiver,934632,PG-13,Science Fiction;Action;Drama,2024
398,A Quiet Place,447332,PG-13,Horror;Drama;Science Fiction,2018
399,Top Gun,744,PG,Drama;Action;Adventure,1986
400,Kingsman: The Secret Service,207703,R,Crime;Comedy;Action;Adventure,2014
402,Resident Evil: Welcome to Raccoon City,460458,R,Horror;Science Fiction;Action,2021
403,Hellraiser,9003,R,Horror;Thriller;Fantasy,1987
404,It Chapter Two,474350,R,Horror,2019
405,Eternals,524434,PG-13,Science Fiction;Action;Adventure,2021
406,Ocean's Eight,402900,PG-13,Crime;Comedy;Action,2018
407,Fast & Furious Presents: Hobbs & Shaw,384018,PG-13,Action;Adventure;Comedy,2019
408,Deep Water,619979,R,Drama;Mystery;Thriller,2022
409,A Bug's Life,9487,G,Family;Animation;Adventure;Comedy,1998
410,Carl's Date,1076364,G,Animation;Adventure;Family,2023
411,The Notebook,11036,PG-13,Romance;Drama,2004
412,The Amazing Spider-Man 2,102382,PG-13,Action;Adventure;Science Fiction,2014
413,Uncharted,335787,PG-13,Action;Adventure,2022
414,Justice League: Crisis on Infinite Earths Part One,1155089,PG-13,Animation;Science Fiction;Action,2024
415,Ex Machina,264660,R,Drama;Science Fiction,2015
417,American Sniper,190859,R,War;Action,2014
418,The Valet,810171,PG-13,Comedy;Romance,2022
419,The Hobbit: An Unexpected Journey,49051,PG-13,Adventure;Fantasy;Action,2012
420,Eternal Sunshine of the Spotless Mind,38,R,Science Fiction;Drama;Romance,2004
421,Frozen II,330457,PG,Family;Animation;Adventure;Comedy;Fantasy,2019
422,The Hangover,18785,R,Comedy,2009
423,Despicable Me 3,324852,PG,Action;Animation;Comedy;Family;Adventure,2017
424,The Hobbit: The Desolation of Smaug,57158,PG-13,Fantasy;Adventure;Action,2013
425,Get Out,419430,R,Mystery;Thriller;Horror,2017
426,Skyscraper,447200,PG-13,Action;Thriller;Adventure,2018
427,Dream Scenario,823482,R,Comedy;Fantasy,2023
428,Heat,949,R,Action;Crime;Drama,1995
430,Rocky V,1375,PG-13,Drama,1990
431,Rocky V,1375,PG-13,Drama,1990
432,John Wick: Chapter 3 - Parabellum,458156,R,Action;Thriller;Crime,2019
433,Virgin Territory,14324,R,Adventure;Action;Comedy;Romance,2007
434,Taken,8681,PG-13,Action;Thriller,2008
435,Cinderella II: Dreams Come True,14128,G,Family;Animation;Romance;Fantasy,2002
436,Silence,68730,R,Drama;History,2016
437,Brightburn,531309,R,Horror;Science Fiction;Thriller;Mystery,2019
438,The Mummy,564,PG-13,Adventure;Action;Fantasy,1999
439,Spider-Man 3,559,PG-13,Action;Adventure;Science Fiction,2007
440,Toy Story 3,10193,G,Animation;Family;Comedy,2010
441,Cars 2,49013,G,Animation;Family;Adventure;Comedy,2011
442,The Martian,286217,PG-13,Drama;Adventure;Science Fiction,2015
443,Beauty and the Beast: The Enchanted Christmas,13313,G,Animation;Family;Fantasy,1997
444,Misery,1700,R,Drama;Thriller,1990
445,Once Upon a Time... in Hollywood,466272,R,Comedy;Drama;Thriller,2019
446,Good Will Hunting,489,R,Drama,1997
447,Strictly Confidential,1182297,R,Mystery;Thriller,2024
449,How to Train Your Dragon: The Hidden World,166428,PG,Animation;Family;Adventure,2019
450,Terminator 2: Judgment Day,280,R,Action;Thriller;Science Fiction,1991
451,Judge Dredd,9482,R,Science Fiction,1995
452,Sicario,273481,R,Action;Crime;Thriller,2015
453,Ford v Ferrari,359724,PG-13,Drama;Action;History,2019
454,Allied,369885,R,Action;Drama;War;Romance;Thriller,2016
455,xXx: Return of Xander Cage,47971,PG-13,Action;Adventure;Crime,2017
456,Mission: Impossible - Fallout,353081,PG-13,Action;Adventure,2018
457,Jurassic World,135397,PG-13,Action;Adventure;Science Fiction;Thriller,2015
458,Grown Ups,38365,PG-13,Comedy,2010
459,Gemini Man,453405,PG-13,Science Fiction;Action;Thriller,2019
460,Downsizing,301337,R,Drama;Science Fiction,2017
461,Lady Bird,391713,R,Drama;Comedy,2017
462,Alice in Wonderland,12155,PG,Family;Fantasy;Adventure,2010
463,Kate,597891,R,Action,2021
464,Kate,597891,R,Action,2021
465,Fantastic Beasts and Where to Find Them,259316,PG-13,Fantasy;Adventure,2016
466,The Imitation Game,205596,PG-13,History;Drama;Thriller;War,2014
467,GoodFellas,769,R,Drama;Crime,1990
468,Pacific Rim,68726,PG-13,Action;Science Fiction;Adventure,2013
469,After We Fell,744275,R,Romance;Drama,2021
470,Shazam!,287947,PG-13,Action;Comedy;Fantasy,2019
471,Sing,335797,PG,Animation;Comedy;Family;Music,2016
472,Friday,10634,R,Comedy,1995
473,Radical,1058694,PG-13,Drama,2023
474,X-Men: Apocalypse,246655,PG-13,Action;Adventure;Science Fiction;Fantasy,2016
475,Predator 2,169,R,Science Fiction;Action;Thriller,1990
476,Penguins of Madagascar,270946,PG,Family;Animation;Adventure;Comedy,2014
477,"Ruby Gillman, Teenage Kraken",1040148,PG,Animation;Family;Fantasy;Comedy,2023
478,Dark City,2666,R,Mystery;Science Fiction,1998
479,Platoon,792,R,Drama;War;Action,1986
480,The Karate Kid,38575,PG,Action;Adventure;Drama;Family,2010
481,The Bad Guys,629542,PG,Family;Animation;Adventure;Comedy;Crime,2022
482,Planet of the Apes,869,PG-13,Thriller;Science Fiction;Action;Adventure,2001
483,Heart of Stone,724209,PG-13,Thriller;Action,2023
485,No Hard Feelings,884605,R,Comedy;Romance,2023
486,Soul,508442,PG,Animation;Family;Comedy;Fantasy,2020
488,Nimona,961323,PG,Adventure;Animation;Fantasy;Family,2023
489,Bohemian Rhapsody,424694,PG-13,Music;Drama,2018
490,Cruella,337404,PG-13,Comedy;Crime,2021
491,Knights of the Zodiac,455476,PG-13,Fantasy;Action;Adventure,2023
492,The King's Man,476669,R,Action;Comedy;Adventure;Thriller,2021
493,Transformers: Age of Extinction,91314,PG-13,Science Fiction;Action;Adventure,2014
494,The Smurfs: A Christmas Carol,79443,PG,Animation;Comedy;Family,2011
495,Ice Age: Dawn of the Dinosaurs,8355,PG,Animation;Comedy;Family;Adventure,2009
496,The Truman Show,37165,PG,Comedy;Drama,1998
497,The Conjuring 2,259693,R,Horror,2016
498,No Country for Old Men,6977,R,Crime;Drama;Thriller,2007
499,American Fiction,1056360,R,Comedy;Drama,2023
500,"Snoopy Presents: Welcome Home, Franklin",1128606,G,Animation;Family,2024
501,The Shack,345938,PG-13,Drama;Fantasy,2017
502,The Lobster,254320,R,Comedy;Drama;Romance,2015
503,The Croods: A New Age,529203,PG,Animation;Family;Adventure;Fantasy;Comedy,2020
504,Star Wars: The Last Jedi,181808,PG-13,Adventure;Action;Science Fiction,2017
505,Hell Hath No Fury,877013,R,Action;War,2021
506,The Fifth Element,18,PG-13,Adventure;Fantasy;Action;Thriller;Science Fiction,1997
507,Annabelle: Creation,396422,R,Horror,2017
508,Stand by Me,235,R,Crime;Drama,1986
509,Kandahar,717930,R,Action;Thriller,2023
510,Don't Look Up,646380,R,Comedy;Science Fiction;Drama,2021
511,No One Will Save You,820609,PG-13,Horror;Science Fiction;Thriller,2023
512,Thor,10195,PG-13,Adventure;Fantasy;Action,2011
513,Ted,72105,R,Comedy;Fantasy,2012
514,Scream 2,4233,R,Horror;Mystery,1997
515,Jurassic World: Fallen Kingdom,351286,PG-13,Action;Adventure;Science Fiction;Thriller,2018
516,Tomb Raider,338970,PG-13,Action;Adventure;Fantasy,2018
517,American Pie,2105,R,Comedy;Romance,1999
519,Sneakers,2322,PG-13,Comedy;Crime;Drama,1992
520,Late Night with the Devil,938614,R,Horror,2024
521,Kingdom of Heaven,1495,R,Drama;Action;Adventure;History;War,2005
522,The Predator,346910,R,Science Fiction;Action;Adventure,2018
523,Red Sparrow,401981,R,Thriller;Mystery,2018
524,After We Collided,613504,R,Romance;Drama,2020
525,Wreck-It Ralph,82690,PG,Family;Animation;Comedy;Adventure,2012
526,The Equalizer 2,345887,R,Action;Thriller;Crime,2018
527,The Boss Baby: Family Business,459151,PG,Animation;Comedy;Adventure;Family,2021
528,Fargo,275,R,Crime;Drama;Thriller,1996
529,Man of Steel,49521,PG-13,Action;Adventure;Science Fiction,2013
530,Pixels,257344,PG-13,Action;Comedy;Science Fiction,2015
531,Percy Jackson & the Olympians: The Lightning Thief,32657,PG,Adventure;Fantasy;Family,2010
532,Ice Age: Continental Drift,57800,PG,Animation;Comedy;Adventure;Family,2012
533,The Hunger Games: Catching Fire,101299,PG-13,Adventure;Action;Science Fiction,2013
534,The Hunt,514847,R,Action;Thriller;Horror,2020
535,Furious 7,168259,PG-13,Action;Thriller;Crime,2015
537,Bad Boys for Life,38700,R,Thriller;Action;Crime,2020
538,Bad Boys for Life,38700,R,Thriller;Action;Crime,2020
539,The Dark Knight Rises,49026,PG-13,Action;Crime;Drama;Thriller,2012
540,Boyka: Undisputed IV,348893,R,Action;Drama,2016
541,Guardians of the Galaxy Vol. 2,283995,PG-13,Science Fiction;Adventure;Action,2017
542,Night Swim,1072342,PG-13,Horror,2024
543,Next Goal Wins,621587,PG-13,Comedy;Drama,2023
545,La La Land,313369,PG-13,Comedy;Drama;Romance;Music,2016
546,The Matrix Resurrections,624860,R,Science Fiction;Action;Adventure,2021
547,Spirit: Stallion of the Cimarron,9023,G,Animation;Adventure;Comedy;Family;Drama;Western;Romance,2002
548,I Am Legend,6479,PG-13,Drama;Science Fiction;Thriller,2007
549,Inferno,10908,R,Action;Drama;Romance,1999
550,Species,9348,R,Science Fiction;Horror;Action,1995
551,Léon: The Professional,101,R,Crime;Drama;Action,1994
552,Total Recall,861,R,Action;Adventure;Science Fiction,1990
553,The Departed,1422,R,Drama;Thriller;Crime,2006
554,May December,839369,R,Drama;Comedy,2023
555,Mid-Century,916735,R,Horror;Thriller;Drama;Mystery,2022
556,After Ever Happy,744276,R,Romance;Drama,2022
557,Knox Goes Away,972614,R,Thriller;Crime,2024
558,The Dark Tower,353491,PG-13,Fantasy;Action;Science Fiction,2017
559,Pride & Prejudice,4348,PG,Drama;Romance,2005
561,The Emoji Movie,378236,PG,Animation;Family;Comedy,2017
562,Star Wars: The Force Awakens,140607,PG-13,Adventure;Action;Science Fiction,2015
564,Rush Hour,2109,PG-13,Action;Comedy;Crime,1998
565,Secret of the Wings,75258,G,Animation;Family;Fantasy;Adventure,2012
566,The Abyss,2756,PG-13,Adventure;Action;Thriller;Science Fiction,1989
567,Mulan,337401,PG-13,Adventure;Fantasy;Drama;Action,2020
568,Knives Out,546554,PG-13,Comedy;Crime;Mystery,2019
569,Scouts Guide to the Zombie Apocalypse,273477,R,Comedy;Horror,2015
571,Fear,880100,R,Horror;Drama,2023
572,Star Wars: The Rise of Skywalker,181812,PG-13,Adventure;Action;Science Fiction,2019
573,War of the Worlds,74,PG-13,Adventure;Thriller;Science Fiction,2005
574,Hereditary,493922,R,Horror;Mystery;Thriller,2018
575,Challengers,937287,R,Romance;Drama,2024
576,Rush Hour 2,5175,PG-13,Action;Comedy;Crime,2001
577,American Gangster,4982,R,Drama;Crime,2007
578,Corpse Bride,3933,PG,Romance;Fantasy;Animation,2005
579,Alita: Battle Angel,399579,PG-13,Action;Science Fiction;Adventure,2019
580,X-Men: Days of Future Past,127585,PG-13,Action;Adventure;Science Fiction,2014
581,The Last Samurai,616,R,Drama;Action;War,2003
582,Madagascar,953,PG,Family;Animation;Adventure;Comedy,2005
583,The Incredibles,9806,PG,Action;Adventure;Animation;Family,2004
584,Blended,232672,PG-13,Comedy;Romance,2014
585,Mission: Impossible,954,PG-13,Adventure;Action;Thriller,1996
586,Saltburn,930564,R,Drama;Comedy;Thriller,2023
587,Muzzle,939335,R,Action,2023
589,Muzzle,939335,R,Action,2023
591,Brave,62177,PG,Animation;Adventure;Comedy;Family;Action;Fantasy,2012
592,Project X,57214,R,Comedy,2012
593,Monsters University,62211,G,Animation;Family,2013
594,The SpongeBob SquarePants Movie,11836,PG,Family;Animation;Comedy;Fantasy;Adventure,2004
595,American Psycho,1359,R,Thriller;Drama;Crime,2000
596,Jumanji: Welcome to the Jungle,353486,PG-13,Adventure;Comedy;Fantasy,2017
597,The Walking Dead: The Return,1246596,R,Documentary,2024
598,A Quiet Place Part II,520763,PG-13,Science Fiction;Thriller;Horror,2021
599,A Beautiful Mind,453,PG-13,Drama;Romance,2001
600,Hidden Figures,381284,PG,Drama;History,2016
601,The Garfield Movie,748783,PG,Animation;Comedy;Family;Adventure,2024
602,The Curious Case of Benjamin Button,4922,PG-13,Drama;Fantasy;Romance,2008
603,Insidious: The Red Door,614479,PG-13,Horror;Mystery;Thriller,2023
604,Meet Joe Black,297,PG-13,Fantasy;Drama;Romance,1998
605,Insurgent,262500,PG-13,Action;Adventure;Science Fiction;Thriller,2015
606,Now You See Me,75656,PG-13,Thriller;Crime,2013
607,Aladdin,420817,PG,Adventure;Fantasy;Romance;Family,2019
608,How to Train Your Dragon,10191,PG,Fantasy;Adventure;Animation;Family,2010
609,Glass,450465,PG-13,Thriller;Drama;Science Fiction,2019
611,Ice Age: The Meltdown,950,PG,Animation;Family;Comedy;Adventure,2006
612,The Whale,785084,R,Drama,2022
613,Troy,652,R,Adventure;History;War;Action,2004
614,Independence Day,602,PG-13,Action;Adventure;Science Fiction,1996
615,Rambo,7555,R,Action;Thriller;War,2008
616,Ready Player One,333339,PG-13,Adventure;Action;Science Fiction,2018
617,Ready or Not,567609,R,Comedy;Horror;Thriller,2019
618,Life,395992,R,Horror;Science Fiction;Mystery;Thriller,2017
619,The Rock,9802,R,Action;Adventure;Thriller,1996
620,Zombieland,19908,R,Comedy;Horror,2009
621,57 Seconds,937249,R,Thriller;Science Fiction;Action,2023
622,Rush Hour 3,5174,PG-13,Action;Comedy;Crime,2007
623,Watchmen,13183,R,Action;Mystery;Science Fiction,2009
624,The Darkest Minds,445651,PG-13,Action;Adventure;Drama,2018
625,Beetlejuice,4011,PG,Fantasy;Comedy,1988
626,Infinite,581726,PG-13,Science Fiction;Action;Thriller,2021
627,Aladdin,812,G,Animation;Family;Adventure;Fantasy;Romance,1992
628,Black Hawk Down,855,R,Action;War;History,2001
629,Ghostbusters II,2978,PG,Comedy;Fantasy,1989
630,The Mask,854,PG-13,Romance;Comedy;Crime;Fantasy,1994
631,The Prestige,1124,PG-13,Drama;Mystery;Science Fiction,2006
633,Geostorm,274855,PG-13,Action;Science Fiction;Thriller,2017
634,Hocus Pocus 2,642885,PG,Fantasy;Comedy;Family,2022
635,Rampage,427641,PG-13,Action;Adventure;Science Fiction,2018
636,Ocean's Eleven,161,PG-13,Thriller;Crime,2001
637,Edge of Tomorrow,137113,PG-13,Action;Science Fiction,2014
638,The Interview,228967,R,Action;Comedy,2014
639,The Simpsons Movie,35,PG-13,Animation;Comedy;Family,2007
640,Peter Rabbit 2: The Runaway,522478,PG,Family;Comedy;Adventure;Animation,2021
641,Tropic Thunder,7446,R,Action;Comedy;Adventure;War,2008
642,Scream,646385,R,Horror;Mystery;Thriller,2022
643,Maleficent,102651,PG,Fantasy;Adventure;Action;Family;Romance,2014
644,Paper Towns,286565,PG-13,Mystery;Drama;Romance,2015
645,Pearl,949423,R,Horror;Drama,2022
646,True Romance,319,R,Action;Crime;Romance,1993
647,The Ice Age Adventures of Buck Wild,774825,PG,Animation;Comedy;Adventure;Family,2022
648,Frida,1214523,R,Documentary,2024
649,The Idea of You,843527,R,Romance;Comedy;Drama,2024
650,Incredibles 2,260513,PG,Action;Adventure;Animation;Family,2018
651,Flamin' Hot,626332,PG-13,Comedy;Drama,2023
652,Madagascar: Escape 2 Africa,10527,PG,Family;Adventure;Animation;Comedy,2008
653,13 Hours: The Secret Soldiers of Benghazi,300671,R,War;Action;History;Drama,2016
654,Hercules,184315,PG-13,Action;Adventure,2014
655,Lilo & Stitch,11544,PG,Animation;Family,2002
656,Brother Bear,10009,G,Adventure;Animation;Family,2003
657,2012,14161,PG-13,Action;Adventure;Science Fiction,2009
658,Mortal Kombat Legends: Scorpion's Revenge,664767,R,Animation;Action;Fantasy,2020
659,American Pie Presents: The Naked Mile,8275,R,Comedy,2006
660,Kingsman: The Golden Circle,343668,R,Action;Adventure;Comedy,2017
661,Tom & Jerry,587807,PG,Comedy;Family;Animation,2021
662,Jupiter Ascending,76757,PG-13,Science Fiction;Fantasy;Action,2015
663,Jupiter Ascending,76757,PG-13,Science Fiction;Fantasy;Action,2015
664,The Mummy Returns,1734,PG-13,Adventure;Action;Fantasy,2001
665,The Parent Trap,9820,PG,Comedy;Family;Romance,1998
666,Wrong Turn,630586,R,Horror;Thriller,2021
667,The Hunger Games: Mockingjay - Part 2,131634,PG-13,Action;Adventure;Science Fiction,2015
668,Back to the Future Part II,165,PG,Adventure;Comedy;Science Fiction,1989
669,Constantine,561,R,Fantasy;Action;Horror,2005
670,Thriller Night,118249,G,Animation;Music;Horror;Comedy,2011
671,Midsommar,530385,R,Horror;Drama;Mystery,2019
672,Maleficent: Mistress of Evil,420809,PG,Family;Fantasy;Adventure;Action,2019
673,Pokémon Detective Pikachu,447404,PG,Action;Adventure;Fantasy,2019
674,Contagion,39538,PG-13,Drama;Thriller;Science Fiction,2011
676,Hypnotic,536437,R,Mystery;Thriller;Action;Science Fiction,2023
677,Rambo III,1370,R,Action;Adventure;Thriller;War,1988
678,Thor: The Dark World,76338,PG-13,Action;Adventure;Fantasy,2013
679,Oblivion,75612,PG-13,Action;Science Fiction;Adventure;Mystery,2013
680,The Greatest Game Ever Played,15487,PG,Drama,2005
681,Birds of Prey (and the Fantabulous Emancipation of One Harley Quinn),495764,R,Action;Crime,2020
682,The Great Wall,311324,PG-13,Action;Adventure;Fantasy,2016
683,Taken 2,82675,PG-13,Action;Crime;Thriller,2012
684,Breathe,720321,PG-13,Science Fiction;Mystery;Thriller,2024
685,Descendants 3,506574,PG,Family;TV Movie;Adventure;Fantasy,2019
686,Need for Speed,136797,PG-13,Action;Crime;Drama;Thriller,2014
687,Rambo: First Blood Part II,1369,R,Action;Adventure;Thriller;War,1985
688,The Iron Giant,10386,PG,Family;Animation;Science Fiction;Adventure,1999
689,Texas Chainsaw 3D,76617,R,Horror;Thriller,2013
690,Journey 2: The Mysterious Island,72545,PG,Adventure;Action;Science Fiction,2012
691,The Northman,639933,R,Action;Adventure;Fantasy,2022
692,Call Me by Your Name,398818,R,Romance;Drama,2017
693,Edward Scissorhands,162,PG-13,Fantasy;Drama;Romance,1990
694,Drive,64690,R,Drama;Thriller;Crime,2011
695,Madagascar 3: Europe's Most Wanted,80321,PG,Animation;Family;Comedy;Adventure,2012
696,Rings,14564,PG-13,Horror,2017
697,Teenage Mutant Ninja Turtles: Out of the Shadows,308531,PG-13,Action;Adventure;Comedy;Family;Science Fiction,2016
698,Men in Black,607,PG-13,Action;Adventure;Comedy;Science Fiction,1997
699,Colonia,318781,R,Drama;History,2015
700,The Boy in the Striped Pyjamas,14574,PG-13,Drama;War;History,2008
701,Indiana Jones and the Last Crusade,89,PG-13,Adventure;Action,1989
702,The Expendables,27578,R,Thriller;Adventure;Action,2010
704,Creed,312221,PG-13,Action;Drama,2015
706,Tomorrowland,158852,PG,Adventure;Family;Mystery;Science Fiction,2015
707,Transformers: The Last Knight,335988,PG-13,Action;Adventure;Science Fiction,2017
708,Quantum of Solace,10764,PG-13,Adventure;Action;Thriller;Crime,2008
709,Twister,664,PG-13,Action;Adventure;Drama,1996
710,The SpongeBob Movie: Sponge on the Run,400160,PG,Family;Animation;Fantasy;Adventure;Comedy,2020
711,The Meg,345940,PG-13,Action;Science Fiction;Horror,2018
712,A Good Day to Die Hard,47964,R,Action;Thriller,2013
713,Descendants,277217,G,Family;Music;Adventure;Comedy;Fantasy;TV Movie,2015
714,Hansel & Gretel: Witch Hunters,60304,R,Fantasy;Horror;Action,2013
716,Underworld,277,R,Fantasy;Action;Thriller,2003
717,The Hangover Part II,45243,R,Comedy,2011
718,American Wedding,8273,R,Comedy;Romance,2003
719,Shark Tale,10555,PG,Animation;Action;Comedy;Family,2004
720,Casino Royale,36557,PG-13,Adventure;Action;Thriller,2006
721,The Matrix Reloaded,604,R,Adventure;Action;Thriller;Science Fiction,2003
722,Spiral: From the Book of Saw,602734,R,Horror;Crime;Mystery,2021
723,Just Go with It,50546,PG-13,Comedy;Romance,2011
724,Maestro,523607,R,Drama;Romance;Music,2023
725,Ralph Breaks the Internet,404368,PG,Family;Animation;Comedy;Adventure,2018
726,Snatch,107,R,Crime;Comedy,2000
727,Angel Heart,635,R,Horror;Mystery,1987
728,The Menu,593643,R,Comedy;Thriller;Horror,2022
729,Legally Blonde,8835,PG-13,Comedy;Romance,2001
730,Rio,46195,G,Animation;Adventure;Comedy;Family,2011
731,The Purge: Election Year,316727,R,Action;Horror;Thriller,2016
732,Players,843617,R,Romance;Comedy,2024
733,Monster Hunter,458576,PG-13,Action;Fantasy;Adventure,2020
734,Hellboy,456740,R,Fantasy;Horror;Action;Adventure,2019
735,The Patriot,2024,R,Drama;History;War;Action,2000
736,Suburbicon,395458,R,Thriller;Crime;Drama;Mystery,2017
737,Dredd,49049,R,Action;Science Fiction,2012
738,Beast,760741,R,Thriller;Action;Horror,2022
739,After.Life,36419,R,Drama;Horror;Mystery;Thriller,2009
740,Beautiful Disaster,1016121,R,Romance;Drama;Comedy,2023
741,The Fate of the Furious,337339,PG-13,Action;Crime;Thriller,2017
742,Tinker Bell and the Lost Treasure,25475,G,Animation;Family;Adventure;Fantasy,2009
744,Dumb and Dumber,8467,PG-13,Comedy,1994
745,Tinker Bell,13179,G,Animation;Family;Adventure;Fantasy,2008
747,Bolt,13053,PG,Animation;Family;Adventure;Comedy,2008
748,Click,9339,PG-13,Comedy;Drama;Fantasy,2006
749,Scary Movie,4247,R,Comedy,2000
750,Cloudy with a Chance of Meatballs 2,109451,PG,Animation;Family;Comedy,2013
751,Sherlock Holmes,10528,PG-13,Action;Adventure;Crime;Mystery,2009
752,Smile,882598,R,Horror;Mystery;Thriller,2022
753,Armageddon,95,PG-13,Action;Thriller;Science Fiction;Adventure,1998
755,Wind River,395834,R,Crime;Drama;Mystery;Thriller,2017
756,Nightcrawler,242582,R,Crime;Drama;Thriller,2014
757,The Irishman,398978,R,Crime;Drama;History,2019
758,Knock Knock,263472,R,Thriller;Horror,2015
759,The Fabelmans,804095,PG-13,Drama,2022
760,Immaculate,1041613,R,Horror;Mystery;Thriller,2024
761,Jigsaw,298250,R,Horror;Mystery;Thriller,2017
762,A Haunting in Venice,945729,PG-13,Mystery;Thriller;Crime,2023
763,Evil Dead,109428,R,Horror,2013
764,Priscilla,1020006,R,Drama;Romance;Music,2023
766,Plane,646389,R,Action,2023
767,Army of Thieves,796499,R,Action;Thriller;Crime;Comedy,2021
768,Knock at the Cabin,631842,R,Thriller;Mystery;Horror,2023
769,Pacific Rim: Uprising,268896,PG-13,Action;Fantasy;Science Fiction;Adventure,2018
770,John Wick,245891,R,Action;Thriller,2014
771,Wrong Turn,9902,R,Horror;Thriller,2003
772,Now You See Me 2,291805,PG-13,Crime;Thriller;Action;Mystery,2016
773,Wifelike,1001835,R,Science Fiction;Mystery;Thriller,2022
774,Warcraft,68735,PG-13,Action;Adventure;Fantasy,2016
775,Life in a Year,447362,PG-13,Drama;Romance,2020
776,All of Us Strangers,994108,R,Romance;Drama;Fantasy,2023
777,65,700391,PG-13,Science Fiction;Action;Thriller,2023
778,Star Wars: Episode III - Revenge of the Sith,1895,PG-13,Adventure;Action;Science Fiction,2005
779,Dunkirk,374720,PG-13,War;Action;Drama,2017
780,Mission: Impossible - Rogue Nation,177677,PG-13,Action;Adventure,2015
781,Mission: Impossible - Ghost Protocol,56292,PG-13,Action;Thriller;Adventure,2011
782,The Incredible Hulk,1724,PG-13,Science Fiction;Action;Adventure,2008
783,Battleship,44833,PG-13,Thriller;Action;Adventure;Science Fiction,2012
784,Insidious: The Last Key,406563,PG-13,Horror;Mystery;Thriller,2018
785,Independence Day: Resurgence,47933,PG-13,Action;Adventure;Science Fiction,2016
786,The Inventor,676727,PG,Animation;Drama;Family;History,2023
787,Sex Tape,225886,R,Comedy,2014
788,Hotel Transylvania,76492,PG,Animation;Comedy;Family;Fantasy,2012
789,The Inventor,676727,PG,Animation;Drama;Family;History,2023
790,Sex Tape,225886,R,Comedy,2014
791,Hotel Transylvania,76492,PG,Animation;Comedy;Family;Fantasy,2012
792,Operation Fortune: Ruse de Guerre,739405,R,Action;Thriller;Comedy;Adventure,2023
793,The Help,50014,PG-13,Drama,2011
794,The Nightmare Before Christmas,9479,PG,Fantasy;Animation;Family,1993
795,Ice Age: Collision Course,278154,PG,Adventure;Animation;Family;Comedy,2016
796,Fantastic Beasts: The Crimes of Grindelwald,338952,PG-13,Fantasy;Adventure,2018
797,Greyhound,516486,PG-13,War;Action;Drama,2020
798,The Fly,9426,R,Horror;Science Fiction,1986
799,The Grand Budapest Hotel,120467,R,Comedy;Drama,2014
800,Three Thousand Years of Longing,556694,R,Drama;Fantasy;Romance,2022
802,Highlander,8009,R,Adventure;Action;Fantasy,1986
804,Highlander,8009,R,Adventure;Action;Fantasy,1986
805,The Grey,75174,R,Drama;Thriller;Action;Adventure,2012
807,Shooter,7485,R,Drama;Action;Thriller,2007
808,Rambo: Last Blood,522938,R,Action;Thriller;Drama,2019
809,Ant-Man,102899,PG-13,Science Fiction;Action;Adventure,2015
810,Puss in Boots,417859,PG,Animation;Family;Fantasy;Adventure;Comedy,2011
811,Sicario: Day of the Soldado,400535,R,Action;Crime;Thriller,2018
812,Central Intelligence,302699,PG-13,Action;Comedy;Crime;Mystery,2016
813,Infinity Pool,667216,R,Horror;Science Fiction,2023
815,Meet the Robinsons,1267,G,Animation;Comedy;Family,2007
816,"South Park: Bigger, Longer & Uncut",9473,R,Animation;Comedy,1999
817,Uncut Gems,473033,R,Drama;Thriller;Crime,2019
818,About Time,122906,R,Drama;Romance;Fantasy,2013
820,Get Real,24584,R,Drama;Romance,1998
821,The Proposal,18240,PG-13,Comedy;Romance;Drama,2009
822,Alien Resurrection,8078,R,Science Fiction;Horror;Action,1997
823,White Boy Rick,438808,R,Crime;Drama,2018
824,A Haunted House 2,184345,R,Comedy;Horror,2014
825,Trolls World Tour,446893,PG,Family;Animation;Comedy;Fantasy;Adventure;Music,2020
826,El padrino,79026,R,Action;Crime;Drama,2004
827,Star Trek Beyond,188927,PG-13,Action;Adventure;Science Fiction,2016
828,Dawn of the Dead,924,R,Action;Horror;Drama,2004
829,The Good Dinosaur,105864,PG,Adventure;Animation;Family,2015
830,Daredevil,9480,PG-13,Fantasy;Action,2003
831,The Lego Batman Movie,324849,PG,Animation;Action;Comedy;Family,2017
832,Robots,9928,PG,Animation;Comedy;Family;Science Fiction,2005
833,White House Down,117251,PG-13,Action;Drama;Thriller,2013
834,The Woman King,724495,PG-13,Action;Drama;History,2022
835,The Grinch,360920,PG,Animation;Family;Comedy;Fantasy,2018
836,Hachi: A Dog's Tale,28178,G,Drama;Family,2009
837,Strays,912908,R,Comedy;Adventure,2023
838,Divergent,157350,PG-13,Action;Adventure;Science Fiction,2014
839,Blue Lagoon: The Awakening,115290,PG-13,Drama;Adventure;Romance;TV Movie,2012
840,Allegiant,262504,PG-13,Adventure;Science Fiction;Action;Mystery,2016
841,Coming to America,9602,R,Comedy;Romance,1988
842,Captain America: The First Avenger,1771,PG-13,Action;Adventure;Science Fiction,2011
843,Scary Movie 2,4248,R,Comedy,2001
844,Austin Powers: The Spy Who Shagged Me,817,PG-13,Adventure;Comedy;Crime;Science Fiction,1999
845,American Pie Presents: Girls' Rules,660982,R,Comedy,2020
846,Predators,34851,R,Science Fiction;Action;Thriller,2010
848,"Red, White & Royal Blue",930094,R,Comedy;Romance,2023
849,Terrifier 2,663712,R,Horror;Thriller,2022
850,Sleeping Dogs,978592,R,Mystery;Thriller;Crime;Drama,2024
851,One Day,51828,PG-13,Drama;Romance,2011
852,The Croods,49519,PG,Animation;Adventure;Family;Fantasy;Comedy;Action,2013
853,The Boys in the Boat,823452,PG-13,Drama;History,2023
854,Wrong Turn 3: Left for Dead,23823,NC-17,Horror;Thriller,2009
855,Miracles from Heaven,339984,PG,Family;Drama,2016
856,The Fallout,795514,R,Drama,2021
857,The Hunchback of Notre Dame,10545,G,Drama;Animation;Family,1996
859,Collateral Beauty,345920,PG-13,Drama;Romance,2016
860,American History X,73,R,Drama,1998
861,Monsters vs Aliens,15512,PG,Animation;Family;Adventure;Science Fiction,2009
862,Bride of Chucky,11932,R,Comedy;Horror;Romance,1998
863,The Hangover Part III,109439,R,Comedy,2013
864,Superbad,8363,R,Comedy,2007
865,Valerian and the City of a Thousand Planets,339964,PG-13,Adventure;Science Fiction;Action,2017
866,Cult Killer,1059345,R,Mystery;Thriller;Crime;Horror,2024
867,Cult Killer,1059345,R,Mystery;Thriller;Crime;Horror,2024
868,The Prince of Egypt,9837,PG,Adventure;Animation;Drama;Family,1998
869,Die Hard: With a Vengeance,1572,R,Action;Thriller,1995
870,The Underdoggs,1007826,R,Comedy,2024
871,The Chronicles of Narnia: Prince Caspian,2454,PG,Adventure;Family;Fantasy,2008
872,Mortal Kombat,460465,R,Action;Fantasy;Adventure,2021
873,Palmer,458220,R,Drama,2021
874,Space Jam: A New Legacy,379686,PG,Family;Animation;Comedy;Science Fiction,2021
875,TAYLOR SWIFT | THE ERAS TOUR,1160164,PG-13,Music,2023
876,Kill Bill: Vol. 1,24,R,Action;Crime,2003
877,Renfield,649609,R,Comedy;Horror,2023
878,Den of Thieves,449443,R,Action;Crime;Thriller,2018
879,Face of Evil,534205,R,Thriller;Horror,2016
880,Daddy's Home 2,419680,PG-13,Comedy,2017
881,Jack Reacher,75780,PG-13,Crime;Drama;Thriller;Action,2012
883,Blue Velvet,793,R,Crime;Drama;Mystery;Thriller,1986
884,Her,152601,R,Romance;Science Fiction;Drama,2013
886,Snake Eyes: G.I. Joe Origins,568620,PG-13,Action;Adventure,2021
887,Saw,176,R,Horror;Mystery;Crime,2004
888,M3GAN,536554,PG-13,Science Fiction;Horror,2022
889,Wild Card,265208,R,Thriller;Crime;Action,2015
890,Joseph: King of Dreams,16366,G,Family;Animation;Fantasy,2000
891,TRON: Legacy,20526,PG,Adventure;Action;Science Fiction,2010
892,Point Break,1089,R,Action;Thriller;Crime,1991
893,The Pianist,423,R,Drama;War,2002
895,Angel Has Fallen,423204,R,Action;Thriller,2019
896,Flushed Away,11619,PG,Adventure;Animation;Comedy;Family,2006
897,Terminator: Dark Fate,290859,R,Science Fiction;Action,2019
898,Jeepers Creepers 2,11351,R,Horror;Thriller,2003
899,The Sixth Sense,745,PG-13,Mystery;Thriller;Drama,1999
900,The Gray Man,725201,PG-13,Action;Thriller,2022
901,Jason Bourne,324668,PG-13,Action;Thriller,2016
902,The Secret Life of Pets 2,412117,PG,Adventure;Animation;Comedy;Family,2019
903,Don't Breathe 2,482373,R,Thriller;Horror,2021
904,Sausage Party,223702,R,Adventure;Animation;Comedy;Fantasy,2016
905,Southpaw,307081,R,Action;Drama,2015
908,A Bronx Tale,1607,R,Drama;Crime,1993
909,Underworld: Blood Wars,346672,R,Fantasy;Action;Thriller;Horror,2016
910,The Devil's Advocate,1813,R,Drama;Mystery;Thriller;Horror,1997
911,Elvis,614934,PG-13,Drama;Music;History,2022
912,Kick-Ass,23483,R,Action;Crime,2010
914,The Jungle Book,278927,PG,Family;Adventure;Drama;Fantasy;Animation,2016
915,Bridge to Terabithia,1265,PG,Adventure;Drama;Family,2007
916,300: Rise of an Empire,53182,R,Action;Drama;War,2014
917,Camp Pleasant Lake,1196646,R,Horror,2024
918,Teen Wolf,11824,PG,Comedy;Fantasy;Romance,1985
919,Aliens vs Predator: Requiem,440,R,Fantasy;Action;Science Fiction;Thriller;Horror,2007
920,Descendants 2,417320,G,Family;Music;Fantasy;TV Movie;Adventure;Action;Romance,2017
921,Braveheart,197,R,Action;Drama;History;War,1995
923,A Walk to Remember,10229,PG,Drama;Romance,2002
924,Rango,44896,PG,Animation;Comedy;Family;Western;Adventure,2011
925,Reservoir Dogs,500,R,Crime;Thriller,1992
926,Cop Land,2142,R,Crime;Drama;Mystery,1997
927,10 Things I Hate About You,4951,PG-13,Comedy;Romance;Drama,1999
928,Mulan II,12242,G,Animation;Comedy;Family;Action,2004
930,10 Things I Hate About You,4951,PG-13,Comedy;Romance;Drama,1999
931,Mulan II,12242,G,Animation;Comedy;Family;Action,2004
933,I Spit on Your Grave,43947,R,Thriller;Crime;Horror,2010
934,Pinocchio,532639,PG,Fantasy;Adventure;Family,2022
935,Hitman: Agent 47,249070,R,Action;Crime;Thriller,2015
936,The Social Network,37799,PG-13,Drama,2010
937,Star Trek,13475,PG-13,Science Fiction;Action;Adventure,2009
938,Bound,9303,R,Drama;Thriller;Crime,1996
939,The Island,1635,PG-13,Action;Thriller;Science Fiction;Adventure,2005
941,The Intern,257211,PG-13,Comedy,2015
942,Hotel Transylvania 2,159824,PG,Animation;Comedy;Family;Fantasy,2015
943,Home,228161,PG,Fantasy;Comedy;Animation;Science Fiction;Family,2015
944,V/H/S/94,753453,R,Horror;Thriller,2021
945,Superfast!,325358,PG-13,Comedy;Action,2015
946,The Black Phone,756999,R,Horror;Thriller,2022
947,Unbreakable,9741,PG-13,Thriller;Drama;Mystery,2000
948,The Lost City,752623,PG-13,Action;Adventure;Comedy,2022
949,Clash of the Titans,18823,PG-13,Adventure;Fantasy;Action,2010
950,The School for Good and Evil,779782,PG-13,Fantasy;Comedy;Adventure;Drama,2022
951,Batman,268,PG-13,Fantasy;Action;Crime,1989
952,The Butterfly Effect,1954,R,Science Fiction;Thriller,2004
954,Red Notice,512195,PG-13,Action;Comedy;Crime,2021
955,The Blind Side,22881,PG-13,Drama,2009
956,Terminator 3: Rise of the Machines,296,R,Action;Thriller;Science Fiction,2003
957,Movie 43,87818,R,Comedy,2013
958,Violent Night,899112,R,Action;Comedy;Crime;Fantasy,2022
959,The Sorcerer's Apprentice,27022,PG,Fantasy;Adventure;Action,2010
960,Fired Up!,17927,PG-13,Comedy,2009
961,Fired Up!,17927,PG-13,Comedy,2009
963,The Town,23168,R,Crime;Drama;Thriller,2010
964,Cinderella,593910,PG,Fantasy;Romance;Comedy,2021
965,The New Mutants,340102,R,Science Fiction;Horror;Action;Mystery;Adventure,2020
966,Bad Boys,9737,R,Action;Comedy;Crime;Thriller,1995
967,Out of Darkness,823491,R,Horror;Thriller,2024
968,Speed,1637,R,Action;Adventure;Crime,1994
969,Treasure Planet,9016,PG,Adventure;Animation;Family;Fantasy;Science Fiction,2002
970,Mission: Impossible II,955,PG-13,Adventure;Action;Thriller,2000
971,Miss Peregrine's Home for Peculiar Children,283366,PG-13,Fantasy;Adventure,2016
972,Insidious,49018,PG-13,Horror;Thriller,2011
973,Batman & Robin,415,PG-13,Action;Science Fiction;Adventure,1997
974,Chicken Little,9982,G,Animation;Family;Comedy,2005
975,Matilda,10830,PG,Comedy;Family;Fantasy,1996
976,Desperation Road,1039690,R,Thriller;Action;Crime;Drama,2023
977,Indiana Jones and the Kingdom of the Crystal Skull,217,PG-13,Adventure;Action,2008
979,Desperation Road,1039690,R,Thriller;Action;Crime;Drama,2023
980,Indiana Jones and the Kingdom of the Crystal Skull,217,PG-13,Adventure;Action,2008
982,9,12244,PG-13,Action;Adventure;Animation;Science Fiction;Thriller,2009
984,Fantastic Four,9738,PG-13,Action;Fantasy;Science Fiction,2005
985,Trolls,136799,PG,Family;Animation;Fantasy;Adventure;Comedy;Music,2016
986,Don't Be a Menace to South Central While Drinking Your Juice in the Hood,10607,R,Comedy,1996
987,Beau Is Afraid,798286,R,Comedy;Adventure;Fantasy,2023
988,Crank,1948,R,Action;Thriller;Crime,2006
989,The Survivor,606870,R,History;Action;Drama,2022
990,The Greatest Showman,316029,PG,Drama,2017
991,Ouija,242512,PG-13,Horror,2014
992,Barbie in the 12 Dancing Princesses,13002,G,Animation;Family,2006
993,The Da Vinci Code,591,PG-13,Thriller;Mystery,2006
994,The Human Centipede 2 (Full Sequence),74997,R,Drama;Horror;Crime,2011
995,300,1271,R,Action;Adventure;War,2007
996,The Mist,5876,R,Horror;Science Fiction;Thriller,2007
997,Olympus Has Fallen,117263,R,Action;Thriller,2013
998,Warhorse One,1076487,R,War;Action;Drama,2023
1000,The Double Life of My Billionaire Husband,1189214,PG-13,Romance;Drama,2023
1001,Sanctum,48340,R,Action;Thriller,2011
1002,Die Another Day,36669,PG-13,Adventure;Action;Thriller,2002
1003,Along Came Polly,5966,PG-13,Comedy;Romance,2004
1004,Butcher's Crossing,843846,R,Western;Drama,2023
1005,Emancipation,715931,R,Drama;War;History,2022
1006,Monster House,9297,PG,Animation;Comedy;Family;Fantasy,2006
1007,Undisputed III: Redemption,38234,R,Action;Thriller,2010
1008,Time Trap,455839,R,Science Fiction;Adventure,2018
1009,Dirty Dancing,88,PG-13,Drama;Music;Romance,1987
1010,The Expendables 3,138103,PG-13,Action;Adventure;Thriller,2014
1011,Rumble Through the Dark,844416,R,Thriller;Action,2023
1012,Teen Titans: Trouble in Tokyo,16237,G,Animation;Action;Science Fiction;TV Movie,2006
1013,The Last Airbender,10196,PG,Action;Adventure;Fantasy,2010
1014,Zombieland: Double Tap,338967,R,Comedy;Horror,2019
1015,CODA,776503,PG-13,Drama;Music;Romance,2021
1016,The Punisher,7220,R,Action;Crime;Drama,2004
1017,In the Land of Saints and Sinners,1027073,R,Action;Thriller,2023
1018,Blockers,437557,R,Comedy,2018
1019,American Pie 2,2770,R,Comedy;Romance,2001
1020,Booksmart,505600,R,Comedy,2019
1021,Saw VI,22804,R,Horror;Thriller,2009
1022,The Magnificent Seven,333484,PG-13,Adventure;Action;Western,2016
1023,Rise of the Guardians,81188,PG,Family;Animation;Fantasy;Action;Adventure,2012
1024,Prince of Persia: The Sands of Time,9543,PG-13,Adventure;Fantasy;Action,2010
1025,Interview with the Vampire,628,R,Horror;Drama;Fantasy,1994
1026,American Reunion,71552,R,Comedy,2012
1027,John Carter,49529,PG-13,Action;Adventure;Science Fiction,2012
1028,The Hateful Eight,273248,R,Drama;Mystery;Western,2015
1029,V for Vendetta,752,R,Action;Thriller;Science Fiction,2006
1030,Star Trek Into Darkness,54138,PG-13,Action;Adventure;Science Fiction,2013
1031,The Lovely Bones,7980,PG-13,Fantasy;Drama,2009
1032,The American,27579,R,Crime;Drama;Thriller,2010
1033,Way Down,630004,R,Drama;Action;Thriller,2021
1034,We're the Millers,138832,R,Comedy;Crime,2013
1035,Never Back Down: No Surrender,391757,R,Drama;Action,2016
1036,Ferrari,365620,R,History;Drama,2023
1037,Crooklyn,34152,PG-13,Comedy;Drama,1994
1039,Cobweb,709631,R,Horror,2023
1040,The Usual Suspects,629,R,Drama;Crime;Thriller,1995
1041,Die Hard 2,1573,R,Action;Thriller,1990
1042,Jolt,617502,R,Action;Thriller,2021
1043,Orphan,21208,R,Horror;Thriller;Mystery,2009
1044,Limitless,51876,PG-13,Thriller;Mystery;Science Fiction,2011
1045,Alien³,8077,R,Science Fiction;Action;Horror,1992
1046,Chaos Walking,412656,PG-13,Fantasy;Science Fiction;Adventure,2021
1047,Batman Forever,414,PG-13,Action;Crime;Fantasy,1995
1048,Saw 3D,41439,R,Horror;Crime,2010
1049,Apache Junction,866038,R,Western;Action;Crime,2021
1050,Samaritan,629176,PG-13,Science Fiction;Crime;Action,2022
1051,The Shape of Water,399055,R,Drama;Fantasy;Romance,2017
1052,Apache Junction,866038,R,Western;Action;Crime,2021
1053,Samaritan,629176,PG-13,Science Fiction;Crime;Action,2022
1054,The Shape of Water,399055,R,Drama;Fantasy;Romance,2017
1055,District 9,17654,R,Science Fiction,2009
1056,Little Man,9072,PG-13,Comedy;Crime,2006
1057,Love and Monsters,590223,PG-13,Comedy;Action;Adventure;Science Fiction,2020
1058,Ghost Rider,1250,PG-13,Thriller;Action;Fantasy,2007
1059,Disobedience,419743,R,Drama;Romance,2018
1060,The Matrix Revolutions,605,R,Adventure;Action;Thriller;Science Fiction,2003
1061,Girl in the Basement,801335,PG-13,Thriller;Crime;TV Movie,2021
1062,Once Upon a Deadpool,567604,PG-13,Comedy;Action;Adventure,2018
1063,Robin Hood: Prince of Thieves,8367,PG-13,Action;Adventure;Drama,1991
1064,Kill Bill: Vol. 2,393,R,Action;Crime;Thriller,2004
1065,Hellraiser,338947,R,Horror;Mystery,2022
1066,War Dogs,308266,R,Comedy;Crime;Drama,2016
1067,Wrong Turn 5: Bloodlines,125509,R,Horror;Thriller,2012
1070,Birdman or (The Unexpected Virtue of Ignorance),194662,R,Drama;Comedy,2014
1071,The Remaining,280002,PG-13,Thriller;Horror,2014
1072,Jungle Cruise,451048,PG-13,Action;Adventure;Fantasy,2021
1073,Wish Dragon,550205,PG,Animation;Family;Comedy;Fantasy,2021
1074,G.I. Joe: Retaliation,72559,PG-13,Action;Science Fiction;Adventure,2013
1075,Cell,168098,R,Horror;Science Fiction;Thriller,2016
1076,Long Shot,459992,R,Comedy;Romance,2019
1078,Mechanic: Resurrection,278924,R,Action;Crime;Thriller,2016
1080,Memory,818397,R,Action;Thriller;Crime,2022
1082,Perfume: The Story of a Murderer,1427,R,Crime;Fantasy;Drama,2006
1084,The SpongeBob Movie: Sponge Out of Water,228165,PG,Family;Adventure;Comedy;Fantasy;Animation,2015
1085,The Autopsy of Jane Doe,397243,R,Horror;Mystery,2016
1086,(500) Days of Summer,19913,PG-13,Comedy;Drama;Romance,2009
1087,Alvin and the Chipmunks,6477,PG,Comedy;Family;Fantasy;Animation,2007
1089,DC League of Super-Pets,539681,PG,Animation;Action;Family;Comedy;Science Fiction,2022
1090,Tusk,246403,R,Comedy;Horror,2014
1091,Wrong Turn 4: Bloody Beginnings,71672,R,Horror;Thriller,2011
1092,American Pie Presents: Beta House,8277,R,Comedy,2007
1093,Bruce Almighty,310,PG-13,Fantasy;Comedy,2003
1094,The Purge: Anarchy,238636,R,Horror;Thriller,2014
1095,The Road to El Dorado,10501,PG,Family;Adventure;Animation;Comedy;Fantasy,2000
1096,The Road to El Dorado,10501,PG,Family;Adventure;Animation;Comedy;Fantasy,2000
1097,Shotgun Wedding,758009,R,Action;Comedy;Romance,2022
1098,Mulholland Drive,1018,R,Thriller;Drama;Mystery,2001
1099,The World Is Not Enough,36643,PG-13,Adventure;Action;Thriller,1999
1100,The Pursuit of Happyness,1402,PG-13,Drama,2006
1101,Five Feet Apart,527641,PG-13,Romance;Drama,2019
1102,Lamborghini: The Man Behind the Legend,457232,R,Drama;History,2022
1103,Angels & Demons,13448,PG-13,Thriller;Mystery,2009
1104,How the Grinch Stole Christmas,8871,PG,Family;Comedy;Fantasy,2000
1105,The Chronicles of Narnia: The Voyage of the Dawn Treader,10140,PG,Adventure;Family;Fantasy,2010
1106,The Forever Purge,602223,R,Horror;Action;Thriller,2021
1107,Bee Movie,5559,PG,Family;Animation;Adventure;Comedy,2007
1108,Prey for the Devil,676547,PG-13,Horror;Thriller,2022
1109,The Ring Two,10320,PG-13,Drama;Horror;Thriller,2005
1110,Boss Level,513310,R,Action;Science Fiction;Thriller,2021
1111,Love Actually,508,R,Comedy;Romance;Drama,2003
1112,Freddy vs. Jason,6466,R,Horror,2003
1113,Cloud Atlas,83542,R,Drama;Science Fiction,2012
1114,Cult of Chucky,393345,R,Horror;Thriller;Comedy,2017
1115,Rio 2,172385,G,Animation;Adventure;Comedy;Family,2014
1116,What Jennifer Did,1261924,R,Documentary;Crime,2024
1117,Unforgiven,33,R,Western,1992
1118,Alice Through the Looking Glass,241259,PG,Adventure;Family;Fantasy,2016
1119,Oculus,157547,R,Horror,2013
1120,Death on the Nile,505026,PG-13,Mystery;Crime;Thriller,2022
1121,Sinbad: Legend of the Seven Seas,14411,PG,Family;Animation;Adventure;Comedy;Fantasy;Action,2003
1122,Scary Movie 3,4256,R,Comedy,2003
1123,Gods of Egypt,205584,PG-13,Action;Adventure;Fantasy,2016
1124,The Revenant,281957,R,Western;Drama;Adventure,2015
1125,F9,385128,PG-13,Action;Adventure;Crime,2021
1126,Tangled Ever After,82881,G,Animation;Comedy;Action;Family,2012
1128,Insidious: Chapter 2,91586,PG-13,Horror;Thriller,2013
1129,Little Shop of Horrors,10776,PG-13,Horror;Comedy,1986
1130,Dog,626735,PG-13,Drama;Comedy,2022
1131,Star Wars: Episode I - The Phantom Menace,1893,PG,Adventure;Action;Science Fiction,1999
1132,Clueless,9603,PG-13,Comedy;Romance;Drama,1995
1133,Skyfall,37724,PG-13,Action;Adventure;Thriller,2012
1134,Ambulance,763285,R,Thriller;Action;Crime,2022
1135,The Crow,9495,R,Fantasy;Action;Thriller,1994
1136,Good Burger 2,1101582,PG,Family;Comedy,2023
1137,Night at the Museum: Secret of the Tomb,181533,PG,Adventure;Comedy;Fantasy;Family,2014
1138,Wrong Turn 2: Dead End,13186,R,Horror;Thriller,2007
1139,The Exorcism of God,836225,R,Horror;Crime;Drama;Fantasy,2022
1140,Left Behind,218043,PG-13,Thriller;Action;Science Fiction,2014
1141,Storks,332210,PG,Adventure;Animation;Comedy;Family,2016
1142,Ghost,251,PG-13,Fantasy;Drama;Thriller;Mystery;Romance,1990
1145,Bright,400106,R,Fantasy;Action;Thriller,2017
1146,Bright,400106,R,Fantasy;Action;Thriller,2017
1148,American Pie Presents: Band Camp,8274,R,Comedy,2005
1149,The Hitman's Bodyguard,390043,R,Action;Comedy,2017
1150,The Final Destination,19912,R,Horror;Mystery,2009
1151,Peter Pan & Wendy,420808,PG,Family;Fantasy;Action;Adventure,2023
1152,Barbie: Princess Charm School,73456,G,Family;Animation;Fantasy,2011
1153,The Mask of Zorro,9342,PG-13,Action;Adventure,1998
1154,Jeepers Creepers: Reborn,717728,R,Horror;Thriller;Mystery,2022
1155,Passengers,274870,PG-13,Drama;Romance;Science Fiction,2016
1156,Noah,86834,PG-13,Drama;Adventure,2014
1157,The Girl Next Door,10591,R,Comedy;Romance,2004
1158,Ninja Assassin,22832,R,Action;Adventure;Thriller,2009
1159,Rocketman,504608,R,Music;Drama,2019
1160,Lemony Snicket's A Series of Unfortunate Events,11774,PG,Adventure;Comedy;Family,2004
1161,Mortal Kombat Legends: Cage Match,1034062,R,Animation;Action;Fantasy;Adventure,2023
1162,Bottoms,814776,R,Comedy,2023
1163,Slumdog Millionaire,12405,R,Drama;Romance,2008
1164,Road House,10135,R,Action;Thriller,1989
1165,Transporter 3,13387,PG-13,Action;Thriller;Crime,2008
1166,The Addams Family,481084,PG,Family;Animation;Comedy;Fantasy,2019
1167,The Curse of La Llorona,480414,R,Horror,2019
1168,Licence to Kill,709,PG,Adventure;Action;Thriller,1989
1169,What Happened to Monday,406990,R,Science Fiction;Thriller;Drama;Mystery;Action,2017
1170,Lord of War,1830,R,Crime;Drama;Thriller,2005
1171,Annie,196867,PG,Comedy;Drama;Family,2014
1172,Dead Poets Society,207,PG,Drama,1989
1173,Hidden Strike,457332,PG-13,Action;Adventure;Comedy;Thriller,2023
1174,Charlie's Angels: Full Throttle,9471,PG-13,Action;Adventure;Comedy,2003
1175,Gattaca,782,PG-13,Thriller;Science Fiction;Mystery;Romance,1997
1176,From Dusk Till Dawn,755,R,Horror;Action;Thriller;Crime,1996
1177,Don't Breathe,300669,R,Thriller;Horror,2016
1178,Slender Man,439015,PG-13,Horror;Mystery;Thriller,2018
1179,Mortal Kombat Legends: Battle of the Realms,841755,R,Animation;Action;Fantasy,2021
1180,The Angry Birds Movie 2,454640,PG,Animation;Comedy;Adventure;Family,2019
1181,The Accountant,302946,R,Crime;Thriller;Drama,2016
1182,Hard Target,2019,R,Action;Adventure;Crime;Thriller,1993
1183,Pretty Woman,114,R,Comedy;Romance,1990
1184,Squealer,1189798,R,Action;Horror;Thriller,2023
1185,Midway,522162,PG-13,Action;Drama;War;History,2019
1186,Love & Other Drugs,43347,R,Drama;Comedy;Romance,2010
1187,Hot Fuzz,4638,R,Crime;Action;Comedy,2007
1188,Boyz n the Hood,650,R,Crime;Drama,1991
1189,Strange World,877269,PG,Animation;Family;Adventure;Science Fiction;Fantasy,2022
1190,Wonder,406997,PG,Drama;Family,2017
1191,Back to the Future Part III,196,PG,Adventure;Comedy;Science Fiction,1990
1192,Cloudy with a Chance of Meatballs,22794,PG,Animation;Comedy;Family,2009
1193,Undisputed II: Last Man Standing,15255,R,Action;Crime;Thriller,2006
1194,Lisa Frankenstein,993784,PG-13,Comedy;Horror;Romance,2024
1195,El Camino: A Breaking Bad Movie,559969,R,Crime;Drama;Thriller,2019
1196,Pain & Gain,134374,R,Action;Crime;Comedy,2013
1197,The Little Things,602269,R,Drama;Crime;Thriller,2021
1198,It Follows,270303,R,Horror;Mystery,2015
1199,Leave No Trace,443463,PG,Drama,2018
1200,Deepwater Horizon,296524,PG-13,Drama;Action,2016
1201,Jack Reacher: Never Go Back,343611,PG-13,Action;Thriller,2016
1202,The Sea Beast,560057,PG,Animation;Adventure;Family;Fantasy,2022
1204,Melancholia,62215,R,Drama;Science Fiction,2011
1205,Bram Stoker's Dracula,6114,R,Romance;Horror,1992
1206,Legend,11976,PG,Adventure;Fantasy,1985
1207,Omen IV: The Awakening,17792,PG,Horror;Mystery;Thriller;TV Movie,1991
1208,Solo: A Star Wars Story,348350,PG-13,Science Fiction;Adventure;Action,2018
1209,Scary Movie 5,4258,PG-13,Comedy,2013
1211,The Guest,241848,R,Mystery;Thriller;Action,2014
1212,Chicken Run,7443,G,Animation;Comedy;Family,2000
1213,Us Again,779047,G,Animation;Drama;Family,2021
1214,Jack the Giant Slayer,81005,PG-13,Fantasy;Action;Adventure;Drama,2013
1215,Norbit,9757,PG-13,Comedy,2007
1216,The Adam Project,696806,PG-13,Adventure;Science Fiction,2022
1217,Shaun of the Dead,747,R,Horror;Comedy,2004
1218,The Expendables 2,76163,R,Action;Adventure;Thriller,2012
1219,Ghost Rider: Spirit of Vengeance,71676,PG-13,Action;Fantasy;Thriller,2011
1220,Holmes & Watson,426563,PG-13,Mystery;Adventure;Comedy;Crime,2018
1221,The Other Woman,193610,PG-13,Comedy;Romance,2014
1222,2 Guns,136400,R,Action;Comedy;Crime,2013
1223,Finding Dory,127380,PG,Adventure;Animation;Comedy;Family,2016
1224,Black Swan,44214,R,Drama;Thriller;Horror,2010
1225,The 'Burbs,11974,PG,Comedy;Horror;Thriller,1989
1226,Mission: Impossible III,956,PG-13,Adventure;Action;Thriller,2006
1227,Showgirls,10802,NC-17,Drama,1995
1228,Final Destination,9532,R,Horror,2000
1229,The Texas Chainsaw Massacre: The Beginning,10781,R,Horror,2006
1230,To All the Boys I've Loved Before,466282,PG-13,Comedy;Romance,2018
1231,The Foreigner,379149,R,Action;Thriller,2017
1232,Star Wars: Episode II - Attack of the Clones,1894,PG,Adventure;Action;Science Fiction,2002
1233,Saw II,215,R,Horror,2005
1234,Zodiac,1949,R,Crime;Drama;Mystery;Thriller,2007
1236,Asteroid City,747188,PG-13,Comedy;Drama,2023
1237,Purple Hearts,762975,PG-13,Romance;Drama,2022
1238,Aftersun,965150,R,Drama,2022
1239,The Last Kingdom: Seven Kings Must Die,948713,R,Action;Adventure;War,2023
1240,Upgrade,500664,R,Action;Thriller;Science Fiction,2018
1241,Barbie as The Princess & the Pauper,15165,G,Animation;Family;Comedy,2004
1242,Ferdinand,364689,PG,Animation;Family;Adventure;Comedy,2017
1243,Murder on the Orient Express,392044,PG-13,Mystery;Drama;Crime,2017
1244,Ant-Man and the Wasp,363088,PG-13,Action;Adventure;Science Fiction,2018
1245,Dumb and Dumber To,100042,PG-13,Comedy,2014
1246,Redeeming Love,698508,PG-13,Romance;Drama;Western,2022
1248,RoboCop,97020,PG-13,Science Fiction;Action;Crime,2014
1249,The Lego Ninjago Movie,274862,PG,Family;Animation;Action;Adventure;Comedy,2017
1250,Dumbo,329996,PG,Family;Fantasy;Adventure,2019
1251,Mr. Nobody,31011,R,Science Fiction;Drama;Romance,2009
1252,Tinker Bell and the Great Fairy Rescue,44683,G,Animation;Adventure;Family;Fantasy,2010
1253,Nope,762504,R,Horror;Science Fiction;Mystery,2022
1254,Scooby-Doo! Curse of the Lake Monster,47533,PG,Mystery;Fantasy;Comedy;Adventure,2010
1255,Predestination,206487,R,Science Fiction;Thriller,2014
1256,Yes Man,10201,PG-13,Comedy;Romance,2008
1257,Bound by Honor,9702,R,Crime;Action;Drama;Thriller,1993
1258,Bound by Honor,9702,R,Crime;Action;Drama;Thriller,1993
1259,Dirty Grandpa,291870,R,Comedy,2016
1260,The Founder,310307,PG-13,Drama;History,2016
1261,Captain Fantastic,334533,R,Adventure;Drama,2016
1262,Doctor Sleep,501170,R,Horror;Thriller;Fantasy,2019
1263,Alvin and the Chipmunks: The Squeakquel,23398,PG,Comedy;Family;Animation;Fantasy;Music,2009
1264,Those Who Wish Me Dead,578701,R,Thriller;Action,2021
1265,Die Hard,562,R,Action;Thriller,1988
1266,The Hot Chick,11852,PG-13,Comedy;Fantasy,2002
1267,American Beauty,14,R,Drama,1999
1268,The Thomas Crown Affair,913,R,Drama;Crime;Romance,1999
1270,The Hustle,449562,PG-13,Comedy;Crime,2019
1271,Justice League: Warworld,1003581,R,Animation;Action;Science Fiction;Adventure,2023
1272,Aristotle and Dante Discover the Secrets of the Universe,500104,PG-13,Romance;Drama,2023
1273,U.S. Marshals,11808,PG-13,Thriller;Crime;Action,1998
1274,The Possession of Hannah Grace,434555,R,Horror;Drama,2018
1275,The Black Demon,890771,R,Thriller;Drama,2023
1276,SuperFly,500475,R,Action;Crime,2018
1277,The Princess Diaries,9880,G,Comedy;Family;Romance,2001
1278,U Turn,10155,R,Crime;Drama;Thriller,1997
1279,Labyrinth,13597,PG,Adventure;Family;Fantasy,1986
1280,The Color Purple,558915,PG-13,Drama,2023
1281,Guillermo del Toro's Pinocchio,555604,PG,Animation;Fantasy;Drama;Family,2022
1282,Sin City,187,R,Thriller;Action;Crime,2005
1283,"I, Robot",2048,PG-13,Action;Science Fiction,2004
1284,Pet Sematary,8913,R,Horror;Drama,1989
1285,Hustlers,540901,R,Drama;Comedy;Crime,2019
1286,Bad Boys II,8961,R,Action;Crime;Comedy,2003
1287,The Post,446354,PG-13,Drama;History,2017
1288,Paddington 2,346648,PG,Adventure;Comedy;Family,2017
1289,The Texas Chainsaw Massacre,9373,R,Horror,2003
1290,The Lost Boys,1547,R,Horror;Comedy;Thriller,1987
1291,NYAD,895549,PG-13,Drama;History,2023
1292,Abraham Lincoln: Vampire Hunter,72331,R,Action;Fantasy;Horror,2012
1293,Insidious: Chapter 3,280092,PG-13,Horror;Thriller;Mystery,2015
1294,Odd Thomas,179826,PG-13,Mystery;Thriller,2013
1295,Buffalo '66,9464,R,Drama;Romance;Comedy,1998
1296,Men in Black II,608,PG-13,Action;Comedy;Science Fiction,2002
1297,The Mummy: Tomb of the Dragon Emperor,1735,PG-13,Adventure;Action;Fantasy,2008
1298,Never Back Down,8456,PG-13,Drama;Action,2008
1299,Life of Pi,87827,PG,Adventure;Drama,2012
1300,The Mechanic,27582,R,Action;Thriller;Crime,2011
1301,Tremors,9362,PG-13,Horror;Action;Science Fiction;Comedy,1990
1302,Night Hunter,441282,R,Drama;Thriller,2019
1304,Pet Sematary,157433,R,Horror;Thriller,2019
1306,The Circle,339988,PG-13,Drama;Thriller;Science Fiction,2017
1307,Merry Little Batman,870358,PG,Animation;Action;Family;Comedy,2023
1308,Merry Little Batman,870358,PG,Animation;Action;Family;Comedy,2023
1309,Cast Away,8358,PG-13,Adventure;Drama,2000
1310,Surrogates,19959,PG-13,Science Fiction;Action;Thriller,2009
1311,"As Above, So Below",256274,R,Horror;Thriller,2014
1312,The BFG,267935,PG,Adventure;Family;Fantasy,2016
1314,21 Bridges,535292,R,Crime;Action;Drama,2019
1315,Green Lantern,44912,PG-13,Adventure;Action;Thriller;Science Fiction,2011
1316,True Lies,36955,R,Action;Thriller,1994
1317,Biohazard: Damnation,133121,R,Animation;Horror;Action,2012
1319,The Great Gatsby,64682,PG-13,Drama;Romance,2013
1320,King Arthur: Legend of the Sword,274857,PG-13,Action;Drama;Fantasy,2017
1321,The Perks of Being a Wallflower,84892,PG-13,Drama,2012
1322,"Three Billboards Outside Ebbing, Missouri",359940,R,Crime;Drama,2017
1323,Seed of Chucky,11249,R,Comedy;Horror,2004
1324,Demolition Man,9739,R,Crime;Action;Science Fiction,1993
1325,Casper's Haunted Christmas,5833,G,Animation;Family;Fantasy,2000
1327,Hunter Killer,399402,R,Action;Thriller,2018
1328,The Terminal,594,PG-13,Comedy;Drama,2004
1329,Man on Fire,9509,R,Action;Drama;Thriller,2004
1331,Harry Potter 20th Anniversary: Return to Hogwarts,899082,PG-13,Documentary,2022
1332,The Reader,8055,R,Drama;Romance,2008
1333,Pearl Harbor,676,PG-13,War;History;Romance;Drama;Action,2001
1334,Murder Mystery 2,638974,PG-13,Mystery;Comedy;Crime,2023
1335,Hulk,1927,PG-13,Science Fiction;Adventure;Action,2003
1336,Zandalee,36630,R,Drama;Romance;Thriller,1991
1337,Clifford the Big Red Dog,585245,PG,Family;Adventure;Comedy;Fantasy;Animation,2021
1338,The Witch,310131,R,Horror;Mystery;Drama,2016
1339,The Goonies,9340,PG,Adventure;Comedy;Family,1985
1340,"Crazy, Stupid, Love.",50646,PG-13,Comedy;Drama;Romance,2011
1341,A Few Good Men,881,R,Drama,1992
1342,"Crazy, Stupid, Love.",50646,PG-13,Comedy;Drama;Romance,2011
1343,A Few Good Men,881,R,Drama,1992
1344,"Lyle, Lyle, Crocodile",830784,PG,Comedy;Family;Music,2022
1345,Legion,22894,R,Horror;Action;Fantasy,2010
1346,Paul,39513,R,Adventure;Comedy;Science Fiction,2011
1347,Men in Black: International,479455,PG-13,Comedy;Science Fiction;Action,2019
1348,Underworld: Rise of the Lycans,12437,R,Fantasy;Action;Thriller,2009
1349,Point Break,257088,PG-13,Action;Adventure;Crime;Thriller,2015
1350,Underworld: Awakening,52520,R,Fantasy;Action;Horror,2012
1351,The Age of Adaline,293863,PG-13,Romance;Fantasy;Drama,2015
1352,No Strings Attached,41630,R,Comedy;Romance,2011
1353,xXx: State of the Union,11679,PG-13,Action;Adventure;Crime;Mystery;Thriller,2005
1354,Horton Hears a Who!,12222,G,Animation;Comedy;Family;Adventure;Fantasy,2008
1355,The Addams Family 2,639721,PG,Family;Animation;Comedy;Fantasy;Adventure,2021
1356,The 355,522016,PG-13,Action;Thriller,2022
1357,Space Jam,2300,PG,Family;Animation;Comedy;Science Fiction;Adventure;Fantasy,1996
1358,Charlie's Angels,458897,PG-13,Action;Adventure;Comedy,2019
1359,Over the Hedge,7518,PG,Family;Comedy;Animation,2006
1361,The Mitchells vs. the Machines,501929,PG,Animation;Adventure;Comedy,2021
1362,The Smurfs,41513,PG,Animation;Family;Adventure;Comedy;Fantasy,2011
1363,Jennifer's Body,19994,R,Horror;Comedy,2009
1364,Roald Dahl's Matilda the Musical,668482,PG,Family;Comedy;Fantasy,2022
1365,The Purge,158015,R,Science Fiction;Horror;Thriller,2013
1366,The Talented Mr. Ripley,1213,R,Thriller;Crime;Drama,1999
1367,The Big Short,318846,R,Comedy;Drama,2015
1368,The Antisocial Network: Memes to Mayhem,1242384,R,Documentary,2024
1369,Jojo Rabbit,515001,PG-13,Comedy;War;Drama,2019
1371,The Man from U.N.C.L.E.,203801,PG-13,Comedy;Action;Adventure,2015
1372,The Bourne Ultimatum,2503,PG-13,Action;Drama;Mystery;Thriller,2007
1373,Jumper,8247,PG-13,Action;Adventure;Science Fiction,2008
1374,The Longest Yard,9291,PG-13,Drama;Comedy;Crime,2005
1375,Halo Legends,573531,PG-13,Animation;War;Action;Science Fiction,2010
1376,Turbo,77950,PG,Animation;Family,2013
1377,Addams Family Values,2758,PG-13,Comedy;Family;Fantasy,1993
1378,Scooby-Doo,9637,PG,Mystery;Adventure;Comedy,2002
1379,The Invitation,830788,PG-13,Horror;Thriller,2022
1380,The Big Lebowski,115,R,Comedy;Crime,1998
1381,Orphan: First Kill,760161,R,Horror;Thriller,2022
1382,Pitch Perfect 2,254470,PG-13,Comedy;Music,2015
1383,Palm Springs,587792,R,Comedy;Romance;Science Fiction,2020
1384,21,8065,PG-13,Drama;Crime,2008
1385,Hustle,705861,R,Drama;Comedy,2022
1386,Enchanted,4523,PG,Comedy;Family;Fantasy;Romance,2007
1387,Wanted,8909,R,Action;Thriller;Crime,2008
1388,레드슈즈,486589,PG,Animation;Fantasy;Drama;Family;Comedy;Romance,2019
1389,L.E.T.H.A.L. Ladies: Return to Savage Beach,67395,R,Action;Thriller,1998
1390,Overlord,438799,R,Horror;War;Science Fiction,2018
1391,L.E.T.H.A.L. Ladies: Return to Savage Beach,67395,R,Action;Thriller,1998
1392,Overlord,438799,R,Horror;War;Science Fiction,2018
1393,Hellboy II: The Golden Army,11253,PG-13,Fantasy;Adventure;Action,2008
1394,Lightyear,718789,PG,Animation;Science Fiction;Family;Adventure,2022
1395,Lilo & Stitch 2: Stitch Has a Glitch,20760,PG,Animation;Family;Comedy;Science Fiction,2005
1396,Enemy at the Gates,853,R,Drama;War;History;Romance,2001
1397,Dances with Wolves,581,PG-13,Adventure;Drama;Western,1990
1398,Jeepers Creepers 3,55341,R,Horror;Mystery;Thriller,2017
1399,Cowboys & Aliens,49849,PG-13,Action;Science Fiction;Thriller;Western,2011
1400,Commando,10999,R,Action;Adventure;Thriller,1985
1401,Mrs. Doubtfire,788,PG-13,Comedy;Drama;Family,1993
1402,I Am Number Four,46529,PG-13,Action;Thriller;Science Fiction;Adventure,2011
1403,Mr. & Mrs. Smith,787,PG-13,Action;Comedy;Drama;Thriller,2005
1404,Lolita,9769,R,Drama;Romance,1997
1405,Saw III,214,R,Horror;Thriller;Crime,2006
1406,Metalocalypse: Army of the Doomstar,828899,R,Animation;Comedy;Music,2023
1407,Sniper: Ultimate Kill,464889,R,Action,2017
1408,The Girl on the Train,346685,R,Thriller;Mystery;Drama;Crime,2016
1409,The Spiderwick Chronicles,8204,PG,Family;Adventure;Fantasy;Drama,2008
1410,"New York, I Love You",12572,R,Comedy;Drama;Romance,2008
1411,Arthur et les Minimoys,9992,PG,Adventure;Fantasy;Animation;Family,2006
1412,Tetris,726759,R,Thriller;History;Drama,2023
1413,The Time Machine,2135,PG-13,Science Fiction;Adventure;Action,2002
1414,Looper,59967,R,Action;Thriller;Science Fiction,2012
1415,Love at First Sight,353577,PG-13,Romance;Drama,2023
1416,The Unholy,632357,PG-13,Horror;Mystery,2021
1417,Haunted Mansion,616747,PG-13,Fantasy;Comedy;Family,2023
1418,Sinister,82507,R,Horror;Thriller;Mystery,2012
1419,EuroTrip,9352,R,Comedy,2004
1420,Abominable,431580,PG,Family;Animation;Adventure;Comedy,2019
1421,10 Cloverfield Lane,333371,PG-13,Thriller;Science Fiction;Drama;Horror,2016
1422,You Don't Mess with the Zohan,10661,PG-13,Comedy;Action,2008
1423,The King,504949,R,Drama;History;War,2019
1424,Last Seen Alive,961484,R,Action;Thriller,2022
1425,Death Race,10483,R,Action;Thriller;Science Fiction,2008
1426,Rogue One: A Star Wars Story,330459,PG-13,Action;Adventure;Science Fiction,2016
1428,Deuce Bigalow: Male Gigolo,10402,R,Comedy,1999
1429,The Addams Family,2907,PG-13,Comedy;Fantasy,1991
1430,My Girl,4032,PG,Comedy;Drama,1991
1431,Power Rangers,305470,PG-13,Action;Adventure;Science Fiction,2017
1432,Gold,334524,R,Adventure;Drama;Thriller,2016
1433,Anacondas: The Hunt for the Blood Orchid,11237,PG-13,Adventure;Fantasy;Action;Horror,2004
1434,Van Helsing,7131,PG-13,Horror;Adventure;Action,2004
1435,Goosebumps,257445,PG,Adventure;Horror;Comedy,2015
1436,True Lies,36955,R,Action;Thriller,1994
1437,The Father,600354,PG-13,Drama,2020
1438,Focus,256591,R,Romance;Comedy;Crime,2015
1439,Ghost in the Shell,315837,PG-13,Science Fiction;Drama;Action,2017
1440,Child's Play 3,11187,R,Horror;Thriller,1991
1441,Mea Culpa,1090874,R,Thriller,2024
1442,Final Destination 2,9358,R,Horror;Mystery,2003
1443,Halloween Ends,616820,R,Horror;Thriller,2022
1444,Zack and Miri Make a Porno,10358,R,Comedy;Romance,2008
1445,Nacho Libre,9353,PG,Comedy;Family;Drama,2006
1446,Forever My Girl,417261,PG,Romance;Drama;Music,2018
1447,Fruitvale Station,157354,R,Drama,2013
1448,American Pie Presents: The Book of Love,26123,R,Comedy,2009
1450,The Ledge,924482,R,Thriller;Adventure,2022
1451,Straight Outta Compton,277216,R,Drama;Music;History,2015
1452,Happy Feet,9836,PG,Animation;Comedy;Family,2006
1453,Blacklight,823625,PG-13,Action;Thriller;Drama;Adventure,2022
1454,Event Horizon,8413,R,Horror;Science Fiction;Mystery,1997
1455,Event Horizon,8413,R,Horror;Science Fiction;Mystery,1997
1456,Freaky Friday,10330,PG,Comedy;Family;Fantasy,2003
1457,IO,433249,PG-13,Science Fiction,2019
1458,To Catch a Killer,605886,R,Thriller,2023
1459,Terminator Salvation,534,PG-13,Action;Science Fiction;Thriller,2009
1461,Sex and the City,4564,R,Comedy;Drama;Romance,2008
1462,Little Women,331482,PG,Drama;Romance,2019
1463,Anastasia,9444,G,Animation;Family;Fantasy;Adventure,1997
1464,Sherlock Holmes: A Game of Shadows,58574,PG-13,Adventure;Action;Crime;Mystery,2011
1465,What Men Want,487297,R,Comedy;Romance,2019
1466,Contact,686,PG,Drama;Science Fiction;Mystery,1997
1467,The Ring,565,PG-13,Horror;Mystery,2002
1468,Halloween Kills,610253,R,Horror;Thriller,2021
1469,Sniper: Ghost Shooter,407375,R,Action;Drama;War,2016
1470,Basic Instinct,402,R,Thriller;Mystery,1992
1472,I Am Mother,505948,PG-13,Science Fiction;Thriller,2019
1473,The Ice Road,646207,PG-13,Action;Thriller,2021
1474,Final Destination 3,9286,R,Horror;Mystery,2006
1475,12 Strong,429351,R,War;Drama;Action;History,2018
1476,Sin City: A Dame to Kill For,189,R,Crime;Action;Thriller,2014
1477,Lost in Translation,153,R,Drama;Romance,2003
1478,Final Destination 5,55779,R,Horror;Mystery,2011
1479,Lionheart,9399,R,Action,1990
1480,R.I.P.D.,49524,PG-13,Fantasy;Action;Comedy,2013
1481,Rocky Balboa,1246,PG,Drama,2006
1482,Silent Hill,588,R,Horror;Mystery,2006
1483,Atomic Blonde,341013,R,Action;Thriller,2017
1484,Howards End,8293,PG,Drama;Romance,1992
1485,The Voyeurs,645710,R,Thriller,2021
1486,12 Years a Slave,76203,R,Drama;History,2013
1487,The Breakfast Club,2108,R,Comedy;Drama,1985
1488,Bridget Jones's Diary,634,R,Comedy;Romance;Drama,2001
1489,The Hunger Games,70160,PG-13,Science Fiction;Adventure;Fantasy,2012
1490,Seventh Son,68737,PG-13,Adventure;Fantasy,2014
1491,The Mother,552688,R,Action;Thriller,2023
1493,Disenchanted,338958,PG,Comedy;Family;Fantasy,2022
1494,Pet Sematary: Bloodlines,830764,R,Horror;Fantasy,2023
1495,Knowing,13811,PG-13,Action;Mystery;Science Fiction;Thriller,2009
1496,I Spit on Your Grave III: Vengeance Is Mine,357096,R,Horror;Thriller,2015
1497,G.I. Joe: The Rise of Cobra,14869,PG-13,Adventure;Action;Thriller;Science Fiction,2009
1498,Rough Night,397422,R,Drama;Comedy,2017
1499,Craig Before the Creek,928833,PG,Animation;Family;TV Movie;Adventure;Comedy;Fantasy,2023
1501,Tag,455980,R,Comedy;Action,2018
1502,Jason X,11470,R,Horror;Science Fiction,2001
1503,Tag,455980,R,Comedy;Action,2018
1504,Jason X,11470,R,Horror;Science Fiction,2001
1505,Beautiful Wedding,1096342,R,Romance;Comedy;Drama,2024
1506,Men in Black 3,41154,PG-13,Action;Comedy;Science Fiction,2012
1507,The Angry Birds Movie,153518,PG,Animation;Adventure;Comedy;Family,2016
1508,A Man Called Otto,937278,PG-13,Comedy;Drama,2022
1510,Liar Liar,1624,PG-13,Comedy,1997
1511,Inferno,207932,PG-13,Mystery;Thriller;Action,2016
1512,RED,39514,PG-13,Action;Adventure;Comedy;Crime;Thriller,2010
1513,Vacation,296099,R,Comedy,2015
1514,Boyhood,85350,R,Drama,2014
1515,Hot Chili,88907,R,Comedy,1985
1516,Scream 3,4234,R,Horror;Mystery,2000
1517,The Ultimate Gift,14624,PG,Romance;Drama;Family,2007
1518,The Misfits,581644,R,Action;Thriller,2021
1519,Last Night in Soho,576845,R,Mystery;Thriller;Horror,2021
1520,The Naked Gun: From the Files of Police Squad!,37136,PG-13,Comedy;Crime,1988
1521,Totally Killer,974931,R,Comedy;Horror;Science Fiction,2023
1522,The Pelican Brief,9944,PG-13,Thriller,1993
1523,Squealer,1189798,R,Action;Horror;Thriller,2023
1524,Onward,508439,PG,Family;Animation;Adventure;Comedy;Fantasy,2020
1525,Blow,4133,R,Crime;Drama,2001
1526,Overboard,454619,PG-13,Romance;Comedy,2018
1527,The Velveteen Rabbit,1186957,G,Animation;Family;Fantasy,2023
1528,The Running Man,865,R,Action;Science Fiction;Thriller;Crime,1987
1529,Accident Man: Hitman's Holiday,879444,R,Action;Comedy;Crime,2022
1530,Alvin and the Chipmunks: Chipwrecked,55301,G,Comedy;Fantasy;Family;Music;Animation,2011
1531,Captain Underpants: The First Epic Movie,268531,PG,Action;Animation;Comedy;Family,2017
1532,Groundhog Day,137,PG,Romance;Fantasy;Drama;Comedy,1993
1533,Rush,96721,R,Drama;Action,2013
1534,Game Night,445571,R,Mystery;Comedy;Crime,2018
1535,Freddy's Dead: The Final Nightmare,11284,R,Horror;Thriller,1991
1536,Puss in Boots: The Three Diablos,83201,G,Adventure;Animation;Comedy;Family,2012
1537,The Huntsman: Winter's War,290595,PG-13,Action;Adventure;Drama,2016
1538,The Pod Generation,889675,PG-13,Science Fiction;Comedy;Romance;Drama,2023
1539,28 Days Later,170,R,Horror;Thriller;Science Fiction,2002
1540,Saw V,11917,R,Horror;Thriller;Crime,2008
1541,The Killer,800158,R,Crime;Thriller,2023
1542,Lethal Weapon,941,R,Adventure;Action;Comedy;Thriller;Crime,1987
1543,The Craft,9100,R,Horror;Drama;Fantasy,1996
1544,Chronicle,76726,PG-13,Science Fiction;Drama;Thriller,2012
1546,Hocus Pocus,10439,PG,Fantasy;Comedy;Family,1993
1548,Memento,77,R,Mystery;Thriller,2000
1549,The Nice Guys,290250,R,Comedy;Crime;Action,2016
1550,Blackhat,201088,R,Crime;Thriller;Action,2015
1551,The Grudge,465086,R,Horror;Mystery,2019
1552,Stillwater,616651,R,Drama;Crime;Thriller,2021
1553,The Flood,1006462,R,Action;Mystery;Thriller;Horror,2023
1554,The Flintstones,888,PG,Fantasy;Comedy;Family,1994
1555,Gone in Sixty Seconds,9679,PG-13,Action;Crime;Thriller,2000
1556,The Belko Experiment,341006,R,Horror;Thriller,2016
1557,Hollow Man,9383,R,Action;Science Fiction;Thriller,2000
1558,Sully,363676,PG-13,Drama;History,2016
1559,Hellboy,1487,PG-13,Fantasy;Action,2004
1561,Creepshow 2,16288,R,Horror;Comedy,1987
1562,The Human Centipede (First Sequence),37169,R,Horror,2009
1563,Training Day,2034,R,Action;Crime;Drama,2001
1565,"Love, Simon",449176,PG-13,Comedy;Drama;Romance,2018
1566,"Love, Simon",449176,PG-13,Comedy;Drama;Romance,2018
1567,Kung Fu Panda: Secrets of the Furious Five,15854,PG,Animation;Family;Action,2008
1568,A Witches' Ball,487047,PG,Family;Fantasy;Science Fiction,2017
1569,Sucker Punch,23629,PG-13,Action;Fantasy;Thriller,2011
1571,Homefront,204082,R,Action;Thriller,2013
1572,Tombstone,11969,R,Western;Action,1993
1573,The Road,20766,R,Adventure;Drama,2009
1574,Cold Pursuit,438650,R,Action;Crime;Thriller;Comedy,2019
1575,Original Sin,2057,R,Thriller;Drama;Mystery;Romance,2001
1576,Season of the Witch,23047,PG-13,Adventure;Fantasy;Action,2011
1578,The Blair Witch Project,2667,R,Horror;Mystery,1999
1579,17 Again,16996,PG-13,Comedy;Fantasy;Drama;Romance,2009
1580,Crater,620705,PG,Science Fiction;Action;Adventure;Family,2023
1581,Alvin and the Chipmunks: The Road Chip,258509,PG,Family;Adventure;Comedy;Music;Animation,2015
1582,Sleepless in Seattle,858,PG,Comedy;Drama;Romance,1993
1583,American Assassin,415842,R,Action;Thriller,2017
1584,Saw IV,663,R,Horror;Thriller;Crime,2007
1585,Dolittle,448119,PG,Family;Comedy;Fantasy;Adventure,2020
1586,Ron's Gone Wrong,482321,PG,Animation;Science Fiction;Family;Comedy,2021
1587,Romeo + Juliet,454,PG-13,Drama;Romance,1996
1588,Magnolia,334,R,Drama,1999
1589,What Women Want,3981,PG-13,Comedy;Romance,2000
1590,Scott Pilgrim vs. the World,22538,PG-13,Action;Comedy;Romance,2010
1591,Evolution,9397,PG-13,Comedy;Science Fiction;Action,2001
1592,The Polar Express,5255,G,Animation;Adventure;Family;Fantasy,2004
1594,Hancock,8960,PG-13,Fantasy;Action,2008
1595,Underworld: Evolution,834,R,Fantasy;Action;Thriller,2006
1596,Signs,2675,PG-13,Drama;Thriller;Science Fiction;Mystery,2002
1597,Fantastic Four: Rise of the Silver Surfer,1979,PG,Science Fiction;Adventure;Action,2007
1598,Pandorum,19898,R,Action;Horror;Mystery;Science Fiction;Thriller,2009
1599,Dora and the Lost City of Gold,499701,PG,Adventure;Comedy;Family;Fantasy,2019
1601,The Cabin in the Woods,22970,R,Horror;Mystery;Thriller,2012
1604,The 40 Year Old Virgin,6957,R,Comedy;Romance,2005
1605,Flipped,43949,PG,Romance;Drama,2010
1606,The Living Daylights,708,PG,Action;Adventure;Thriller,1987
1607,Blade of the 47 Ronin,732459,R,Fantasy,2022
1608,Switched Before Birth,888467,PG,TV Movie;Drama,2021
1609,Me Time,862551,R,Comedy,2022
1610,Unstoppable,44048,PG-13,Action;Thriller,2010
1611,The Dreamers,1278,NC-17,Drama;Romance,2003
1612,The Dreamers,1278,NC-17,Drama;Romance,2003
1613,Chip 'n Dale: Rescue Rangers,420821,PG,Animation;Family;Comedy;Adventure;Mystery,2022
1614,The Lego Movie,137106,PG,Animation;Family;Adventure;Comedy;Fantasy,2014
1615,The Other Zoey,912916,PG-13,Romance;Drama;Comedy,2023
1616,A Walk Among the Tombstones,169917,R,Crime;Drama;Mystery;Thriller,2014
1617,Wrath of the Titans,57165,PG-13,Fantasy;Adventure,2012
1618,Face/Off,754,R,Action;Crime;Science Fiction,1997
1619,The Day After Tomorrow,435,PG-13,Action;Adventure;Science Fiction;Thriller,2004
1620,Live Free or Die Hard,1571,PG-13,Action;Thriller,2007
1621,Annabelle,250546,R,Horror,2014
1622,From Straight A's to XXX,441168,PG-13,Drama;TV Movie,2017
1623,Step Up,9762,PG-13,Music;Drama;Romance;Crime,2006
1624,Coming 2 America,484718,PG-13,Comedy,2021
1625,Honest Thief,553604,PG-13,Thriller;Action;Crime,2020
1626,Smurfs: The Lost Village,137116,PG,Animation;Family;Adventure;Comedy,2017
1627,Riley's First Date?,355338,G,Animation;Family,2015
1628,What Lies Beneath,2655,PG-13,Drama;Horror;Mystery;Thriller,2000
1629,Riley's First Date?,355338,G,Animation;Family,2015
1630,What Lies Beneath,2655,PG-13,Drama;Horror;Mystery;Thriller,2000
1631,The Pacifier,10022,PG,Comedy;Family;Action,2005
1632,"The Boy, the Mole, the Fox and the Horse",995133,G,Animation;Family;Adventure;Fantasy,2022
1633,King Kong Lives,31947,PG-13,Fantasy;Action;Adventure,1986
1634,Body of Lies,12113,R,Action;Drama;Thriller,2008
1635,The Bourne Supremacy,2502,PG-13,Action;Drama;Thriller,2004
1636,Molly's Game,396371,R,Drama;Crime,2017
1637,Twelve Monkeys,63,R,Science Fiction;Thriller;Mystery,1995
1638,The Art of Racing in the Rain,522924,PG,Drama;Romance,2019
1639,Guardians of the Galaxy,118340,PG-13,Action;Science Fiction;Adventure,2014
1640,Okja,387426,PG-13,Adventure;Drama;Science Fiction,2017
1641,Shirley,798612,PG-13,History;Drama,2024
1642,Unfrosted,844185,PG-13,Comedy;History,2024
1643,The Pink Panther,12096,PG,Comedy;Mystery;Crime;Adventure;Family,2006
1644,13 Going on 30,10096,PG-13,Comedy;Fantasy;Romance,2004
1646,Imagine Me & You,1544,R,Drama;Comedy;Romance,2006
1647,Stormy,1240928,R,Documentary,2024
1648,Mission to Mars,2067,PG,Science Fiction;Adventure;Mystery,2000
1649,Idiocracy,7512,R,Comedy;Science Fiction;Adventure,2006
1650,Shrapnel,982932,R,Action;Thriller;Drama,2023
1651,Starship Troopers 3: Marauder,11127,R,Adventure;Science Fiction;Action,2008
1652,Mad Max Beyond Thunderdome,9355,PG-13,Action;Adventure;Science Fiction,1985
1653,Mystic River,322,R,Thriller;Crime;Drama;Mystery,2003
1655,Unbroken,227306,PG-13,Drama;War,2014
1656,Unbroken,227306,PG-13,Drama;War,2014
1657,Superman Returns,1452,PG-13,Science Fiction;Action;Adventure,2006
1658,Congo,10329,PG-13,Action;Adventure;Science Fiction,1995
1659,The Hunt for Red October,1669,PG-13,Action;Adventure;Thriller,1990
1660,Risen,335778,PG-13,Action;Adventure;Drama;Fantasy,2016
1661,1917,530915,R,War;Action;Drama;History,2019
1662,Scooby-Doo! The Mystery Begins,22620,PG,Mystery;Comedy;Fantasy,2009
1663,8 Mile,65,R,Drama;Music,2002
1664,GoldenEye,710,PG-13,Adventure;Action;Thriller,1995
1665,Poseidon,503,PG-13,Adventure;Action;Drama;Thriller,2006
1666,Ava,539885,R,Action;Thriller;Crime,2020
1667,Hot Shots! Part Deux,9255,PG-13,Action;Comedy;War,1993
1668,Suspiria,361292,R,Horror;Mystery;Drama,2018
1669,Texas Chainsaw Massacre,632727,R,Horror;Thriller,2022
1670,Texas Chainsaw Massacre,632727,R,Horror;Thriller,2022
1671,Mr. Peabody & Sherman,82703,PG,Animation;Adventure;Family,2014
1672,Shot Caller,339692,R,Crime;Drama;Thriller,2017
1673,Not Another Teen Movie,11397,R,Comedy,2001
1675,Friends with Benefits,50544,R,Romance;Comedy,2011
1677,Heaven Is for Real,236751,PG,Drama,2014
1678,22 Jump Street,187017,R,Crime;Comedy;Action,2014
1679,I Spit on Your Grave 2,207768,R,Thriller;Horror;Crime,2013
1680,King Arthur,9477,PG-13,Adventure;War;History;Action;Drama,2004
1681,Fireproof,14438,PG,Drama;Romance,2008
1682,The Hills Have Eyes,9792,R,Horror;Thriller,2006
1683,Olaf's Frozen Adventure,460793,G,Animation;Family;Adventure;Comedy;Fantasy,2017
1684,Sleepwalkers,11428,R,Horror;Fantasy;Thriller,1992
1685,Let's Be Cops,193893,R,Comedy,2014
1686,Fright Night,11797,R,Comedy;Horror,1985
1687,Don Jon,138697,R,Romance;Comedy;Drama,2013
1688,Jeepers Creepers,8922,R,Horror;Thriller;Mystery;Drama,2001
1689,Anaconda,9360,PG-13,Adventure;Horror;Thriller,1997
1690,Shadow Master,1036561,R,Action;Fantasy;Thriller,2022
1691,Double Impact,9594,R,Thriller;Action;Crime;Drama,1991
1692,Lara Croft: Tomb Raider,1995,PG-13,Adventure;Fantasy;Action;Thriller,2001
1693,21 Jump Street,64688,R,Action;Comedy;Crime,2012
1694,The Ritual,433808,R,Horror;Thriller;Mystery,2017
1695,The Golden Compass,2268,PG-13,Adventure;Fantasy,2007
1696,The Ritual,433808,R,Horror;Thriller;Mystery,2017
1697,The Golden Compass,2268,PG-13,Adventure;Fantasy,2007
1698,Scary Movie 4,4257,PG-13,Comedy,2006
1699,The Book of Life,228326,PG,Animation;Adventure;Comedy;Family;Fantasy,2014
1700,Full Metal Jacket,600,R,Drama;War,1987
1701,Transporter 2,9335,PG-13,Action;Thriller;Crime,2005
1702,Mamma Mia!,11631,PG-13,Comedy;Romance,2008
1703,The Marksman,634528,PG-13,Action;Drama;Thriller,2021
1704,Who Framed Roger Rabbit,856,PG,Fantasy;Animation;Comedy;Crime,1988
1705,The Banshees of Inisherin,674324,R,Drama;Comedy,2022
1706,A Knight's Tale,9476,PG-13,Adventure;Drama;Romance;Action,2001
1707,I.S.S.,790462,R,Science Fiction;Thriller,2024
1708,The Bourne Identity,2501,PG-13,Action;Drama;Mystery;Thriller,2002
1709,Battle: Los Angeles,44943,PG-13,Science Fiction;Action,2011
1711,The Fault in Our Stars,222935,PG-13,Romance;Drama,2014
1712,Brooklyn,167073,PG-13,Romance;Drama,2015
1713,Looney Tunes: Back in Action,10715,PG,Animation;Comedy;Family,2003
1714,The Dry,567797,R,Crime;Thriller;Mystery,2021
1715,The Wrath of Becky,986070,R,Action;Horror;Thriller,2023
1716,Detroit,407448,R,Crime;Drama;Thriller;History,2017
1717,Air,964980,R,Drama,2023
1718,Teen Wolf: The Movie,877703,R,Action;Fantasy;TV Movie,2023
1720,Wicked Little Letters,975773,R,Comedy;Drama;Mystery,2024
1721,Brother Bear 2,10010,G,Adventure;Animation;Family,2006
1722,Colombiana,62835,PG-13,Action;Thriller;Crime;Drama,2011
1723,The Mothman Prophecies,2637,PG-13,Drama;Horror;Mystery,2002
1724,Perfect Addiction,845659,R,Drama;Romance,2023
1725,Horrible Bosses 2,227159,R,Comedy,2014
1726,Sex and the City 2,37786,R,Comedy;Drama;Romance,2010
1728,Fantastic Mr. Fox,10315,PG,Adventure;Animation;Comedy;Family,2009
1729,Hitman's Wife's Bodyguard,522931,R,Action;Comedy;Crime;Thriller,2021
1730,The Transporter Refueled,287948,PG-13,Action;Thriller;Crime,2015
1731,Jackie,376866,R,Drama,2016
1732,Richard Jewell,292011,R,Drama,2019
1733,Minions,211672,PG,Family;Animation;Adventure;Comedy,2015
1735,Tomorrow Never Dies,714,PG-13,Adventure;Action;Thriller,1997
1736,Super 8,37686,PG-13,Thriller;Science Fiction;Mystery,2011
1737,Atonement,4347,R,Drama;Romance,2007
1738,How to Train Your Dragon: Homecoming,638507,PG,Animation;Fantasy;Adventure;Action;Family,2019
1739,Assassin's Creed,121856,PG-13,Action;Adventure;Science Fiction,2016
1740,Brokeback Mountain,142,R,Drama;Romance,2005
1741,Starship Troopers,563,R,Adventure;Action;Thriller;Science Fiction,1997
1743,Deep Impact,8656,PG-13,Action;Drama;Science Fiction,1998
1744,The Contractor,628900,R,Action;Adventure;Thriller,2022
1745,War,10431,R,Action;Thriller,2007
1746,The French Dispatch,542178,R,Drama;Comedy,2021
1747,Project Almanac,227719,PG-13,Science Fiction;Action;Fantasy,2015
1748,The Kill Room,958006,R,Comedy;Crime,2023
1749,Cliffhanger,9350,R,Action;Adventure;Thriller,1993
1750,The Last Witch Hunter,274854,PG-13,Fantasy;Action;Adventure,2015
1751,Finestkind,507532,R,Crime;Drama;Thriller,2023
1752,The Out-Laws,921636,R,Romance;Action;Comedy,2023
1754,Condor's Nest,1062482,R,Action;War,2023
1755,Enemy of the State,9798,R,Action;Drama;Thriller,1998
1756,Zathura: A Space Adventure,6795,PG,Science Fiction;Adventure;Family,2005
1757,Panic Room,4547,R,Crime;Drama;Thriller,2002
1758,The Mule,504172,R,Crime;Drama,2018
1759,Mortal Engines,428078,PG-13,Adventure;Science Fiction,2018
1760,The Guardians of the Galaxy Holiday Special,774752,PG-13,Comedy;Science Fiction;Adventure,2022
1761,Heathers,2640,R,Comedy;Crime,1989
1762,The Mortal Instruments: City of Bones,123553,PG-13,Fantasy;Action;Mystery,2013
1763,Thelma & Louise,1541,R,Drama;Thriller;Crime;Adventure,1991
1764,Home on the Range,13700,PG,Animation;Family,2004
1765,The World's Fastest Indian,9912,PG-13,Drama;Adventure;History,2005
1766,Thir13en Ghosts,9378,R,Horror;Thriller,2001
1767,The Secret Life of Walter Mitty,116745,PG,Adventure;Comedy;Drama;Fantasy,2013
1768,Little Children,1440,R,Drama;Romance,2006
1769,Star Trek: First Contact,199,PG-13,Science Fiction;Action;Adventure;Thriller,1996
1770,"O Brother, Where Art Thou?",134,PG-13,Adventure;Comedy;Crime,2000
1772,Midnight Sun,419478,PG-13,Romance;Drama,2018
1773,Nanny McPhee,11283,PG,Fantasy;Comedy;Family,2005
1774,R.I.P.D. 2: Rise of the Damned,1013860,PG-13,Action;Comedy;Fantasy;Crime,2022
1775,Salt,27576,PG-13,Action;Mystery;Thriller,2010
1776,Serenity,452832,R,Thriller;Mystery;Drama,2019
1777,Salt,27576,PG-13,Action;Mystery;Thriller,2010
1778,Serenity,452832,R,Thriller;Mystery;Drama,2019
1779,The Scorpion King: Book of Souls,522417,PG-13,Action;Adventure;Fantasy,2018
1780,Immortals,37958,R,Fantasy;Action;Drama,2011
1781,Blade: Trinity,36648,R,Action;Horror;Science Fiction,2004
1782,Sniper: Assassin's End,702936,R,Action,2020
1783,The Princess Diaries 2: Royal Engagement,11130,G,Comedy;Drama;Family;Romance,2004
1784,The Core,9341,PG-13,Action;Thriller;Adventure;Science Fiction,2003
1785,Pride and Prejudice and Zombies,58431,PG-13,Romance;Horror;Comedy;Thriller,2016
1786,101 Dalmatians,11674,G,Family;Comedy,1996
1787,Jimmy Timmy Power Hour,40706,G,Animation;Comedy;Family;Fantasy;TV Movie;Science Fiction,2004
1788,What's Eating Gilbert Grape,1587,PG-13,Romance;Drama,1993
1789,Epic,116711,PG,Animation;Adventure;Family;Fantasy,2013
1790,The Little Rascals,10897,PG,Romance;Comedy;Family,1994
1791,The Mountain Between Us,290512,PG-13,Drama;Adventure;Romance,2017
1792,Carrie,133805,R,Drama;Horror,2013
1793,Self/less,238615,PG-13,Science Fiction;Mystery;Thriller;Action,2015
1794,Galaxy Quest,926,PG,Comedy;Science Fiction;Adventure,1999
1795,Poltergeist,243688,PG-13,Horror,2015
1796,Triple Frontier,399361,R,Action;Thriller;Crime;Adventure,2019
1797,Old,631843,PG-13,Thriller;Mystery;Horror,2021
1798,RocknRolla,13809,R,Action;Crime;Thriller,2008
1801,A.I. Artificial Intelligence,644,PG-13,Drama;Science Fiction;Adventure,2001
1802,Secret Headquarters,791155,PG,Action;Adventure;Comedy;Science Fiction;Family,2022
1803,Waterworld,9804,PG-13,Adventure;Action;Science Fiction,1995
1804,Cinderella III: A Twist in Time,16119,G,Animation;Romance;Family;Fantasy,2007
1808,Which Brings Me to You,975043,PG-13,Romance;Comedy;Drama,2023
1809,The Legend of Tarzan,258489,PG-13,Fantasy;Action;Adventure,2016
1812,Antlers,516329,R,Drama;Horror;Mystery,2021
1813,Spies in Disguise,431693,PG,Animation;Action;Adventure;Comedy;Family,2019
1814,Virus,9423,R,Horror;Action;Science Fiction,1999
1815,Falling Down,37094,R,Crime;Drama;Thriller,1993
1816,The Italian Job,9654,PG-13,Action;Crime,2003
1817,Home Alone 3,9714,PG,Comedy;Family,1997
1818,Child's Play,10585,R,Horror,1988
1819,Tarot,719221,PG-13,Horror;Thriller,2024
1820,Brick Mansions,254473,PG-13,Action;Crime;Drama,2014
1821,A Dog's Purpose,381289,PG,Adventure;Comedy;Fantasy;Family;Drama,2017
1822,Spider-Man 2,558,PG-13,Action;Adventure;Science Fiction,2004
1823,Pitch Perfect 3,353616,PG-13,Comedy;Music,2017
1825,Scream 4,41446,R,Horror;Mystery,2011
1826,Trainspotting,627,R,Drama;Crime,1996
1827,The Wedding Ringer,252838,R,Comedy,2015
1829,Scooby-Doo! and the Loch Ness Monster,12902,G,Family;Adventure;Animation;Comedy;Fantasy;Mystery,2004
1830,Flight,87502,R,Drama,2012
1831,Sniper: G.R.I.T. - Global Response & Intelligence Team,1171541,R,Action;Thriller,2023
1832,Les Misérables,82695,PG-13,History;Drama,2012
1833,"Love, Rosie",200727,R,Romance;Drama;Comedy,2014
1834,The Peanuts Movie,227973,G,Comedy;Animation;Family,2015
1835,Baby's Day Out,11212,PG,Comedy;Adventure;Family;Crime;Drama,1994
1836,The Babysitter,419479,R,Comedy;Horror,2017
1837,Ferris Bueller's Day Off,9377,PG-13,Comedy,1986
1839,The Book of Clarence,976584,PG-13,Adventure;Comedy;Drama,2024
1840,Radio,13920,PG,Drama,2003
1841,All Dogs Go to Heaven,11497,G,Drama;Animation;Family;Comedy;Fantasy,1989
1842,Fantastic Four,166424,PG-13,Action;Adventure;Science Fiction,2015
1843,A Time to Kill,1645,R,Crime;Drama;Thriller,1996
1844,The Cat in the Hat,10588,PG,Comedy;Adventure;Family;Fantasy,2003
1845,Hitman,1620,R,Action;Thriller;Drama,2007
1846,Oz the Great and Powerful,68728,PG,Fantasy;Adventure;Family,2013
1847,Crazy Rich Asians,455207,PG-13,Comedy;Romance,2018
1848,Facing the Giants,18925,PG,Drama,2006
1849,Yesterday,515195,PG-13,Comedy;Fantasy;Music;Romance,2019
1850,The Book of Eli,20504,R,Action;Thriller;Science Fiction,2010
1851,King Richard,614917,PG-13,Drama;History,2021
1852,True Grit,44264,PG-13,Drama;Adventure;Western,2010
1853,Warrior,59440,PG-13,Drama;Action,2011
1854,Kitbull,574074,PG,Animation;Family;Drama,2019
1855,Blade II,36586,R,Fantasy;Horror;Action;Thriller,2002
1856,Captain America: The Winter Soldier,100402,PG-13,Action;Adventure;Science Fiction,2014
1857,Cloverfield,7191,PG-13,Action;Thriller;Science Fiction,2008
1858,Blade II,36586,R,Fantasy;Horror;Action;Thriller,2002
1859,Captain America: The Winter Soldier,100402,PG-13,Action;Adventure;Science Fiction,2014
1860,Cloverfield,7191,PG-13,Action;Thriller;Science Fiction,2008
1861,Apollo 13,568,PG,Drama;History,1995
1862,London Has Fallen,267860,R,Action;Thriller,2016
1863,Mortal Kombat,9312,PG-13,Action;Fantasy,1995
1864,Step Up All In,243683,PG-13,Romance;Drama;Music,2014
1865,Robin Hood,375588,PG-13,Adventure;Action;Thriller,2018
1867,Murder Mystery,514999,PG-13,Action;Comedy;Mystery,2019
1868,Triangle,26466,R,Horror,2009
1869,The Last Emperor,746,PG-13,Drama;History,1987
1870,The Transporter,4108,PG-13,Action;Crime;Thriller,2002
1871,Big,2280,PG,Fantasy;Drama;Comedy;Romance;Family,1988
1872,Fresh,787752,R,Horror;Thriller,2022
1873,Cold Mountain,2289,R,Drama;War;History;Adventure;Romance,2003
1874,Wallace & Gromit: The Curse of the Were-Rabbit,533,G,Adventure;Animation;Comedy;Family,2005
1875,The Substitute,20762,R,Action,1996
1876,The Call of the Wild,481848,PG,Adventure;Family;Drama,2020
1877,Knight and Day,37834,PG-13,Action;Comedy,2010
1878,The A-Team,34544,PG-13,Thriller;Action;Adventure;Comedy;Crime,2010
1879,Don't Worry Darling,619730,R,Thriller;Mystery;Drama,2022
1880,Malice,2246,R,Thriller,1993
1881,Riddick,87421,R,Science Fiction;Action;Thriller,2013
1882,It Lives Inside,1024773,PG-13,Horror;Mystery,2023
1883,Leap Year,25195,PG,Romance;Comedy,2010
1884,Suicide Squad: Hell to Pay,487242,R,Science Fiction;Action;Animation,2018
1885,Death Proof,1991,R,Action;Thriller,2007
1886,Suicide Squad: Hell to Pay,487242,R,Science Fiction;Action;Animation,2018
1887,Death Proof,1991,R,Action;Thriller,2007
1888,Enola Holmes 2,829280,PG-13,Adventure;Mystery;Crime,2022
1889,Abigail,575094,PG,Adventure;Fantasy;Mystery,2019
1890,The Smurfs 2,77931,PG,Fantasy;Family;Comedy;Animation,2013
1891,The Princess,759175,R,Action;Fantasy,2022
1892,There Will Be Blood,7345,R,Drama,2007
1893,Medieval,551271,R,Action;Drama;History,2022
1894,Shallow Hal,9889,PG-13,Comedy;Romance,2001
1895,Unfaithful,2251,R,Thriller;Drama,2002
1896,Legends of the Fall,4476,R,Adventure;Drama;Romance;War;Western,1994
1897,Mama Agnes,1233938,PG-13,Horror,2023
1899,Antz,8916,PG,Family;Animation;Adventure;Comedy,1998
1900,Easy A,37735,PG-13,Comedy,2010
1902,Beowulf,2310,PG-13,Adventure;Action;Animation,2007
1903,Joy,274479,PG-13,Drama;Comedy,2015
1904,Garfield: A Tail of Two Kitties,9513,PG,Animation;Comedy;Family;Adventure;Drama;Fantasy,2006
1905,You've Got Mail,9489,PG,Comedy;Romance,1998
1906,Escape Plan,107846,R,Action;Thriller,2013
1907,Teenage Mutant Ninja Turtles III,1499,PG,Action;Adventure;Comedy;Family;Fantasy;Science Fiction,1993
1908,Cruel Intentions,796,R,Drama;Romance,1999
1909,A Cinderella Story,11247,PG,Comedy;Family;Romance,2004
1910,I Origins,244267,R,Science Fiction;Drama,2014
1911,The Book of Daniel,227859,G,Fantasy;Drama,2013
1912,Conan the Barbarian,37430,R,Adventure;Fantasy;Action,2011
1913,Good Boys,521777,R,Comedy,2019
1914,Spotlight,314365,R,Drama;History,2015
1915,House of Wax,10066,R,Mystery;Horror;Thriller,2005
1916,Speed Zone,12236,PG,Comedy;Action,1989
1918,Rain Man,380,R,Drama,1988
1919,Paranormal Activity: The Ghost Dimension,146301,R,Horror;Thriller,2015
1920,Inside Man,388,R,Crime;Drama;Thriller,2006
1921,RED 2,146216,PG-13,Action;Comedy;Crime;Thriller,2013
1922,Into the Wild,5915,R,Adventure;Drama,2007
1923,Pixie Hollow Games,86130,G,Animation;Family,2011
1924,Finch,522402,PG-13,Science Fiction;Drama;Adventure,2021
1925,Army of the Dead,503736,R,Action;Crime;Horror,2021
1926,Beverly Hills Cop III,306,R,Action;Comedy;Crime,1994
1927,Million Dollar Baby,70,PG-13,Drama,2004
1928,127 Hours,44115,R,Adventure;Drama;Thriller,2010
1929,Red Dawn,60747,PG-13,Action;Thriller,2012
1931,House of Gucci,644495,R,Drama;History;Crime,2021
1932,They Live,8337,R,Science Fiction;Action,1988
1933,Piranha 3D,43593,R,Comedy;Horror,2010
1934,The Dirt,327331,R,Drama;Music;History;Comedy,2019
1935,Eight Legged Freaks,8869,PG-13,Action;Comedy;Horror;Thriller,2002
1936,Bloodshot,338762,PG-13,Action;Science Fiction;Adventure,2020
1937,The Exorcism of Emily Rose,8643,PG-13,Crime;Drama;Horror;Thriller,2005
1938,A Christmas Carol,17979,PG,Animation;Family;Fantasy,2009
1939,Elektra,9947,PG-13,Action;Fantasy;Adventure,2005
1941,Hook,879,PG,Adventure;Fantasy;Comedy;Family,1991
1944,Woody Woodpecker,462883,PG,Comedy;Family;Animation,2017
1945,Barbie: A Fashion Fairytale,44874,G,Family;Animation,2010
1946,Solaris,2103,PG-13,Drama;Science Fiction;Mystery,2002
1947,Charlie's Angels,4327,PG-13,Action;Adventure;Comedy;Crime;Thriller,2000
1948,Undisputed,15070,R,Drama;Crime,2002
1949,The Girl in the Spider's Web,446807,R,Action;Adventure;Crime,2018
1950,Once Upon a Studio,1139087,G,Animation;Family;Fantasy;Comedy,2023
1951,The Silencing,603119,R,Thriller;Action;Crime,2020
1952,The Specialist,2636,R,Action;Thriller,1994
1953,There's Something About Mary,544,R,Romance;Comedy,1998
1954,Bloodsport,11690,R,Action;Thriller,1988
1955,Spirit Untamed,637693,PG,Animation;Adventure;Family;Western,2021
1956,Step Up 3D,41233,PG-13,Drama;Romance,2010
1957,Blonde,301502,NC-17,Drama,2022
1958,Blonde,301502,NC-17,Drama,2022
1959,National Lampoon's Christmas Vacation,5825,PG-13,Comedy,1989
1960,Meet the Spartans,7278,PG-13,Comedy;War,2008
1961,Sing Street,369557,PG-13,Romance;Drama;Music,2016
1962,Golda,899524,PG-13,Drama;History;War,2023
1963,Ballerina,342473,PG,Animation;Adventure;Comedy;Family,2016
1964,Ace Ventura: Pet Detective,3049,PG-13,Comedy;Mystery,1994
1965,Spread,19918,R,Comedy;Romance,2009
1966,Moulin Rouge!,824,PG-13,Drama;Romance;Music,2001
1968,Sweeney Todd: The Demon Barber of Fleet Street,13885,R,Drama;Horror,2007
1969,You Are So Not Invited to My Bat Mitzvah,999644,PG-13,Comedy,2023
1970,Red Eye,11460,PG-13,Thriller;Mystery,2005
1971,Behind Enemy Lines,8007,PG-13,Action;Drama;Thriller;War,2001
1972,The Last Duel,617653,R,History;Drama;Action,2021
1973,Vacation Friends,653349,R,Comedy,2021
1974,Shrek the Halls,13394,PG,Adventure;Animation;Comedy;Fantasy;Family,2007
1975,The Karate Kid Part II,8856,PG,Adventure;Drama;Action;Romance;Family,1986
1976,Marlowe,844417,R,Mystery;Thriller;Crime,2023
1979,Unfrosted,844185,PG-13,Comedy;History,2024
1980,Escape Plan 2: Hades,440471,R,Action;Thriller;Mystery;Crime;Adventure,2018
1981,The House with a Clock in Its Walls,463821,PG,Fantasy;Family;Comedy,2018
1982,The Vanished,718400,R,Thriller;Horror;Crime;Action,2020
1983,Boogie Nights,4995,R,Drama,1997
1984,Ghostland,476299,R,Horror;Mystery;Thriller,2018
1986,Locked In,1064024,R,Thriller,2023
1987,Takers,22907,PG-13,Action;Crime;Drama;Thriller,2010
1988,Oldboy,87516,R,Drama;Thriller;Mystery;Action,2013
1989,The Green Knight,559907,R,Adventure;Drama;Fantasy,2021
1990,Vamp,34223,R,Comedy;Horror,1986
1991,The Fox and the Hound 2,9948,G,Adventure;Animation;Comedy;Family,2006
1992,6 Underground,509967,R,Action;Comedy;Thriller,2019
1993,The Bad Guys: A Very Bad Holiday,1046032,G,Animation;Comedy;Family;Action,2023
1994,Nanny McPhee and the Big Bang,35019,PG,Comedy;Fantasy;Family,2010
1995,The Nut Job 2: Nutty by Nature,335777,PG,Animation;Family;Adventure;Comedy,2017
1996,Barbie and the Diamond Castle,13004,G,Animation;Family,2008
1997,Borat Subsequent Moviefilm,740985,R,Comedy,2020
1998,Pompeii,76649,PG-13,Action;Adventure;History;Romance;Drama,2014
1999,Cobra,9874,R,Action;Crime;Thriller,1986
2000,The King's Speech,45269,R,Drama;History,2010
2001,"Legally Blonde 2: Red, White & Blonde",10327,PG-13,Comedy;Romance,2003
2002,The Firm,37233,R,Drama;Mystery;Thriller,1993
2003,She's the Man,9655,PG-13,Comedy;Romance,2006
2004,Broken Arrow,9208,R,Action;Thriller;Adventure,1996
2005,Hot Girls Wanted,318256,NC-17,Documentary,2015
2006,The Family Man,5994,PG-13,Comedy;Drama;Romance;Fantasy,2000
2007,Friday the 13th,13207,R,Horror,2009
2010,Everest,253412,PG-13,Adventure;Drama;History,2015
2011,The Thin Red Line,8741,R,Drama;History;War,1998
2012,War Room,323272,PG,Drama,2015
2013,Papillon,433498,R,Drama,2017
2014,The Babadook,242224,R,Drama;Horror,2014
2015,The Babadook,242224,R,Drama;Horror,2014
2016,The Descent,9392,R,Adventure;Horror,2005
2017,Fool's Gold,8676,PG-13,Adventure;Romance;Comedy,2008
2018,The Naked Gun 2½: The Smell of Fear,37137,PG-13,Comedy;Crime,1991
2019,Dog Soldiers,11880,R,Horror;Action;Thriller,2002
2020,Happy Feet Two,65759,PG,Animation;Comedy;Family,2011
2021,Umma,751237,PG-13,Horror;Mystery;Drama,2022
2022,Never Back Down 2: The Beatdown,70006,R,Drama;Action,2011
2024,Sleepers,819,R,Crime;Drama;Thriller,1996
2025,"Me, Myself & Irene",2123,R,Comedy,2000
2026,The Count of Monte Cristo,11362,PG-13,Adventure;Drama;History,2002
2027,Red Sonja,9626,PG-13,Adventure;Fantasy;Action,1985
2028,Spirited,632856,PG-13,Comedy,2022
2029,Death Race 2,51620,R,Action;Thriller;Science Fiction,2010
2030,Sanctuary,870518,R,Drama;Thriller,2023
2031,The Untouchables,117,R,Crime;History;Thriller,1987
2033,Chestnut: Hero of Central Park,34672,G,Family;Comedy,2004
2035,Hop,50359,PG,Animation;Comedy;Family,2011
2036,Sunshine,1272,R,Drama;Science Fiction;Thriller,2007
2037,Miss Congeniality,1493,PG-13,Comedy;Crime;Action,2000
2038,Drive Angry,47327,R,Fantasy;Thriller;Action;Crime,2011
2039,Desperado,8068,R,Thriller;Action;Crime,1995
2040,Crank: High Voltage,15092,R,Action;Thriller;Crime,2009
2041,Fractured,568091,R,Thriller,2019
2042,Stardust,2270,PG-13,Adventure;Fantasy;Romance;Family,2007
2043,The Giver,227156,PG-13,Drama;Science Fiction,2014
2044,Wild Hogs,11199,PG-13,Action;Adventure;Comedy,2007
2045,Child's Play,533642,R,Horror;Thriller,2019
2046,The Three Musketeers,52451,PG-13,Adventure;Action;Thriller,2011
2047,National Treasure,2059,PG,Adventure;Action;Thriller;Mystery,2004
2048,He's Just Not That Into You,10184,PG-13,Comedy;Romance;Drama,2009
2050,Hitch,8488,PG-13,Comedy;Drama;Romance,2005
2051,Bedazzled,1636,PG-13,Fantasy;Comedy;Romance,2000
2052,Shoot 'Em Up,4141,R,Action;Thriller;Comedy;Crime,2007
2053,Barbie Fairytopia: Mermaidia,13285,G,Animation;Family;Adventure;Fantasy,2006
2056,The Butterfly Effect 3: Revelations,16258,R,Science Fiction;Thriller;Drama;Crime,2009
2057,The Wolfman,7978,R,Horror;History;Drama;Thriller,2010
2058,Déjà Vu,7551,PG-13,Action;Thriller;Science Fiction,2006
2060,Lethal Weapon 3,943,R,Adventure;Action;Comedy;Thriller;Crime,1992
2061,The Boogeyman,532408,PG-13,Horror;Thriller;Mystery,2023
2062,Escape Room: Tournament of Champions,585216,PG-13,Horror;Thriller;Mystery,2021
2063,Under the Skin,97370,R,Thriller;Science Fiction;Drama,2014
2064,The Fugitive,5503,PG-13,Action;Thriller;Drama,1993
2066,The Little Prince,309809,PG,Adventure;Animation;Fantasy;Family,2015
2067,Children of Men,9693,R,Drama;Action;Thriller;Science Fiction,2006
2068,The Outfit,799876,R,Crime;Drama;Thriller;Mystery,2022
2069,Silent Hill: Revelation 3D,61012,R,Thriller;Horror;Mystery,2012
2070,Charlotte's Web,9986,G,Comedy;Family;Fantasy,2006
2071,A Million Ways to Die in the West,188161,R,Comedy;Western,2014
2072,Return to the Blue Lagoon,13888,PG-13,Adventure;Drama,1991
2073,Curse of Chucky,167032,R,Horror;Thriller,2013
2074,RoboCop 3,5550,PG-13,Action;Adventure;Crime;Science Fiction;Thriller,1993
2075,The Lego Movie 2: The Second Part,280217,PG,Action;Adventure;Animation;Comedy;Family,2019
2076,Boy Kills World,882059,R,Action;Thriller;Crime;Science Fiction,2024
2077,Lion,334543,PG-13,Drama,2016
2078,Justice League: Throne of Atlantis,297556,PG-13,Science Fiction;Action;Animation;Adventure,2015
2079,Lone Survivor,193756,R,War;Action;Drama,2013
2081,Confidential Informant,1070802,R,Thriller;Action;Mystery,2023
2082,Emma.,556678,PG,Comedy;Romance,2020
2083,Teenage Mutant Ninja Turtles,1498,PG,Science Fiction;Action;Adventure;Comedy;Family,1990
2084,Child's Play 2,11186,R,Horror;Thriller,1990
2085,Ender's Game,80274,PG-13,Science Fiction;Action;Adventure,2013
2086,Hawaiian Vacation,77887,G,Animation;Family;Comedy,2011
2087,The Happening,8645,R,Thriller;Science Fiction,2008
2088,Jarhead,25,R,Drama;War,2005
2089,Something the Lord Made,20544,PG,TV Movie;Drama,2004
2090,A Nightmare on Elm Street Part 2: Freddy's Revenge,10014,R,Horror,1985
2091,Natural Born Killers,241,R,Crime;Thriller;Drama,1994
2092,Descendants: The Rise of Red,974262,G,Fantasy;Adventure;Family;Comedy,2024
2093,Legend,276907,R,Crime;Thriller,2015
2094,The Drop,154400,R,Drama;Crime,2014
2095,¿Quieres ser mi hijo?,1181678,PG-13,Comedy;Romance,2023
2096,Mama,132232,PG-13,Horror,2013
2097,The Wild,9904,G,Family;Animation,2006
2098,Alive,7305,R,Adventure;Drama;History,1993
2099,Midnight in Paris,59436,PG-13,Fantasy;Comedy;Romance,2011
2100,Son of the Mask,10214,PG,Fantasy;Comedy;Family;Adventure,2005
2101,Diary of a Wimpy Kid: Rodrick Rules,60307,PG,Family;Comedy,2011
2102,Planes,151960,PG,Animation;Family;Adventure;Comedy,2013
2103,Horrible Bosses,51540,R,Comedy;Crime,2011
2105,Babe,9598,G,Fantasy;Drama;Comedy;Family,1995
2106,Brimstone,324560,R,Drama;Mystery;Thriller;Western,2016
2107,Scoob!,385103,PG,Animation;Comedy;Family;Mystery,2020
2108,The Guilty,567748,R,Drama;Thriller,2021
2109,Æon Flux,8202,PG-13,Science Fiction;Action;Thriller,2005
2110,The Spectacular Now,157386,R,Comedy;Drama;Romance,2013
2111,TMNT,1273,PG,Adventure;Animation;Comedy;Family,2007
2112,Blood and Bone,22164,R,Action;Crime;Thriller,2009
2113,Fair Play,910571,R,Drama;Thriller;Romance,2023
2114,Paul Blart: Mall Cop 2,256961,PG,Action;Comedy;Family,2015
2115,Uncle Drew,474335,PG-13,Comedy,2018
2116,Willow,847,PG,Action;Adventure;Fantasy,1988
2117,Robin Hood,20662,PG-13,Action;Adventure;Drama,2010
2118,John Q,8470,PG-13,Drama;Thriller;Crime,2002
2119,Wedding Crashers,9522,R,Comedy;Romance,2005
2120,The Nutcracker and the Four Realms,426543,PG,Fantasy;Adventure;Family,2018
2121,Halo: Nightfall,487186,PG-13,Science Fiction;Action;Adventure,2014
2122,Halo: Nightfall,487186,PG-13,Science Fiction;Action;Adventure,2014
2123,Bridesmaids,55721,R,Comedy;Romance,2011
2124,The Taking of Deborah Logan,297608,R,Horror;Mystery;Thriller,2014
2125,The Unbearable Weight of Massive Talent,648579,R,Action;Comedy;Crime,2022
2126,The Great Mouse Detective,9994,G,Animation;Family;Adventure;Mystery,1986
2127,Blitz,55846,R,Crime;Action;Thriller,2011
2128,Tom and Jerry: The Fast and the Furry,42246,G,Animation;Comedy;Family,2005
2129,August Rush,5123,PG,Family;Drama;Music,2007
2130,Under Siege,8845,R,Action;Thriller,1992
2131,Sex Drive,13523,R,Comedy;Adventure;Romance,2008
2132,A Haunted House,139038,R,Comedy;Horror,2013
2134,The Adventures of Tintin,17578,PG,Adventure;Animation;Mystery,2011
2135,Sweet Girl,619297,R,Action;Thriller;Drama,2021
2136,Barbie in A Mermaid Tale,34134,G,Animation;Family;Fantasy,2010
2137,DodgeBall: A True Underdog Story,9472,PG-13,Comedy,2004
2138,Safe,72387,R,Action;Crime;Thriller,2012
2139,Barbie in the Nutcracker,15167,G,Animation;Family,2001
2140,Fracture,6145,R,Thriller,2007
2141,New Nightmare,11596,R,Horror;Mystery;Fantasy,1994
2142,My Sister's Keeper,10024,PG-13,Drama,2009
2143,The 5th Wave,299687,PG-13,Science Fiction;Adventure;Action,2016
2144,Equilibrium,7299,R,Action;Science Fiction;Thriller,2002
2145,Carlito's Way,6075,R,Crime;Drama;Romance;Thriller,1993
2146,Tom Clancy's Without Remorse,567189,R,Adventure;Action;Thriller;War,2021
2147,Red Heat,9604,R,Action;Crime,1988
2148,Death Becomes Her,9374,PG-13,Comedy;Fantasy;Horror,1992
2149,Awakenings,11005,PG-13,Drama,1990
2150,The Witches,10166,PG,Fantasy;Family;Horror,1990
2151,BlacKkKlansman,487558,R,Comedy;Crime;Drama;History,2018
2152,Scent of a Woman,9475,R,Drama,1992
2153,The Time Traveler's Wife,24420,PG-13,Drama;Romance;Fantasy,2009
2154,Ghost Ship,9645,R,Horror;Mystery;Thriller,2002
2156,An American Crime,13008,R,Crime;Drama;Horror,2007
2157,S.W.A.T.,9257,PG-13,Action;Thriller;Crime,2003
2158,Woodlawn,333596,PG,Drama,2015
2159,Dracula Untold,49017,PG-13,Horror;Action;Fantasy,2014
2160,The Lost City of Z,314095,PG-13,Adventure;Drama;History,2017
2161,Ocean's Thirteen,298,PG-13,Crime;Thriller,2007
2162,The Lost City of Z,314095,PG-13,Adventure;Drama;History,2017
2163,Ocean's Thirteen,298,PG-13,Crime;Thriller,2007
2164,A Beautiful Day in the Neighborhood,501907,PG,Drama;History,2019
2165,The Scorpion King 2: Rise of a Warrior,13486,PG-13,Action;Adventure;Fantasy;Science Fiction,2008
2166,Dreamcatcher,6171,R,Drama;Horror;Science Fiction;Thriller,2003
2167,Trouble with the Curve,87825,PG-13,Drama;Romance,2012
2168,Outbreak,6950,R,Action;Drama;Science Fiction;Thriller,1995
2169,The Old Guard,547016,R,Action;Fantasy,2020
2171,A View to a Kill,707,PG,Adventure;Action;Thriller,1985
2172,Casper,8839,PG,Fantasy;Comedy;Family,1995
2173,Breakthrough,514439,PG,Drama,2019
2174,Instant Family,491418,PG-13,Comedy;Drama,2018
2175,The Bridges of Madison County,688,PG-13,Drama;Romance,1995
2176,Stuart Little,10137,PG,Family;Fantasy;Comedy;Adventure;Animation,1999
2177,3:10 to Yuma,5176,R,Western,2007
2178,Clerks II,2295,R,Comedy,2006
2179,The Ballad of Buster Scruggs,537996,R,Western;Comedy;Drama,2018
2180,Inside,958196,R,Thriller;Drama,2023
2181,Vice,307663,R,Thriller;Science Fiction;Action;Adventure,2015
2182,Emily the Criminal,862965,R,Crime;Drama;Thriller,2022
2183,Austin Powers in Goldmember,818,PG-13,Comedy;Crime;Science Fiction,2002
2184,Wild Child,13971,PG-13,Comedy;Drama;Romance,2008
2185,Father Stu,809140,PG-13,Drama,2022
2186,Missing,768362,PG-13,Thriller;Mystery;Drama,2023
2187,The Bourne Legacy,49040,PG-13,Action;Thriller,2012
2188,Jiu Jitsu,590706,R,Action;Science Fiction;Fantasy,2020
2189,The Hitchhiker's Guide to the Galaxy,7453,PG,Adventure;Comedy;Science Fiction,2005
2190,Jason Goes to Hell: The Final Friday,10285,R,Horror;Thriller,1993
2191,Mary Magdalene,407439,R,Drama,2018
2192,Sliver,867,R,Drama;Thriller,1993
2193,Over the Top,1825,PG,Action;Drama,1987
2194,Nefarious,913673,R,Horror;Thriller,2023
2195,National Treasure: Book of Secrets,6637,PG,Action;Adventure;Mystery;Thriller,2007
2196,Hostel: Part III,71670,R,Horror,2011
2197,Lady and the Tramp II: Scamp's Adventure,18269,G,Family;Animation;Romance;Adventure,2001
2198,Kronk's New Groove,13417,G,Animation;Comedy;Family,2005
2199,Ocean's Twelve,163,PG-13,Thriller;Crime,2004
2200,Legend of the Guardians: The Owls of Ga'Hoole,41216,PG,Animation;Adventure;Family;Fantasy,2010
2202,Naked Gun 33⅓: The Final Insult,36593,PG-13,Comedy;Crime,1994
2203,Fist Fight,345922,R,Comedy,2017
2204,Pleasure or Pain,251783,R,Drama;Thriller,2013
2205,Barbarian,913290,R,Horror;Mystery;Thriller,2022
2206,After Earth,82700,PG-13,Science Fiction;Action;Adventure,2013
2207,Elephant,1807,R,Crime;Drama,2003
2208,The Scorpion King,9334,PG-13,Action;Adventure;Fantasy;Drama,2002
2209,Into the Blue,11968,PG-13,Action;Thriller;Adventure;Crime,2005
2210,The War Zone,42739,R,Drama,1999
2211,Foe,760245,R,Science Fiction;Drama,2023
2212,Klaus,508965,PG,Animation;Family;Adventure;Comedy;Fantasy,2019
2213,The Strangers: Prey at Night,371608,R,Horror;Thriller,2018
2214,The Monkey King,832502,PG,Animation;Fantasy;Adventure;Family;Comedy,2023
2215,Bedtime Stories,10202,PG,Fantasy;Comedy;Family;Romance,2008
2216,Babel,1164,R,Drama,2006
2217,Day Shift,755566,R,Action;Fantasy;Horror;Comedy,2022
2218,Super Mario Bros.,9607,PG,Adventure;Fantasy;Comedy;Family,1993
2219,The Phantom of the Opera,9833,PG-13,Thriller;Drama;Romance,2004
2220,Rustin,898713,PG-13,Drama;History,2023
2222,The Avengers,9320,PG-13,Action;Adventure;Thriller;Science Fiction;Comedy,1998
2223,Nutty Professor II: The Klumps,12107,PG-13,Fantasy;Comedy;Romance;Science Fiction,2000
2225,Survivor,334074,PG-13,Action;Crime;Mystery;Thriller,2015
2226,47 Ronin,64686,PG-13,Drama;Action;Fantasy,2013
2227,Marcel the Shell with Shoes On,869626,PG,Animation;Comedy;Drama;Family;Fantasy,2022
2228,Dennis the Menace,12139,PG,Family;Comedy,1993
2229,Minority Report,180,PG-13,Science Fiction;Action;Thriller,2002
2230,Anger Management,9506,PG-13,Comedy,2003
2231,Z-O-M-B-I-E-S,483980,G,Music;Fantasy;Comedy;Romance;Horror;TV Movie,2018
2232,Anger Management,9506,PG-13,Comedy,2003
2233,Z-O-M-B-I-E-S,483980,G,Music;Fantasy;Comedy;Romance;Horror;TV Movie,2018
2234,Zero Dark Thirty,97630,R,Thriller;Drama,2012
2235,Hoodwinked!,10982,PG,Animation;Comedy;Family;Crime,2005
2236,Fistful of Vengeance,890656,R,Action;Fantasy,2022
2237,Scooby-Doo on Zombie Island,13151,PG,Animation;Mystery;Family;Horror,1998
2238,Shocker,12521,R,Horror;Thriller;Fantasy,1989
2239,Stuart Little 2,10996,G,Family;Adventure;Animation;Comedy,2002
2240,Captain Phillips,109424,PG-13,Action;Drama;Thriller,2013
2241,The Loud House Movie,410113,G,Animation;Family;Comedy;Adventure;Fantasy,2021
2242,Apex,763164,PG-13,Action;Thriller;Science Fiction,2021
2243,Trial by Fire,481880,R,Drama;Crime,2019
2244,Eagle Eye,13027,PG-13,Mystery;Thriller;Action,2008
2245,The Desperate Hour,764835,PG-13,Thriller,2021
2246,Taxi,11045,PG-13,Action;Comedy;Thriller;Crime,2004
2248,The Blackening,1008392,R,Horror;Comedy,2023
2249,Fear Street: 1978,591274,R,Mystery;Horror,2021
2250,Revolutionary Road,4148,R,Drama;Romance,2008
2251,School of Rock,1584,PG-13,Comedy;Music,2003
2252,Do Revenge,762968,R,Comedy;Thriller;Romance,2022
2253,30 Days of Night,4513,R,Horror;Thriller,2007
2254,Manchester by the Sea,334541,R,Drama,2016
2255,Monster,504,R,Crime;Drama,2003
2256,Magic Mike's Last Dance,906221,R,Comedy;Drama;Romance,2023
2257,Batman: Mask of the Phantasm,14919,PG,Action;Animation;Crime;Mystery;Drama,1993
2258,mid90s,437586,R,Drama;Comedy,2018
2259,That's My Boy,87428,R,Comedy;Drama,2012
2260,Paranormal Activity 4,82990,R,Horror,2012
2261,Werewolf by Night,894205,PG-13,Action;Fantasy;Horror,2022
2262,Journey to the Center of the Earth,88751,PG,Action;Science Fiction;Adventure;Comedy;Family,2008
2263,Unknown,48138,PG-13,Action;Mystery;Thriller,2011
2264,Paddington,116149,PG,Comedy;Adventure;Family,2014
2265,Mowgli: Legend of the Jungle,407436,PG-13,Adventure;Drama,2018
2266,Lucky Number Slevin,186,R,Drama;Thriller;Crime;Mystery,2006
2267,Darkest Hour,399404,PG-13,Drama;History,2017
2269,Blue Streak,11001,PG-13,Action;Comedy;Crime,1999
2270,Only the Brave,395991,PG-13,Drama;Action,2017
2271,The Loft,72784,R,Thriller,2014
2272,Warm Bodies,82654,PG-13,Horror;Comedy;Romance,2013
2273,Voyagers,597890,PG-13,Science Fiction;Thriller,2021
2275,Barbie and the Three Musketeers,23566,G,Animation;Family,2009
2276,The Ugly Truth,20943,R,Comedy;Romance,2009
2277,Scrooge: A Christmas Carol,1001865,G,Animation;Family;Fantasy,2022
2278,Harold & Kumar Escape from Guantanamo Bay,13335,R,Comedy;Adventure,2008
2279,High Heat,1015963,R,Action;Thriller;Crime;Comedy,2022
2280,Sister Act 2: Back in the Habit,6279,PG,Music;Comedy,1993
2281,Speed 2: Cruise Control,1639,PG-13,Action;Adventure;Thriller,1997
2282,The Devil Conspiracy,296271,R,Horror;Fantasy;Science Fiction;Thriller,2023
2283,Accident Man,455236,R,Action;Crime;Thriller,2018
2284,Tremors 5: Bloodlines,339530,PG-13,Action;Adventure;Comedy;Horror;Science Fiction,2015
2285,Night at the Museum: Battle of the Smithsonian,18360,PG,Adventure;Fantasy;Action;Comedy;Family,2009
2286,Jackie Brown,184,R,Crime;Drama;Thriller,1997
2287,Beverly Hills Chihuahua,14405,PG,Comedy;Family;Adventure;Romance,2008
2288,Little Fockers,39451,PG-13,Comedy;Romance,2010
2289,Mean Girls 2,51481,PG-13,Comedy,2011
2290,Hell or High Water,338766,R,Western;Crime;Drama,2016
2291,Hotel Artemis,406761,R,Thriller;Science Fiction;Action,2018
2292,I Care a Lot,601666,R,Comedy;Crime;Thriller;Drama,2021
2293,Malignant,619778,R,Horror,2021
2294,Mars Attacks!,75,PG-13,Comedy;Fantasy;Science Fiction,1996
2295,Big Fish,587,PG-13,Adventure;Fantasy;Drama,2003
2296,Happy Gilmore,9614,PG-13,Comedy,1996
2297,Open Season,7484,PG,Animation;Family;Adventure;Comedy,2006
2298,The Other Guys,27581,PG-13,Action;Comedy;Crime,2010
2299,Anaconda 3: Offspring,14863,R,Horror;Fantasy;Action;Adventure;TV Movie,2008
2300,Down,571055,R,Horror;Drama;Thriller;TV Movie,2019
2301,Unhinged,625568,R,Action;Thriller,2020
2302,Kiss and Kill,460229,NC-17,Mystery;Thriller;Romance,2017
2303,Anaconda 3: Offspring,14863,R,Horror;Fantasy;Action;Adventure;TV Movie,2008
2304,Down,571055,R,Horror;Drama;Thriller;TV Movie,2019
2305,Unhinged,625568,R,Action;Thriller,2020
2306,Kiss and Kill,460229,NC-17,Mystery;Thriller;Romance,2017
2307,Spy Kids: Armageddon,790493,PG,Family;Comedy;Adventure;Science Fiction,2023
2308,Breakdown,2163,R,Crime;Drama;Mystery,1997
2309,Damaged,1105407,R,Action;Crime;Thriller,2024
2310,The Impossible,80278,PG-13,Adventure;Drama;Thriller,2012
2311,The League of Extraordinary Gentlemen,8698,PG-13,Fantasy;Action;Thriller;Science Fiction,2003
2312,The Guardian,4643,PG-13,Action;Adventure;Drama,2006
2313,Doctor Dolittle,3050,PG-13,Comedy;Family;Fantasy,1998
2314,"Honey, I Shrunk the Kids",9354,PG,Adventure;Comedy;Family;Science Fiction,1989
2315,Confessions of a Shopaholic,20048,PG,Comedy;Romance,2009
2316,The Lighthouse,503919,R,Drama;Fantasy;Thriller,2019
2318,Zebra Lounge,59940,R,Thriller,2001
2319,No Escape,192141,R,Thriller;Action,2015
2320,Possessor,435615,R,Horror;Thriller;Science Fiction,2020
2321,The Basketball Diaries,10474,R,Drama;Crime,1995
2323,Hellraiser: Bloodline,8766,R,Horror;Science Fiction,1996
2324,Disaster Movie,13805,PG-13,Comedy;Science Fiction,2008
2325,The Hating Game,603661,R,Drama;Comedy;Romance,2021
2326,The Thirteenth Floor,1090,R,Thriller;Science Fiction;Mystery,1999
2327,Valkyrie,2253,PG-13,Drama;Thriller;War,2008
2328,The Kissing Booth 2,583083,PG-13,Comedy;Romance,2020
2329,One Bad Apple: A Hannah Swensen Mystery,1248298,G,Mystery;Drama,2024
2330,The Ant Bully,9906,PG,Fantasy;Adventure;Animation;Comedy;Family,2006
2331,Krampus,287903,PG-13,Horror;Comedy;Fantasy,2015
2332,Krampus,287903,PG-13,Horror;Comedy;Fantasy,2015
2333,Spy Kids 3-D: Game Over,12279,PG,Action;Adventure;Comedy;Family;Science Fiction,2003
2334,The Rundown,10159,PG-13,Adventure;Action;Comedy;Thriller,2003
2335,Replicas,300681,PG-13,Science Fiction;Thriller;Drama,2018
2336,Bodies Bodies Bodies,520023,R,Comedy;Horror;Mystery,2022
2337,Outlaw King,454227,R,Action;History;War,2018
2338,Tremors II: Aftershocks,11069,PG-13,Action;Horror;Comedy;Science Fiction;Thriller,1996
2339,Police Academy 5: Assignment Miami Beach,11825,PG,Comedy;Crime,1988
2340,The Engineer,1156255,R,Action;Thriller;Mystery,2023
2341,Still Alice,284293,PG-13,Drama,2014
2342,The Game,2649,R,Drama;Thriller;Mystery,1997
2343,Where the Crawdads Sing,682507,PG-13,Drama;Mystery;Romance,2022
2344,"Paul, Apostle of Christ",476968,PG-13,Drama,2018
2345,Spaceballs,957,PG,Comedy;Science Fiction,1987
2346,Public Enemies,11322,R,Crime;History,2009
2347,The Last of the Mohicans,9361,R,Action;Adventure;Drama;History;Romance;War,1992
2348,The Killing of a Sacred Deer,399057,R,Drama;Thriller;Mystery,2017
2349,"Mickey, Donald, Goofy: The Three Musketeers",21385,G,Adventure;Animation;Comedy;Family,2004
2350,Teen Titans Go! To the Movies,474395,PG,Animation;Action;Comedy;Science Fiction,2018
2351,The Rite,48171,PG-13,Drama;Thriller;Horror,2011
2352,Jaws: The Revenge,580,PG-13,Adventure;Thriller;Horror,1987
2353,Triangle of Sadness,497828,R,Comedy;Drama,2022
2354,Isle of Dogs,399174,PG-13,Adventure;Comedy;Animation,2018
2355,The Shallows,332567,PG-13,Horror;Drama;Thriller,2016
2356,Hugo,44826,PG,Adventure;Drama;Family,2011
2357,Promising Young Woman,582014,R,Thriller;Crime;Drama,2020
2358,The Longest Ride,228205,PG-13,Drama;Romance,2015
2359,L.A. Confidential,2118,R,Crime;Mystery;Thriller,1997
2360,"Angus, Thongs and Perfect Snogging",12689,PG-13,Comedy;Drama;Family;Romance,2008
2361,Overboard,10780,PG,Comedy;Romance,1987
2362,Above the Law,9395,R,Action;Thriller;Drama,1988
2364,Barbie: A Fairy Secret,57737,G,Animation;Family;Fantasy,2011
2365,Barbie as Rapunzel,15015,G,Animation;Family,2002
2366,U-571,3536,PG-13,War;Action;Adventure,2000
2367,The Pink Panther 2,15159,PG,Comedy;Mystery,2009
2368,In the Heart of the Sea,205775,PG-13,Thriller;Drama;Adventure;Action;History,2015
2369,Eragon,2486,PG,Fantasy;Action;Adventure;Family,2006
2370,Tank Girl,9067,R,Action;Comedy;Science Fiction;Fantasy,1995
2371,Jack and Jill,71880,PG,Comedy,2011
2372,The Hills Have Eyes 2,9793,R,Horror;Thriller,2007
2373,Pitch Perfect,114150,PG-13,Comedy;Music;Romance,2012
2374,Resident Evil,1576,R,Horror;Action;Science Fiction,2002
2375,Ace Ventura: When Nature Calls,9273,PG-13,Crime;Comedy;Adventure,1995
2376,Resident Evil,1576,R,Horror;Action;Science Fiction,2002
2377,Ace Ventura: When Nature Calls,9273,PG-13,Crime;Comedy;Adventure,1995
2378,Wonder Park,400157,PG,Comedy;Animation;Adventure;Family;Fantasy,2019
2379,Faster,41283,R,Crime;Drama;Action;Thriller,2010
2380,Collateral,1538,R,Drama;Crime;Thriller,2004
2381,The Hitcher,9542,R,Horror;Action;Thriller,1986
2382,"Big Mommas: Like Father, Like Son",38322,PG-13,Crime;Comedy;Action,2011
2383,Chupa,736790,PG,Adventure;Fantasy;Family,2023
2384,Wrong Turn 6: Last Resort,259072,R,Horror,2014
2386,Stonehearst Asylum,207933,PG-13,Thriller;Mystery;Horror,2014
2387,Snitch,134411,PG-13,Thriller;Drama;Action,2013
2388,Alexander,1966,R,War;History;Action;Adventure;Drama;Romance,2004
2389,Home Alone 4,12536,PG,Comedy;Family;TV Movie,2002
2390,Gran Torino,13223,R,Drama,2008
2391,The Family,112205,R,Crime;Comedy;Action,2013
2392,Dark Shadows,62213,PG-13,Comedy;Fantasy,2012
2393,The Favourite,375262,R,Drama;Comedy;Thriller,2018
2394,1408,3021,PG-13,Horror;Mystery,2007
2395,Beverly Hills Cop II,96,R,Action;Comedy;Crime,1987
2396,Donnie Brasco,9366,R,Crime;Drama;Thriller,1997
2397,Step Up 2: The Streets,8328,PG-13,Music;Drama;Romance,2008
2398,Anacondas: Trail of Blood,19543,R,Horror;Fantasy;Action;Adventure;TV Movie,2009
2399,Operation Finale,493551,PG-13,Drama;History;Thriller,2018
2400,The Girl with All the Gifts,375366,R,Action;Horror;Science Fiction,2016
2401,Under Siege 2: Dark Territory,3512,R,Action;Thriller,1995
2402,Ladyhawke,526,PG-13,Adventure;Comedy;Fantasy,1985
2403,Operation Finale,493551,PG-13,Drama;History;Thriller,2018
2404,The Girl with All the Gifts,375366,R,Action;Horror;Science Fiction,2016
2405,Under Siege 2: Dark Territory,3512,R,Action;Thriller,1995
2406,Ladyhawke,526,PG-13,Adventure;Comedy;Fantasy,1985
2407,"Batman: The Dark Knight Returns, Part 2",142061,PG-13,Science Fiction;Action;Animation;Mystery,2013
2408,Deuce Bigalow: European Gigolo,11453,R,Comedy,2005
2409,Crocodile Dundee,9671,PG-13,Adventure;Comedy,1986
2410,Escape Room,522681,PG-13,Horror;Thriller;Mystery,2019
2411,The Last House on the Left,18405,R,Crime;Thriller;Horror;Drama,2009
2412,Sinister 2,283445,R,Horror,2015
2413,Home Alone: The Holiday Heist,134375,PG,Comedy;Family;TV Movie,2012
2414,Bad Teacher,52449,R,Comedy,2011
2415,Elf,10719,PG,Comedy;Family;Fantasy,2003
2417,Joan of Arc,10047,R,Adventure;Drama;Action;History;War,1999
2418,Last Action Hero,9593,PG-13,Adventure;Fantasy;Action;Comedy;Family,1993
2419,Gone Baby Gone,4771,R,Crime;Drama;Mystery,2007
2420,Son of God,235260,PG-13,Drama,2014
2421,The Boss Baby: Christmas Bonus,1045944,PG,Animation;Family;Adventure,2022
2422,Scooby-Doo 2: Monsters Unleashed,11024,PG,Mystery;Fantasy;Adventure;Comedy,2004
2423,Big Momma's House 2,11565,PG-13,Comedy;Crime,2006
2424,Inside Llewyn Davis,86829,R,Drama;Music,2013
2425,The Man in the Iron Mask,9313,PG-13,Adventure;Action;Drama,1998
2426,Police Academy 6: City Under Siege,11895,PG,Comedy;Crime,1989
2427,Night Train,1007427,PG-13,Action;Thriller;Crime,2023
2428,Anchorman 2: The Legend Continues,109443,PG-13,Comedy,2013
2429,Nine 1/2 Weeks,10068,R,Romance;Drama,1986
2430,The Aviator,2567,PG-13,Drama,2004
2431,Payback,2112,R,Action;Drama;Crime,1999
2432,The Tourist,37710,PG-13,Action;Thriller;Romance,2010
2433,Freedom Writers,1646,PG-13,Crime;Drama,2007
2434,A Most Violent Year,241239,R,Crime;Drama;Thriller,2014
2436,Sleepy Hollow,2668,R,Drama;Fantasy;Thriller;Mystery;Horror,1999
2437,Downton Abbey,535544,PG,Drama;Romance;History,2019
2438,Gamer,18501,R,Action;Thriller;Science Fiction,2009
2439,Mannequin,10019,PG,Comedy;Romance;Fantasy,1987
2440,Truth or Dare,460019,PG-13,Thriller;Horror,2018
2441,Punch-Drunk Love,8051,R,Romance;Drama;Comedy,2002
2442,Trollhunters: Rise of the Titans,730840,PG,Animation;Fantasy;Family;Action;Adventure,2021
2443,All the Beauty and the Bloodshed,1004663,R,Documentary,2022
2444,Dark Harvest,675531,R,Horror;Fantasy;Thriller,2023
2445,Kubo and the Two Strings,313297,PG,Animation;Adventure;Family,2016
2446,Halloween,2082,R,Horror,2007
2447,Before Sunrise,76,R,Drama;Romance,1995
2448,"Confess, Fletch",724665,R,Comedy;Mystery;Crime,2022
2449,Rogue,718444,R,Action;Adventure,2020
2450,Aloha,222936,PG-13,Drama;Comedy;Romance,2015
2451,Army of Darkness,766,R,Fantasy;Horror;Comedy,1992
2452,Striptease,9879,R,Comedy;Crime;Drama,1996
2453,Memoirs of a Geisha,1904,PG-13,Drama;Romance;History,2005
2454,Tango & Cash,9618,R,Action;Thriller;Comedy;Drama,1989
2456,Loop,574089,PG,Animation;Family,2019
2460,End of Watch,77016,R,Crime;Drama;Thriller,2012
2462,Weird Science,11814,PG-13,Comedy;Romance;Science Fiction,1985
2463,Peter Pan,10601,PG,Adventure;Fantasy;Family,2003
2464,"sex, lies, and videotape",1412,R,Drama,1989
2465,Cherry,544401,R,Drama;Crime,2021
2466,Candyman,9529,R,Drama;Horror;Thriller,1992
2467,Planes: Fire & Rescue,218836,PG,Animation;Comedy;Adventure;Family,2014
2468,Pooh's Heffalump Movie,13682,G,Family;Animation;Comedy;Fantasy,2005
2470,The Baker,823395,R,Action;Drama;Crime,2023
2471,Lara Croft: Tomb Raider - The Cradle of Life,1996,PG-13,Action;Adventure;Fantasy;Thriller,2003
2472,Wild Things,617,R,Mystery;Thriller;Drama,1998
2473,Monster High: The Movie,335795,G,Family;Fantasy;Comedy;Adventure,2022
2475,Iron Sky: The Coming Race,302349,R,Action;Comedy;Fantasy;Science Fiction,2019
2476,The Dictator,76493,R,Comedy,2012
2478,Good Luck Chuck,10030,R,Comedy;Romance,2007
2479,House,11415,R,Comedy;Horror;Fantasy,1986
2480,Philadelphia,9800,PG-13,Drama,1993
2482,Room,264644,R,Drama;Thriller,2015
2483,Us,458723,R,Horror;Thriller,2019
2484,Old School,11635,R,Comedy,2003
2485,Near Dark,11879,R,Horror,1987
2486,First Man,369972,PG-13,History;Drama,2018
2487,Leroy & Stitch,21316,G,Animation;Comedy;Family,2006
2488,River Wild,1000475,PG-13,Mystery;Thriller;Adventure,2023
2489,River Wild,1000475,PG-13,Mystery;Thriller;Adventure,2023
2490,Phineas and Ferb The Movie: Candace Against the Universe,594328,G,Family;Animation;Science Fiction;Comedy,2020
2492,Kung Fu Panda: Secrets of the Scroll,381693,G,Animation;Family;Comedy,2016
2493,How to Lose a Guy in 10 Days,9919,PG-13,Comedy;Romance,2003
2494,The Craft: Legacy,590995,PG-13,Horror;Drama;Fantasy,2020
2495,Uncle Buck,2616,PG,Comedy;Drama;Family,1989
2497,Anchorman: The Legend of Ron Burgundy,8699,PG-13,Comedy,2004
2498,Aftermath,390051,R,Drama;Thriller,2017
2499,Oliver & Company,12233,G,Animation;Comedy;Family,1988
2501,Hostel: Part II,1691,R,Horror,2007
2502,Paranormal Activity 2,41436,R,Horror;Mystery,2010
2503,Moonrise Kingdom,83666,PG-13,Comedy;Drama;Romance,2012
2504,Miss Bala,500852,PG-13,Action,2019
2505,All Hallows' Eve,231001,R,Horror,2013
2506,The Human Centipede 3 (Final Sequence),94365,R,Horror;Comedy,2015
2508,The Burial,763165,R,Comedy;Drama,2023
2509,The Faculty,9276,R,Horror;Science Fiction;Mystery,1998
2510,Overcomer,527776,PG,Drama,2019
2511,The Exorcist III,11587,R,Horror;Mystery,1990
2512,Big Trouble in Little China,6978,PG-13,Comedy;Action;Fantasy,1986
2513,Inkheart,2309,PG,Adventure;Family;Fantasy,2008
2514,Jurassic Park,329,PG-13,Adventure;Science Fiction,1993
2516,Lock Up,9972,R,Action;Crime,1989
2517,Underwater,443791,PG-13,Horror;Science Fiction;Action;Adventure,2020
2518,Transcendence,157353,PG-13,Thriller;Science Fiction;Drama;Mystery,2014
2519,RV,9530,PG,Family;Comedy;Romance;Drama,2006
2520,Lady and the Tramp,512895,PG,Family;Romance;Comedy,2019
2522,The Net,1642,PG-13,Crime;Drama;Mystery;Thriller;Action,1995
2524,Big Daddy,9032,PG-13,Comedy;Drama,1999
2525,Spring Breakers,122081,R,Drama;Crime,2013
2526,Creep,250574,R,Horror,2014
2527,The Invisible Man,570670,R,Thriller;Science Fiction;Horror,2020
2528,Fantasy Island,539537,PG-13,Horror;Fantasy;Adventure;Mystery,2020
2530,The Ridiculous 6,347969,PG-13,Western;Comedy,2015
2531,Lights Out,345911,PG-13,Horror,2016
2532,Surf's Up,9408,PG,Animation;Comedy;Family,2007
2533,When Harry Met Sally...,639,R,Comedy;Romance;Drama,1989
2534,The Commuter,399035,PG-13,Action;Thriller;Mystery,2018
2536,Cheaper by the Dozen 2,9641,PG,Comedy;Family;Adventure,2005
2537,Serendipity,9778,PG-13,Comedy;Romance;Drama,2001
2538,Selena,16052,PG,Drama;Music;History,1997
2539,Remember the Titans,10637,PG,Drama,2000
2542,Beautiful Boy,451915,R,Drama,2018
2543,mother!,381283,R,Drama;Thriller;Horror,2017
2544,TÁR,817758,R,Drama;Music,2022
2545,The Virgin Suicides,1443,R,Drama;Romance,2000
2546,The Ninth Gate,622,R,Mystery;Thriller;Horror,1999
2547,Friday the 13th Part VI: Jason Lives,10225,R,Horror;Thriller,1986
2548,Sky High,11459,PG,Adventure;Comedy;Family,2005
2549,Traffic,1900,R,Thriller;Drama;Crime,2000
2550,Braven,459910,R,Drama;Action;Thriller,2018
2551,The Christmas Chronicles: Part Two,654028,PG,Family;Fantasy;Adventure;Comedy,2020
2552,Superhero Movie,11918,PG-13,Comedy;Action;Science Fiction,2008
2553,Cosmic Sin,681887,R,Action;Adventure;Science Fiction,2021
2554,The House Bunny,12620,PG-13,Romance;Comedy,2008
2555,Lethal Weapon 4,944,R,Action;Adventure;Comedy;Crime;Thriller,1998
2556,Outlander,10529,R,Science Fiction;Action,2008
2557,Herbie Fully Loaded,11451,G,Comedy;Family;Adventure;Fantasy;Romance,2005
2558,Police Academy 2: Their First Assignment,10157,PG-13,Comedy;Crime,1985
2559,Escape From Germany,1129508,PG,History;Drama;War,2024
2560,The Return of Jafar,15969,G,Family;Adventure;Animation;Romance,1994
2562,Insomnia,320,R,Crime;Thriller,2002
2563,James and the Giant Peach,10539,PG,Adventure;Animation;Family;Fantasy,1996
2565,Ooops! Noah Is Gone...,326215,G,Animation;Adventure;Comedy;Family,2015
2566,Bill & Ted Face the Music,501979,PG-13,Comedy;Science Fiction;Adventure,2020
2567,Fifty Shades of Black,351819,R,Romance;Comedy,2016
2568,Dr. Jekyll and Ms. Hyde,37019,PG-13,Comedy;Horror;Science Fiction,1995
2570,Major League,9942,R,Comedy,1989
2571,Justice League Dark: Apokolips War,618344,R,Animation;Action;Science Fiction,2020
2572,Twins,9493,PG,Comedy,1988
2573,Doom,8814,R,Action;Horror;Science Fiction,2005
2574,LEGO Marvel Avengers: Code Red,1154598,G,Animation;Action;Family,2023
2576,Robin Hood: Men in Tights,8005,PG-13,Comedy,1993
2577,Gremlins 2: The New Batch,928,PG-13,Comedy;Horror;Fantasy,1990
2578,Inherent Vice,171274,R,Drama;Mystery;Comedy,2014
2579,The Butterfly Effect 2,14620,R,Drama;Science Fiction;Thriller,2006
2580,Superman IV: The Quest for Peace,11411,PG,Action;Adventure;Science Fiction,1987
2581,Planet Terror,1992,R,Horror;Action;Thriller,2007
2582,Kalifornia,10909,R,Thriller;Crime,1993
2583,Tooth Fairy,23023,PG,Comedy;Family;Fantasy,2010
2584,Hostage,2026,R,Action;Thriller;Crime,2005
2585,Enola Holmes,497582,PG-13,Adventure;Mystery;Crime,2020
2587,Sharper,717980,R,Thriller;Crime;Drama,2023
2588,The Reaping,1683,R,Horror,2007
2589,The Game Plan,13680,PG,Comedy;Family,2007
2590,The Courier,522241,PG-13,Thriller;History;Drama,2020
2591,Drag Me to Hell,16871,PG-13,Horror;Thriller,2009
2593,Mr. Monk's Last Case: A Monk Movie,1100795,PG,Comedy;Crime;Mystery;TV Movie,2023
2594,Romeo Must Die,2085,R,Action;Crime;Thriller,2000
2595,The Hate U Give,470044,PG-13,Crime;Drama,2018
2596,It's Complicated,22897,R,Comedy;Romance,2009
2597,Atlantis: The Lost Empire,10865,PG,Animation;Family;Adventure;Science Fiction,2001
2598,The Adventures of Sharkboy and Lavagirl,14199,PG,Adventure;Family;Science Fiction,2005
2599,The Boxtrolls,170687,PG,Animation;Comedy;Family;Fantasy,2014
2600,The Boxtrolls,170687,PG,Animation;Comedy;Family;Fantasy,2014
2601,Barbie as the Island Princess,13283,G,Animation;Family,2007
2602,Snoopy Presents: One-of-a-Kind Marcie,1128604,G,Animation;Family,2023
2603,Catwoman,314,PG-13,Action;Fantasy;Crime,2004
2604,The Promise,354859,PG-13,History;Romance;Drama,2016
2605,The Host,72710,PG-13,Action;Adventure;Science Fiction,2013
2606,The Boy,321258,PG-13,Horror;Thriller;Mystery,2016
2607,Sting,1087388,R,Horror;Thriller,2024
2608,Bitter Moon,10497,R,Thriller;Drama;Romance,1992
2609,Mom and Dad,401561,R,Comedy;Horror,2018
2610,Polite Society,977223,PG-13,Comedy;Action;Drama,2023
2611,Mile 22,347375,R,Action;Thriller,2018
2612,28 Weeks Later,1562,R,Horror;Thriller;Science Fiction,2007
2613,Survival Island,9753,R,Drama;Thriller,2006
2614,Dante's Peak,9619,PG-13,Action;Adventure;Drama;Thriller,1997
2615,Machine Gun Preacher,45610,R,Action;Thriller;Crime,2011
2616,Return to Never Land,16690,G,Adventure;Fantasy;Animation;Family,2002
2617,Professor Marston and the Wonder Women,420622,R,Drama;Romance,2017
2618,Wolfwalkers,441130,PG,Animation;Family;Adventure;Fantasy,2020
2619,Almost Famous,786,R,Drama;Music,2000
2620,Secretary,11013,R,Comedy;Drama;Romance,2002
2621,The Vow,72570,PG-13,Drama;Romance,2012
2622,Universal Soldier,9349,R,Thriller;Action;Science Fiction;Crime,1992
2623,The Descent: Part 2,34480,R,Adventure;Horror;Thriller,2009
2624,Slumberland,668461,PG,Family;Fantasy;Comedy,2022
2625,National Lampoon's European Vacation,11418,PG-13,Adventure;Comedy;Romance,1985
2626,Devotion,653851,PG-13,War;Drama;Action,2022
2627,Blank Check,13962,PG,Comedy;Family,1994
2628,A Dog's Journey,522518,PG,Family;Adventure;Drama,2019
2629,Max,272878,PG,Adventure;Drama;Family,2015
2630,Max,272878,PG,Adventure;Drama;Family,2015
2632,Kingpin,11543,PG-13,Comedy,1996
2633,Brigsby Bear,403431,PG-13,Comedy;Drama,2017
2635,Barbie and the Magic of Pegasus,15906,G,Animation;Family;Romance,2005
2636,The Change-Up,49520,R,Comedy,2011
2637,The Holiday,1581,PG-13,Comedy;Romance,2006
2638,Thumbelina,28032,G,Animation;Family;Fantasy;Romance;Music,1994
2639,Vampires Suck,40264,PG-13,Comedy,2010
2640,Primal Fear,1592,R,Crime;Drama;Mystery;Thriller,1996
2641,The Last Temptation of Christ,11051,R,Drama,1988
2642,Tower Heist,59108,PG-13,Action;Comedy,2011
2643,Juno,7326,PG-13,Comedy;Drama;Romance,2007
2644,Indecent Proposal,4478,R,Romance;Drama,1993
2645,Timeline,9562,PG-13,Action;Adventure;Science Fiction,2003
2646,The Place Beyond the Pines,97367,R,Drama;Crime,2013
2648,The Spy Who Dumped Me,454992,R,Action;Comedy,2018
2649,The Thing,60935,R,Horror;Science Fiction;Mystery,2011
2650,Silver Linings Playbook,82693,R,Drama;Comedy;Romance,2012
2651,Beethoven's 2nd,10438,PG,Family;Comedy,1993
2652,The November Man,254904,R,Crime;Action;Thriller,2014
2653,A Nightmare on Elm Street,23437,R,Horror;Mystery;Thriller,2010
2654,Paradise City,829799,R,Action;Crime;Thriller,2022
2655,Heatwave,928270,R,Thriller;Drama,2022
2656,Coyote Ugly,6282,PG-13,Comedy;Drama;Music;Romance,2000
2657,Bicentennial Man,2277,PG,Science Fiction;Drama,1999
2658,Fallen,9411,R,Crime;Drama;Thriller,1998
2659,Ben-Hur,271969,PG-13,Action;History;Adventure;Drama,2016
2660,Scary Stories to Tell in the Dark,417384,PG-13,Horror;Thriller,2019
2661,To All the Boys: Always and Forever,614409,PG-13,Romance;Comedy;Drama,2021
2662,Mr. Bean's Holiday,1268,G,Family;Comedy,2007
2663,Please Don't Destroy: The Treasure of Foggy Mountain,1002315,R,Comedy;Adventure,2023
2664,Police Academy 3: Back in Training,12118,PG,Comedy;Crime,1986
2665,Memory,979097,R,Drama,2023
2666,Nomadland,581734,R,Drama,2021
2667,Another Cinderella Story,15157,PG,Comedy;Music,2008
2668,There's Something in the Barn,956920,R,Comedy;Horror;Fantasy,2023
2669,Amsterdam,664469,R,Mystery;Comedy;Drama,2022
2670,The Ghost and the Darkness,10586,R,Adventure;Action;Thriller;Horror,1996
2671,Red Riding Hood,49730,PG-13,Thriller;Drama;Fantasy;Mystery;Horror,2011
2672,Triple 9,146198,R,Action;Crime;Adventure;Thriller,2016
2673,Frankenweenie,62214,PG,Animation;Comedy;Family,2012
2674,Spy,238713,R,Action;Comedy;Crime,2015
2676,Shark Side of the Moon,1011679,R,Action;Science Fiction;Thriller;Horror,2022
2677,Iron Sky,10679,R,Action;Comedy;Science Fiction,2012
2678,Crimson Peak,201085,R,Horror;Romance,2015
2679,Little Nicky,9678,PG-13,Comedy;Fantasy,2000
2680,The Amityville Horror,10065,R,Horror;Thriller,2005
2681,RoboCop 2,5549,R,Action;Adventure;Crime;Science Fiction;Thriller,1990
2682,Ronin,8195,R,Action;Thriller;Crime,1998
2683,Big Momma's House,9600,PG-13,Crime;Comedy,2000
2684,Step Brothers,12133,R,Comedy,2008
2686,The Tax Collector,531499,R,Action;Crime;Drama,2020
2687,No Exit,833425,R,Thriller;Mystery,2022
2688,Thirteen Lives,698948,PG-13,Drama;Thriller,2022
2689,Widows,401469,R,Crime;Thriller,2018
2690,Nightmare Alley,597208,R,Crime;Thriller;Drama,2021
2691,Spy Kids: All the Time in the World,56288,PG,Family;Comedy;Action,2011
2692,Last Christmas,549053,PG-13,Comedy;Romance,2019
2693,"I, Frankenstein",100241,PG-13,Horror;Thriller,2014
2694,Road to Perdition,4147,R,Crime;Drama;Thriller,2002
2695,How to Be Single,259694,R,Comedy;Romance,2016
2696,The Secret Life of Bees,12837,PG-13,Family;Adventure;Drama,2008
2697,"Girl, Interrupted",3558,R,Drama,1999
2698,The Brothers Grimm,4442,PG-13,Adventure;Fantasy;Action;Comedy;Thriller,2005
2699,Mortal Kombat: Annihilation,9823,PG-13,Action;Fantasy;Science Fiction,1997
2700,Thick as Thieves,14979,R,Action;Thriller;Crime,2009
2701,Cheaper by the Dozen,11007,PG,Comedy;Family,2003
2702,Trainwreck,271718,R,Comedy;Romance,2015
2703,The Flintstones in Viva Rock Vegas,889,PG,Comedy;Family;Romance,2000
2704,AVP: Alien vs. Predator,395,PG-13,Adventure;Science Fiction;Action;Horror,2004
2705,Family Switch,798021,PG,Comedy;Fantasy;Family,2023
2706,The Courier,611914,R,Action;Thriller;Adventure;Crime,2019
2707,The Others,1933,PG-13,Horror;Mystery;Thriller,2001
2708,Constantine: City of Demons - The Movie,539517,R,Fantasy;Animation;Horror;Action,2018
2709,American Hustle,168672,R,Drama;Crime,2013
2710,Secret in Their Eyes,290751,PG-13,Thriller;Mystery;Drama;Crime,2015
2712,Fear Street: 1994,591273,R,Mystery;Horror,2021
2713,Run All Night,241554,R,Action;Crime;Thriller,2015
2714,EverAfter,9454,PG-13,Drama;Romance;Comedy,1998
2715,Pelé: Birth of a Legend,245913,PG,Drama,2016
2716,We Are Your Friends,301351,R,Drama;Music;Romance;Comedy,2015
2717,101 Dalmatians II: Patch's London Adventure,13654,G,Family;Animation;Adventure;Comedy,2002
2718,Dragonball Evolution,14164,PG,Action;Adventure;Fantasy;Science Fiction;Thriller,2009
2719,Hellraiser: Hellworld,12699,R,Horror;Fantasy;Science Fiction,2005
2721,Prom Pact,932430,PG-13,Romance;Comedy,2023
2722,Sex and Death 101,14424,R,Comedy;Romance;Drama,2007
2723,At Eternity's Gate,491472,PG-13,Drama,2018
2724,G-Force,19585,PG,Animation;Family;Fantasy;Action;Adventure;Comedy,2009
2725,Hunt for the Wilderpeople,371645,PG-13,Adventure;Comedy;Drama,2016
2726,Eastern Promises,2252,R,Thriller;Crime;Mystery,2007
2727,Meet the Parents,1597,PG-13,Comedy;Romance,2000
2728,Alpha,399360,PG-13,Adventure;Drama,2018
2729,High School Musical,10947,G,Comedy;Drama;Family;Music;Romance;TV Movie,2006
2730,Adrift,429300,PG-13,Thriller;Romance;Adventure,2018
2732,AINBO: Spirit of the Amazon,588921,PG,Adventure;Animation;Family;Fantasy,2021
2733,Crawl,511987,R,Thriller;Horror;Action,2019
2734,Bridget Jones's Baby,95610,R,Comedy;Romance;Drama,2016
2735,Three Christs,418533,R,Drama,2017
2736,Office Christmas Party,384682,R,Comedy,2016
2737,Year One,17610,PG-13,Comedy;Adventure,2009
2738,Once Upon a Time in Mexico,1428,R,Action;Drama;Mystery,2003
2739,Friday the 13th Part VII: The New Blood,10281,R,Horror;Thriller;Science Fiction,1988
2740,Crash,884,NC-17,Drama,1996
2741,Daddy's Home,274167,PG-13,Comedy,2015
2742,Hostiles,384680,R,Western;Drama;History,2017
2743,Daddy's Home,274167,PG-13,Comedy,2015
2744,Hostiles,384680,R,Western;Drama;History,2017
2745,Vendetta,894169,R,Action;Crime,2022
2747,I Now Pronounce You Chuck & Larry,3563,PG-13,Comedy;Romance,2007
2748,The Hunchback of Notre Dame II,12448,G,Animation;Family;Comedy,2002
2749,Paranormal Activity,23827,R,Horror;Mystery,2007
2750,Bed Rest,917007,R,Horror,2023
2751,Aladdin and the King of Thieves,11238,G,Adventure;Animation;Family,1996
2754,Footloose,68817,PG-13,Drama;Music;Romance,2011
2755,Rage,242310,R,Action;Crime;Thriller,2014
2756,Road Trip,9285,R,Comedy;Adventure,2000
2757,The NeverEnding Story II: The Next Chapter,34636,PG,Drama;Family;Fantasy;Adventure,1990
2758,Unfriended: Dark Web,505058,R,Horror;Thriller;Mystery,2018
2759,The Black Cauldron,10957,PG,Animation;Adventure;Family;Fantasy,1985
2760,Togo,606856,PG,Adventure;Family,2019
2761,Leprechaun: Origins,126172,R,Horror,2014
2762,The Scorpion King 3: Battle for Redemption,78049,PG-13,Action;Adventure;Fantasy;Drama,2012
2763,About Fate,828613,R,Romance;Comedy,2022
2764,Over the Moon,560050,PG,Animation;Adventure;Family;Fantasy,2020
2765,Pineapple Express,10189,R,Action;Comedy;Crime,2008
2766,Grimsby,267193,R,Action;Comedy,2016
2767,Jerry Maguire,9390,R,Comedy;Drama;Romance,1996
2768,Mary Poppins Returns,400650,PG,Fantasy;Family;Comedy,2018
2770,Mary Poppins Returns,400650,PG,Fantasy;Family;Comedy,2018
2772,Death Race: Inferno,156717,R,Action;Science Fiction;Thriller,2013
2774,Phantom Thread,400617,R,Drama;Romance,2017
2775,Just Like Heaven,9007,PG-13,Drama;Comedy;Romance;Fantasy,2005
2777,Men of Honor,11978,R,Drama,2000
2778,The Edge,9433,R,Action;Adventure;Drama,1997
2779,The Bodyguard,619,R,Action;Drama;Romance,1992
2780,The Assignment,399173,R,Action;Crime;Thriller,2016
2781,The Outpost,531876,R,War;Drama;History;Action,2020
2782,Four Weddings and a Funeral,712,R,Comedy;Drama;Romance,1994
2783,The Strangers,10665,R,Horror;Mystery;Thriller,2008
2784,Vertical Limit,11678,PG-13,Adventure;Action;Thriller,2000
2785,The Best Man,1094319,R,Action;Thriller,2023
2786,Bad Sister,375846,PG-13,Thriller;TV Movie,2015
2787,Jexi,620725,R,Comedy,2019
2788,Fighting with My Family,445629,PG-13,Comedy,2019
2789,Curve,347754,R,Horror;Thriller,2015
2790,The Peacemaker,6623,R,Action;Thriller,1997
2791,Acts of Vengeance,445954,R,Thriller;Action;Drama,2017
2792,Seven Years in Tibet,978,PG-13,Adventure;Drama;History,1997
2793,The Kitchen,956262,R,Science Fiction;Thriller;Drama;Adventure;Comedy,2023
2794,Young Adult,57157,R,Comedy;Drama,2011
2795,Young Adult,57157,R,Comedy;Drama,2011
2796,The Dukes of Hazzard,6519,PG-13,Comedy;Adventure;Action,2005
2797,Gnomeo & Juliet,45772,G,Animation;Family,2011
2798,The Infernal Machine,916605,R,Thriller;Mystery,2022
2799,Europa Report,174772,PG-13,Science Fiction;Thriller,2013
2801,Dark Angel,19384,R,Action;Thriller;Science Fiction;Crime;Horror,1990
2802,A-X-L,438590,PG-13,Science Fiction;Action;Adventure;Family,2018
2803,Leatherface: The Texas Chainsaw Massacre III,25018,R,Horror;Thriller,1990
2804,Unleashed,10027,R,Action;Crime,2005
2805,Flightplan,9315,PG-13,Thriller;Drama;Mystery,2005
2806,The Pale Blue Eye,800815,R,Thriller;Crime;Horror;Mystery,2022
2807,A Dirty Shame,13702,NC-17,Comedy,2004
2808,Street Fighter,11667,PG-13,Action;Adventure;Comedy;Thriller,1994
2809,Kangaroo Jack,10628,PG,Action;Adventure;Comedy;Family;Crime,2003
2810,Secret Society of Second Born Royals,621870,PG,Action;Adventure;Comedy;Fantasy,2020
2812,The Legend of Zorro,1656,PG,Action;Adventure;Western,2005
2813,Home Sweet Home Alone,654974,PG,Comedy;Crime;Family,2021
2814,The Bank Job,8848,R,Thriller;Crime;Drama,2008
2815,Identity Thief,109431,R,Comedy;Crime,2013
2816,Victor Frankenstein,228066,PG-13,Drama;Science Fiction;Thriller,2015
2817,Get Smart,11665,PG-13,Action;Comedy;Thriller,2008
2818,Cutthroat Island,1408,PG-13,Action;Adventure,1995
2819,Trick 'r Treat,23202,R,Horror;Comedy,2007
2821,Shanghai Knights,6038,PG-13,Action;Adventure;Comedy;Western,2003
2822,Lethal Weapon 2,942,R,Action;Adventure;Comedy;Crime;Thriller,1989
2823,Sahara,7364,PG-13,Action;Adventure;Comedy;Drama;Mystery,2005
2824,The Edge of Seventeen,376660,R,Comedy;Drama,2016
2825,Vivo,449406,PG,Animation;Family;Comedy,2021
2826,Detective Knight: Rogue,1024546,R,Action;Crime;Thriller,2022
2827,Spy Kids,10054,PG,Action;Comedy;Family;Adventure,2001
2828,The Girl Next Door,15356,R,Thriller;Crime;Drama;Horror,2007
2829,Downton Abbey: A New Era,820446,PG,Drama;Romance;History;Mystery,2022
2830,A Dog's Way Home,508763,PG,Drama;Adventure;Family,2019
2831,The Good Shepherd,1247,R,Drama;Thriller;History,2006
2832,The Jungle Book 2,14873,G,Family;Animation;Adventure,2003
2833,Splice,37707,R,Horror;Science Fiction,2010
2834,French Girl,1024452,R,Romance;Comedy,2024
2835,Leaving Las Vegas,451,R,Drama;Romance,1995
2836,Sherlock: The Abominable Bride,379170,PG-13,Crime;Drama;Mystery;TV Movie,2016
2837,I Know What You Did Last Summer,3597,R,Horror;Thriller;Mystery,1997
2838,Pet Sematary II,10906,R,Horror,1992
2840,Brokedown Palace,17707,PG-13,Drama;Thriller;Mystery,1999
2841,The Lone Ranger,57201,PG-13,Action;Adventure;Western,2013
2842,The Day the Earth Stood Still,10200,PG-13,Drama;Science Fiction;Thriller,2008
2843,Marriage Story,492188,R,Drama,2019
2844,Species II,10216,R,Science Fiction;Action;Horror,1998
2845,Match Point,116,R,Drama;Thriller;Crime;Romance,2005
2846,Joy Ride,864168,R,Comedy,2023
2847,Stealing Beauty,14553,R,Drama;Romance,1996
2848,Stealing Beauty,14553,R,Drama;Romance,1996
2849,City of Ember,13600,PG,Adventure;Family;Fantasy,2008
2850,Runaway Bride,4806,PG,Comedy;Romance,1999
2851,Vanilla Sky,1903,R,Science Fiction;Romance;Drama;Fantasy;Thriller;Mystery,2001
2852,Crimson Tide,8963,R,Thriller;Action;Drama,1995
2854,Carriers,25769,PG-13,Action;Drama;Horror;Science Fiction;Thriller,2009
2855,Boston Strangler,881164,R,Crime;Mystery;Thriller,2023
2856,Hot Tub Time Machine,23048,R,Science Fiction;Comedy;Adventure,2010
2857,Daddy Day Care,10708,PG,Comedy;Family,2003
2858,The Informer,466081,R,Drama;Crime;Thriller,2019
2859,Lawless,82633,R,Crime;Drama;Western,2012
2860,The Grudge,1970,PG-13,Horror;Mystery;Thriller,2004
2863,Eddie the Eagle,319888,PG-13,Comedy;Drama;History;Adventure,2016
2864,Beethoven,11806,PG,Family;Comedy,1992
2865,Escobar: Paradise Lost,255343,PG-13,Thriller;Romance,2014
2866,What Dreams May Come,12159,R,Drama;Fantasy;Romance,1998
2867,3 Days to Kill,192102,PG-13,Action;Drama;Thriller,2014
2868,Argo,68734,R,Drama;Thriller,2012
2869,Shortcut,684684,R,Horror;Adventure;Fantasy,2020
2870,LEGO Disney Princess: The Castle Quest,1153222,G,Animation,2023
2871,Breach,651571,R,Science Fiction;Action;Horror,2020
2872,The Last Castle,2100,R,Action;Drama;Thriller,2001
2873,Smallfoot,446894,PG,Family;Animation;Adventure;Fantasy,2018
2874,Night at the Museum: Kahmunrah Rises Again,751741,PG,Animation;Comedy;Family;Fantasy,2022
2876,American Made,337170,R,Comedy;Crime;Drama,2017
2877,Partysaurus Rex,130925,G,Family;Animation;Comedy,2012
2878,The Scorpion King 4: Quest for Power,297291,PG-13,Action;Adventure;Fantasy,2015
2879,Paranormal Activity: The Marked Ones,227348,R,Horror;Thriller,2014
2880,"Good Luck to You, Leo Grande",758330,R,Romance;Drama,2022
2881,The 13th Warrior,1911,R,Adventure;History;Action,1999
2882,Sahara,7364,PG-13,Action;Adventure;Comedy;Drama;Mystery,2005
2883,Appendage,1081662,R,Horror,2023
2884,This Boy's Life,8092,R,Drama,1993
2885,The Punisher,8867,R,Action;Thriller;Crime;Drama;Romance,1989
2886,Southland Tales,4723,R,Science Fiction;Thriller;Comedy,2007
2887,How to Make an American Quilt,11861,PG-13,Drama;Romance,1995
2888,Life,6522,R,Comedy;Crime,1999
2889,Trolls Holiday,484510,PG,Adventure;Animation;Family;Fantasy,2017
2890,Disclosure,8984,R,Thriller;Drama;Crime,1994
2891,St. Vincent,239563,PG-13,Comedy,2014
2892,Secretariat,39486,PG,Drama,2010
2893,Steve Jobs,321697,R,Drama;History,2015
2894,Leatherface,300665,R,Horror;Thriller,2017
2895,Any Given Sunday,9563,R,Drama,1999
2896,The Unborn,13788,PG-13,Horror;Thriller;Mystery,2009
2897,Eden Lake,13510,R,Horror;Thriller,2008
2898,Air Force One,9772,R,Action;Thriller,1997
2899,Push,13455,PG-13,Science Fiction;Action;Adventure;Thriller,2009
2900,Security,460846,R,Action;Thriller;Crime,2017
2901,The Condemned,14636,R,Action;Thriller,2007
2902,ParaNorman,77174,PG,Family;Animation;Adventure;Comedy,2012
2903,Isabelle,540291,R,Horror,2019
2904,Crawlspace,879538,R,Thriller;Crime,2022
2905,The Kid Who Would Be King,454294,PG,Action;Adventure;Fantasy;Family,2019
2906,Duck Duck Goose,375107,PG,Animation;Family;Adventure;Comedy,2018
2907,"To Wong Foo, Thanks for Everything! Julie Newmar",9090,PG-13,Comedy;Drama,1995
2909,Hell Fest,429476,R,Horror;Thriller,2018
2910,Mindcage,1043565,R,Mystery;Thriller;Crime,2022
2911,The House,926899,R,Animation;Drama;Comedy;Horror;Fantasy,2022
2912,How High,8386,R,Comedy,2001
2913,The Night Clerk,526007,R,Thriller;Crime;Drama,2020
2915,The Green Hornet,40805,PG-13,Action;Crime;Comedy,2011
2916,I Can Only Imagine,470878,PG,Music;Drama,2018
2917,Starship Troopers: Invasion,114478,R,Animation;Action;Science Fiction,2012
2918,How to Be a Latin Lover,425134,PG-13,Comedy,2017
2919,Innerspace,2614,PG,Action;Comedy;Science Fiction,1987
2920,Maximum Risk,10861,R,Action;Thriller,1996
2921,The Heat,136795,R,Action;Comedy;Crime,2013
2922,Max Steel,286567,PG-13,Action;Adventure;Science Fiction,2016
2923,Red Tails,72431,PG-13,Drama;Action;Adventure;History;War,2012
2924,Jingle All the Way,9279,PG,Family;Comedy;Adventure,1996
2925,Johnny English Reborn,58233,PG,Crime;Action;Comedy,2011
2926,Four Brothers,8292,R,Action;Crime,2005
2927,The Long Kiss Goodnight,11412,R,Crime;Action;Mystery;Thriller,1996
2928,South Park: Joining the Panderverse,1190012,R,Animation;Comedy;Science Fiction;TV Movie,2023
2930,Miami Vice,82,R,Action;Crime;Thriller,2006
2931,On the Line,979924,R,Thriller;Drama,2022
2932,Peppermint,458594,R,Action;Thriller,2018
2933,A Perfect World,9559,PG-13,Drama;Crime,1993
2934,Suncoast,1014209,R,Drama;Comedy,2024
2935,Jerry & Marge Go Large,843847,PG-13,Comedy;Drama,2022
2936,Gasoline Alley,916821,R,Action;Thriller;Crime;Mystery,2022
2937,Vivarium,458305,R,Science Fiction;Thriller;Mystery;Horror,2019
2938,Coherence,220289,PG,Thriller;Science Fiction,2013
2939,Color of Night,2124,R,Romance;Mystery;Thriller,1994
2940,Nocturnal Animals,340666,R,Drama;Thriller,2016
2941,Heist,336004,R,Action;Crime;Thriller,2015
2942,25th Hour,1429,R,Crime;Drama,2002
2943,Around the World in 80 Days,10204,PG,Action;Adventure;Comedy,2004
2944,A Cure for Wellness,340837,R,Horror;Mystery;Science Fiction,2017
2945,Star Trek IV: The Voyage Home,168,PG,Science Fiction;Adventure,1986
2946,Star Trek IV: The Voyage Home,168,PG,Science Fiction;Adventure,1986
2947,The Wonder,823766,R,Drama;Mystery,2022
2948,Gettysburg,10655,PG,Drama;History;War,1993
2949,Shadow in the Cloud,675327,R,Horror;Action;War,2020
2951,Deep Blue Sea,8914,R,Action;Horror;Science Fiction,1999
2953,Office Invasion,1006851,R,Science Fiction;Comedy,2022
2954,Parker,119283,R,Action;Crime,2013
2955,Parker,119283,R,Action;Crime,2013
2956,The Sum of All Fears,4614,PG-13,Thriller;Action;Drama,2002
2957,War Machine,354287,R,Comedy;Drama;War,2017
2958,A Walk in the Clouds,9560,PG-13,Drama;Romance,1995
2959,The Return of the Living Dead,10925,R,Horror;Comedy,1985
2960,Candyman,565028,R,Horror;Mystery;Thriller,2021
2961,Jack Ryan: Shadow Recruit,137094,PG-13,Action;Drama;Thriller,2014
2962,Clock,1085103,R,Horror;Thriller,2023
2963,Role Models,15373,R,Comedy,2008
2964,Cats & Dogs: The Revenge of Kitty Galore,39691,PG,Family;Adventure;Comedy;Fantasy;Action;Animation,2010
2965,Winnie the Pooh: Springtime with Roo,16394,G,Adventure;Animation;Comedy;Family,2004
2966,The Tigger Movie,15655,G,Animation;Family;Comedy,2000
2967,Fear,10543,R,Thriller,1996
2968,"Roman J. Israel, Esq.",413362,PG-13,Drama;Crime;Thriller,2017
2969,Courageous,72213,PG-13,Drama,2011
2970,Once Upon a Snowman,741074,G,Animation;Family;Comedy;Fantasy,2020
2972,The Space Between Us,365942,PG-13,Romance;Adventure;Science Fiction;Drama,2017
2973,Sympathy for the Devil,1030987,R,Action;Thriller,2023
2974,Starship Troopers 2: Hero of the Federation,10304,R,Adventure;Horror;Action;Science Fiction,2004
2975,Racing Stripes,6439,PG,Comedy;Family,2005
2976,Dark Skies,145135,PG-13,Science Fiction;Thriller;Horror,2013
2977,Toy Story That Time Forgot,256835,G,Animation;Family;Adventure;Comedy,2014
2978,Dolores Claiborne,11929,R,Crime;Drama;Mystery,1995
2981,The Three Musketeers,10057,PG,Action;Adventure;Comedy,1993
2982,Universal Soldier: Regeneration,28510,R,Adventure;Action;Science Fiction;Thriller,2009
2983,A Cinderella Story: Once Upon a Song,74018,PG,Comedy;Family;Romance;Drama,2011
2984,Life As We Know It,38408,PG-13,Comedy;Romance;Drama,2010
2985,Life As We Know It,38408,PG-13,Comedy;Romance;Drama,2010
2986,Dr. Dolittle 2,10808,PG,Comedy;Family;Romance;Fantasy,2001
2987,Ticket to Paradise,800939,PG-13,Drama;Comedy;Romance,2022
2988,To All the Boys: P.S. I Still Love You,565426,PG-13,Romance;Comedy,2020
2989,Identity,2832,R,Mystery;Thriller,2003
2990,We Were Soldiers,10590,R,Action;History;War,2002
2991,Back to the Outback,770254,PG,Family;Animation;Adventure;Comedy,2021
2992,The Haunted Mansion,10756,PG,Thriller;Fantasy;Comedy;Family;Mystery,2003
2993,My Cousin Vinny,10377,R,Comedy,1992
2994,I Feel Pretty,460668,PG-13,Comedy;Romance,2018
2995,The Lincoln Lawyer,50348,R,Crime;Drama;Thriller,2011
2996,The One,10796,PG-13,Action;Science Fiction;Thriller,2001
2997,Savage Salvation,740952,R,Thriller,2022
2998,Ouija: Origin of Evil,335796,PG-13,Horror,2016
2999,Maximum Overdrive,9980,R,Horror;Action;Science Fiction,1986
3000,"Crouching Tiger, Hidden Dragon: Sword of Destiny",263341,PG-13,Action;Adventure;Drama,2016
3001,The Highwaymen,500682,R,Crime;Drama;Thriller,2019
3002,Diary of a Wimpy Kid,33217,PG,Comedy;Family,2010
3003,Junior,6280,PG-13,Comedy;Science Fiction,1994
3004,The Illusionist,1491,PG-13,Fantasy;Drama;Thriller;Romance,2006
3005,Coneheads,9612,PG,Comedy;Science Fiction;Family,1993
3006,Miss Sloane,376290,R,Drama;Crime,2016
3007,A Simple Favor,484247,R,Crime;Thriller;Comedy,2018
3008,Hidden,360784,R,Thriller;Horror,2015
3009,Astro Boy,16577,PG,Animation;Action;Family;Science Fiction,2009
3010,Hudson Hawk,9292,R,Action;Adventure;Comedy,1991
3011,The Theory of Everything,266856,PG-13,Drama;Romance,2014
3012,The Magician's Elephant,776835,PG,Animation;Adventure;Family;Fantasy;Comedy,2023
3013,Gold,760926,R,Action;Adventure;Thriller,2022
3014,Polar,483906,R,Action;Crime;Drama,2019
3015,Crash,1640,R,Drama,2005
3016,Kickboxer,10222,R,Action;Thriller;Drama,1989
3018,The Darkest Hour,71469,PG-13,Horror;Action;Thriller;Science Fiction,2011
3019,The Transformers: The Movie,1857,PG,Animation;Science Fiction;Action;Adventure;Family,1986
3020,The Many Saints of Newark,524369,R,Crime;Drama,2021
3021,The Animatrix,55931,PG-13,Animation;Science Fiction,2003
3022,River's Edge,21309,R,Thriller;Drama;Crime,1987
3023,Cape Fear,1598,R,Crime;Thriller,1991
3024,The Bucket List,7350,PG-13,Drama;Comedy,2007
3025,Monster Pets: A Hotel Transylvania Short,813258,G,Animation;Comedy;Fantasy,2021
3026,Acrimony,464502,R,Drama;Thriller,2018
3027,Mamma Mia! Here We Go Again,458423,PG-13,Comedy;Romance,2018
3028,The Greatest Beer Run Ever,597922,R,Drama;Comedy;War,2022
3029,Clue,15196,PG,Comedy;Thriller;Crime;Mystery,1985
3030,Mamma Mia! Here We Go Again,458423,PG-13,Comedy;Romance,2018
3031,The Greatest Beer Run Ever,597922,R,Drama;Comedy;War,2022
3032,Clue,15196,PG,Comedy;Thriller;Crime;Mystery,1985
3033,Teenage Mutant Ninja Turtles II: The Secret of the Ooze,1497,PG,Science Fiction;Adventure;Action;Comedy;Family,1991
3034,Walk the Line,69,PG-13,Drama;Music;Romance,2005
3035,Race for Glory: Audi vs Lancia,972433,R,Drama;History,2024
3036,The Pledge,5955,R,Crime;Drama;Mystery;Thriller,2001
3037,Moonstruck,2039,PG-13,Comedy;Drama;Romance,1987
3038,Adore,111190,R,Drama,2013
3039,I Still Believe,585244,PG,Music;Drama;Romance,2020
3040,Burlesque,42297,PG-13,Drama;Romance,2010
3041,The Babysitters,13078,R,Drama,2008
3043,CHiPS,417644,R,Action;Comedy;Crime,2017
3044,Ella Enchanted,14442,PG,Family;Fantasy;Comedy,2004
3045,Sense and Sensibility,4584,PG,Drama;Romance,1995
3046,Next Friday,10471,R,Comedy,2000
3047,Joy Ride,10866,R,Mystery;Thriller;Drama,2001
3049,Yes Day,638597,PG,Family;Comedy,2021
3050,The Texas Chainsaw Massacre 2,16337,R,Horror;Comedy,1986
3051,The Little Mermaid,385448,PG,Family;Adventure;Fantasy;Romance;Drama,2018
3052,Percy Jackson: Sea of Monsters,76285,PG,Adventure;Family;Fantasy,2013
3053,The Crucifixion,394830,R,Horror;Mystery;Thriller,2017
3054,Barnyard,9907,PG,Animation;Comedy;Family,2006
3055,Monster-in-Law,4379,PG-13,Romance;Comedy,2005
3056,Scooby-Doo! Shaggy's Showdown,427564,PG,Animation;Family;Mystery;Comedy;Western,2017
3058,Phone Booth,1817,R,Thriller;Crime,2003
3059,The Tuxedo,10771,PG-13,Thriller;Action;Comedy;Science Fiction,2002
3060,Unlocked,291276,R,Action;Thriller,2017
3061,On a Wing and a Prayer,878375,PG,Drama,2023
3062,Demolition,303991,R,Comedy;Drama,2015
3063,We Bought a Zoo,74465,PG,Drama;Comedy;Family,2011
3065,Dungeons & Dragons,11849,PG-13,Drama;Adventure;Fantasy,2000
3066,A Turtle's Tale: Sammy's Adventures,49953,G,Animation;Family,2010
3067,Dungeons & Dragons,11849,PG-13,Drama;Adventure;Fantasy,2000
3068,A Turtle's Tale: Sammy's Adventures,49953,G,Animation;Family,2010
3069,Zero Contact,872170,R,Science Fiction;Thriller;Drama,2022
3070,Police Academy: Mission to Moscow,11546,PG,Comedy;Crime,1994
3071,Run,546121,PG-13,Thriller;Horror;Drama,2020
3072,Clear and Present Danger,9331,PG-13,Action;Drama;Thriller,1994
3073,Hardcore Henry,325348,R,Action;Adventure;Science Fiction,2015
3074,Eight Below,9036,PG,Adventure;Drama;Family,2006
3075,This Is the End,109414,R,Action;Comedy,2013
3076,Twin Peaks: Fire Walk with Me,1923,R,Drama;Mystery;Horror,1992
3077,The Cobbler,238215,PG-13,Fantasy;Comedy;Drama,2014
3078,Ride Along 2,323675,PG-13,Action;Comedy,2016
3079,Winnie the Pooh,51162,G,Animation;Family;Comedy;Adventure,2011
3080,Max Payne,13051,PG-13,Crime;Action;Drama;Thriller,2008
3081,Ride Along 2,323675,PG-13,Action;Comedy,2016
3082,Winnie the Pooh,51162,G,Animation;Family;Comedy;Adventure,2011
3083,Max Payne,13051,PG-13,Crime;Action;Drama;Thriller,2008
3084,Buffy the Vampire Slayer,10206,PG-13,Action;Comedy;Horror,1992
3086,Dumb and Dumberer: When Harry Met Lloyd,10152,PG-13,Comedy,2003
3087,The Man Who Knew Infinity,353326,PG-13,Drama;History,2016
3089,Fatherhood,607259,PG-13,Drama;Comedy,2021
3090,Johnny Mnemonic,9886,R,Science Fiction;Action;Adventure,1995
3091,Changeling,3580,R,Crime;Drama;Mystery,2008
3092,Pieces of a Woman,641662,R,Drama,2020
3093,Race to Witch Mountain,13836,PG,Adventure;Family;Fantasy;Science Fiction;Thriller;Action,2009
3094,Stepmom,9441,PG-13,Drama;Romance;Comedy,1998
3096,Sister Act,2005,PG,Music;Comedy,1992
3097,The Green Inferno,171424,R,Horror;Thriller;Adventure,2013
3098,Escape from Pretoria,502425,PG-13,Drama;History;Thriller,2020
3099,DOA: Dead or Alive,9053,PG-13,Adventure;Action;Thriller,2006
3100,Believe Me: The Abduction of Lisa McVey,550776,PG-13,Drama;TV Movie;Crime,2018
3101,Chickenhare and the Hamster of Darkness,778855,PG,Animation;Adventure;Comedy;Family;Fantasy,2022
3102,American Psycho II: All American Girl,10726,R,Horror;Thriller,2002
3103,Before I Go to Sleep,204922,R,Thriller;Mystery,2014
3104,Kajillionaire,541305,R,Crime;Drama;Comedy,2020
3105,Neighbors,195589,R,Comedy,2014
3106,Black Mass,261023,R,Drama;Crime;History,2015
3108,Old Dads,987917,R,Comedy,2023
3109,Knocked Up,4964,R,Comedy;Romance;Drama,2007
3110,Tom and Jerry Cowboy Up!,892153,G,Animation;Comedy;Family;Western,2022
3112,The Simpsons in Plusaversary,877183,G,Animation;Comedy;Fantasy,2021
3113,The Visit,298312,PG-13,Horror;Mystery;Thriller,2015
3114,Jungle,390062,R,Adventure;Drama;Thriller,2017
3115,Pete's Dragon,294272,PG,Adventure;Family;Fantasy,2016
3116,Kicks,385736,R,Drama;Crime;Action,2016
3117,Lockout,81796,PG-13,Action;Thriller;Science Fiction,2012
3118,Good Grief,1036619,R,Comedy;Drama,2023
3119,Bandit,842942,R,Crime;Drama;Thriller,2022
3120,Bridget Jones: The Edge of Reason,9801,R,Comedy;Romance,2004
3121,Slither,9035,R,Horror;Science Fiction;Comedy,2006
3122,Big George Foreman,878361,PG-13,History;Drama,2023
3123,A Creature Was Stirring,1131755,R,Horror,2023
3124,Waiting...,7553,R,Comedy;Romance,2005
3125,Epic Movie,9760,PG-13,Comedy;Adventure;Fantasy,2007
3126,Safe House,59961,R,Action;Thriller,2012
3127,A History of Violence,59,R,Drama;Thriller;Crime,2005
3128,Final Fantasy: The Spirits Within,2114,PG-13,Adventure;Action;Fantasy;Science Fiction;Thriller;Romance;Animation,2001
3129,City of Angels,795,PG-13,Romance;Drama;Fantasy,1998
3130,"Definitely, Maybe",8390,PG-13,Comedy;Romance,2008
3131,Jimmy Neutron: Boy Genius,12589,G,Family;Action;Adventure;Animation;Comedy;Science Fiction,2001
3132,Uptown Girls,14926,PG-13,Comedy;Drama,2003
3133,Where the Wild Things Are,16523,PG,Family;Fantasy;Drama;Adventure,2009
3134,Vicky Cristina Barcelona,5038,PG-13,Drama;Romance,2008
3135,Spenser Confidential,581600,R,Comedy;Action;Thriller,2020
3136,Maggie,287424,PG-13,Horror;Drama,2015
3137,Margin Call,50839,R,Thriller;Drama,2011
3138,Torque,10718,PG-13,Action,2004
3139,Grave Encounters 2,134366,R,Horror,2012
3140,Margin Call,50839,R,Thriller;Drama,2011
3141,Torque,10718,PG-13,Action,2004
3142,Grave Encounters 2,134366,R,Horror,2012
3143,Chaos,5289,R,Drama;Action;Crime,2005
3144,Career Opportunities,16270,PG-13,Romance;Comedy,1991
3146,Christopher Robin,420814,PG,Adventure;Comedy;Family;Fantasy,2018
3147,Kiss of the Dragon,2140,R,Action;Crime;Thriller,2001
3148,The Negotiator,9631,R,Action;Crime;Drama;Thriller,1998
3149,Werewolves Within,800497,R,Horror;Comedy;Fantasy,2021
3150,Playing with Fire,554241,PG,Family;Comedy,2019
3151,Watcher,807356,R,Horror;Mystery;Thriller,2022
3152,Couples Retreat,19899,PG-13,Comedy;Romance,2009
3153,Cha Cha Real Smooth,814340,R,Comedy;Drama;Romance,2022
3154,Rumble,598331,PG,Animation;Family,2021
3155,Glory,9665,R,Drama;History;War,1989
3156,Redemption Day,767304,R,Action;Romance;War,2021
3157,The Enforcer,846433,R,Action;Crime;Drama,2022
3158,Freud's Last Session,1025491,PG-13,Drama,2023
3159,Shattered,844398,R,Thriller;Horror;Crime;Mystery,2022
3160,Harold & Kumar Go to White Castle,11282,R,Comedy;Adventure,2004
3161,We Have a Ghost,852096,PG-13,Comedy;Fantasy;Family;Adventure;Horror,2023
3162,Austin Powers: International Man of Mystery,816,PG-13,Science Fiction;Comedy;Crime,1997
3163,The Poughkeepsie Tapes,38410,R,Horror;Mystery;Crime;Thriller,2007
3166,Crisis,580532,R,Thriller;Crime;Drama,2021
3167,Cop Out,23742,R,Action;Comedy;Crime,2010
3168,"The Simpsons: The Good, the Bart, and the Loki",846214,PG,Animation;Comedy;Family,2021
3169,Kidnap,293768,R,Drama;Thriller,2017
3170,Friday the 13th Part VIII: Jason Takes Manhattan,10283,R,Horror;Thriller,1989
3171,Defiance,13813,R,Action;Drama;History;War,2008
3172,Piglet's Big Movie,13691,G,Animation;Family,2003
3173,Chloe,28211,R,Drama;Thriller;Mystery,2010
3174,Luther,5653,PG-13,Drama;History,2003
3175,A Cinderella Story: If the Shoe Fits,407655,PG,Comedy;Family;Fantasy;Music,2016
3176,The Kings of Summer,156700,R,Comedy;Drama,2013
3177,A Babysitter's Guide to Monster Hunting,624963,PG,Family;Fantasy;Adventure;Comedy,2020
3178,A Man Apart,8409,R,Action;Drama;Crime,2003
3179,10 x 10,505177,R,Drama;Mystery;Thriller,2018
3180,Leprechaun 2,18009,R,Comedy;Horror;Fantasy,1994
3181,Blue Jasmine,160588,PG-13,Drama,2013
3182,Money Shot: The Pornhub Story,1087040,R,Documentary,2023
3183,Bridge of Spies,296098,PG-13,Thriller;Drama,2015
3184,Hummingbird,136418,R,Action;Thriller,2013
3185,The Hidden,12476,R,Science Fiction;Thriller;Horror,1987
3186,Assassin Club,876969,R,Action;Adventure;Thriller,2023
3187,Eat Pray Love,38167,PG-13,Drama;Romance,2010
3188,Resident Evil: Apocalypse,1577,R,Horror;Action;Science Fiction,2004
3189,The Fountain,1381,PG-13,Drama;Adventure;Science Fiction;Romance,2006
3190,Star Trek V: The Final Frontier,172,PG,Science Fiction;Action;Adventure;Thriller,1989
3191,"10,000 BC",7840,PG-13,Adventure;Action;Drama;Fantasy,2008
3192,The Fountain,1381,PG-13,Drama;Adventure;Science Fiction;Romance,2006
3193,Star Trek V: The Final Frontier,172,PG,Science Fiction;Action;Adventure;Thriller,1989
3194,"10,000 BC",7840,PG-13,Adventure;Action;Drama;Fantasy,2008
3195,Office Space,1542,R,Comedy,1999
3196,Aquamarine,14191,PG,Fantasy;Romance;Family;Comedy,2006
3197,Mafia Mamma,809787,R,Comedy;Crime;Action,2023
3198,Kiss the Girls,9437,R,Thriller;Crime;Mystery;Drama,1997
3200,The Fourth Kind,22824,PG-13,Mystery;Science Fiction;Thriller,2009
3201,It Comes at Night,418078,R,Drama;Horror;Mystery,2017
3202,Step Up Revolution,85446,PG-13,Music;Drama;Romance,2012
3203,Arcadian,1051896,R,Science Fiction;Thriller;Horror,2024
3204,The Life of David Gale,11615,R,Drama;Thriller;Crime,2003
3205,Machete,23631,R,Action;Comedy;Thriller,2010
3206,Luther: The Fallen Sun,722149,R,Crime;Mystery;Thriller,2023
3208,The Perfect Storm,2133,PG-13,Action;Adventure;Drama;Thriller,2000
3209,Police Academy 4: Citizens on Patrol,10587,PG,Comedy;Crime,1987
3210,Big Game,230179,PG-13,Action;Adventure;Thriller,2015
3212,Reptile,866463,R,Crime,2023
3214,The Hurt Locker,12162,R,Drama;Thriller;War,2008
3215,What Happens in Vegas,9029,PG-13,Comedy;Romance,2008
3216,Mike and Dave Need Wedding Dates,316023,R,Comedy,2016
3218,Passenger 57,10538,R,Action;Adventure;Thriller,1992
3219,Tremors: A Cold Day in Hell,496704,PG-13,Action;Adventure;Science Fiction,2018
3220,Mirror Mirror,62764,PG,Adventure;Comedy;Family;Fantasy,2012
3221,The Return of the Texas Chainsaw Massacre,16780,R,Comedy;Horror,1995
3222,Last Knights,308504,R,Action;Adventure,2015
3223,Two Moon Junction,5241,R,Drama;Romance,1988
3224,Edtv,11374,PG-13,Comedy,1999
3225,Freaky,551804,R,Comedy;Horror;Thriller,2020
3226,Diary of a Wimpy Kid: The Long Haul,417830,PG,Comedy;Family,2017
3227,Four Rooms,5,R,Comedy,1995
3228,From Hell,768,R,Horror;Mystery;Thriller,2001
3229,Skyline,42684,PG-13,Science Fiction;Adventure;Action;Thriller,2010
3230,The Frighteners,10779,R,Horror;Comedy,1996
3232,Megamind: The Button of Doom,57718,PG,Animation;Action;Comedy;Family,2011
3233,Teen Wolf Too,15582,PG,Comedy;Fantasy;Family,1987
3234,Small Soldiers,11551,PG-13,Comedy;Adventure;Fantasy;Science Fiction;Action,1998
3235,Ri¢hie Ri¢h,11011,PG,Comedy;Family,1994
3236,Dragon: The Bruce Lee Story,10423,PG-13,Drama;History;Action,1993
3237,A Day to Die,864116,R,Action;Thriller;Crime;Drama,2022
3238,Goon,74387,R,Comedy;Drama,2012
3239,What a Girl Wants,10735,PG,Comedy;Romance;Drama;Family,2003
3240,Monster Trucks,262841,PG,Action;Comedy;Science Fiction,2016
3241,No Reservations,3638,PG,Comedy;Romance;Drama,2007
3242,Daylight,11228,PG-13,Action;Adventure;Thriller,1996
3243,Detective Knight: Independence,1035806,R,Action;Crime;Thriller,2023
3244,P.S. I Love You,6023,PG-13,Drama;Romance,2007
3246,Entrapment,1844,PG-13,Romance;Drama;Mystery,1999
3247,As Good as It Gets,2898,PG-13,Drama;Comedy;Romance,1997
3248,47 Meters Down,403119,PG-13,Thriller;Adventure;Horror,2017
3249,The Jackal,4824,R,Action;Thriller;Adventure;Crime,1997
3250,Free Willy,1634,PG,Family;Adventure;Drama,1993
3251,Free Willy,1634,PG,Family;Adventure;Drama,1993
3252,Nowhere to Run,10413,R,Action;Drama;Thriller;Romance,1993
3253,House at the End of the Street,82505,PG-13,Horror;Thriller,2012
3254,Look Who's Talking,9494,PG-13,Comedy;Romance,1989
3255,X-Men: The Mutant Watch,447399,PG,Documentary,2000
3256,Meet the Fockers,693,PG-13,Comedy;Romance,2004
3257,Upside-Down Magic,671583,G,Fantasy;Family;TV Movie,2020
3258,Mrs. Harris Goes to Paris,754609,PG,Drama;Comedy;History,2022
3259,Starsky & Hutch,9384,PG-13,Comedy;Crime,2004
3260,Starsky & Hutch,9384,PG-13,Comedy;Crime,2004
3261,The Boondock Saints,8374,R,Action;Thriller;Crime,1999
3262,Mary Queen of Scots,457136,R,Drama;History,2018
3263,Marie Antoinette,1887,PG-13,Drama;History,2006
3264,Run Rabbit Run,714669,R,Horror;Thriller,2023
3265,Vampires,9945,R,Action;Fantasy;Horror,1998
3266,"McFarland, USA",228203,PG,Drama;Family,2015
3267,This Is Where I Leave You,239678,R,Drama;Comedy,2014
3268,Frida,1360,R,Drama;Romance,2002
3269,The Rebound,24122,R,Romance;Comedy,2009
3270,"Extremely Wicked, Shockingly Evil and Vile",457799,R,Drama;Crime,2019
3271,Jacob's Ladder,2291,R,Drama;Mystery;Horror,1990
3272,The Village,6947,PG-13,Drama;Mystery;Thriller,2004
3273,Primeval,4283,R,Adventure;Horror;Action,2007
3274,Fire in the Sky,15613,PG-13,Science Fiction;Drama;Mystery,1993
3275,Regarding Henry,11364,PG-13,Romance;Drama,1991
3276,DuckTales: The Movie - Treasure of the Lost Lamp,10837,G,Adventure;Animation;Family;Comedy;Fantasy,1990
3277,Halloween 4: The Return of Michael Myers,11357,R,Horror;Thriller,1988
3278,The Week Of,465109,PG-13,Comedy,2018
3279,Spell,621151,R,Thriller;Horror;Fantasy,2020
3280,Just Friends,10033,PG-13,Comedy;Romance,2005
3282,Kung Fu Panda Holiday,50393,G,Animation;Family;TV Movie;Comedy;Fantasy,2010
3283,Forgetting Sarah Marshall,9870,R,Comedy;Romance;Drama,2008
3284,The King's Daughter,245842,PG,Fantasy;Adventure;Family,2022
3286,After Porn Ends,109520,R,Documentary,2012
3287,She's Out of My League,34016,R,Romance;Comedy,2010
3289,The Adjustment Bureau,38050,PG-13,Science Fiction;Thriller;Romance,2011
3290,Miller's Crossing,379,R,Drama;Thriller;Crime,1990
3291,Skiptrace,270774,PG-13,Action;Comedy;Thriller;Mystery,2016
3292,Basic Instinct 2,3093,R,Crime;Mystery;Thriller,2006
3294,S.W.A.T.: Under Siege,461053,R,Action;Crime;Thriller,2017
3295,The Requin,803114,R,Horror;Mystery;Thriller,2022
3296,Titan A.E.,7450,PG,Animation;Action;Science Fiction;Family;Adventure,2000
3297,Atlantis: Milo's Return,8965,G,Fantasy;Animation;Science Fiction;Family;Action,2003
3298,Walking Tall,11358,PG-13,Adventure;Drama;Action;Thriller,2004
3299,The Art of Getting By,64678,PG-13,Drama;Romance,2011
3300,The Aftermath,433502,R,War;Drama;Romance,2019
3301,Alone,509635,R,Thriller;Horror,2020
3302,Harley Davidson and the Marlboro Man,2453,R,Action;Thriller,1991
3303,Just Mercy,522212,PG-13,Drama;Crime;History,2019
3304,Star Trek: Generations,193,PG,Science Fiction;Action;Adventure;Thriller,1994
3305,MaXXXine,1023922,R,Crime;Horror;Thriller,2024
3306,Black Water,454615,R,Action;Thriller,2018
3307,Balto,21032,G,Family;Animation;Adventure,1995
3308,Nothing to Lose,11676,R,Comedy;Crime,1997
3309,The Nutty Professor,9327,PG-13,Fantasy;Comedy;Romance;Science Fiction,1996
3310,The Last Stand,76640,R,Action;Crime;Thriller,2013
3311,Nothing to Lose,11676,R,Comedy;Crime,1997
3312,The Nutty Professor,9327,PG-13,Fantasy;Comedy;Romance;Science Fiction,1996
3313,The Last Stand,76640,R,Action;Crime;Thriller,2013
3314,Tucker: The Man and His Dream,28176,PG,Drama,1988
3315,Look Who's Talking Too,9356,PG-13,Romance;Comedy,1990
3318,The Witches of Eastwick,6069,R,Comedy;Fantasy,1987
3319,Cyborg,10134,R,Science Fiction;Action;Thriller;Adventure,1989
3320,Hellraiser III: Hell on Earth,11569,R,Horror;Thriller,1992
3321,Johnny English Strikes Again,463272,PG,Action;Adventure;Comedy,2018
3322,Problem Child,11077,PG,Comedy;Family,1990
3324,The Starling Girl,1001500,R,Drama,2023
3325,The Protégé,645788,R,Action;Thriller,2021
3326,The Secret Garden,11236,G,Drama;Family;Fantasy,1993
3327,Mute,401371,R,Science Fiction;Mystery;Thriller,2018
3328,Pale Rider,8879,R,Western;Drama,1985
3330,Johnny English,9486,PG,Adventure;Action;Comedy,2003
3331,Playing It Cool,277547,R,Comedy;Romance,2014
3333,Project Power,605116,R,Action;Crime;Science Fiction,2020
3334,My Spy,592834,PG-13,Family;Action;Comedy,2020
3335,Sniper: Rogue Mission,997120,R,Action;Thriller;Mystery,2022
3336,Hex,988233,R,Action;Horror;Thriller,2022
3337,Life of the Party,399796,PG-13,Comedy,2018
3338,Poison Ivy,9264,R,Thriller;Drama,1992
3339,Skylines,560144,R,Science Fiction;Action,2020
3340,Poison Ivy,9264,R,Thriller;Drama,1992
3341,Skylines,560144,R,Science Fiction;Action,2020
3342,Bride Wars,10521,PG,Comedy;Romance,2009
3343,Z-O-M-B-I-E-S 2,599521,G,Fantasy;Romance;TV Movie,2020
3344,The 15:17 to Paris,453201,PG-13,Drama;Thriller,2018
3346,The Karate Kid Part III,10495,PG,Action;Family;Drama;Adventure,1989
3347,Pumpkinhead,26515,R,Fantasy;Horror,1988
3349,Sound of Metal,502033,R,Drama;Music,2020
3350,Showdown in Little Tokyo,13154,R,Action;Comedy;Crime,1991
3351,From Dusk Till Dawn 2: Texas Blood Money,12095,R,Crime;Action;Horror;Thriller,1999
3352,Species: The Awakening,15212,R,Horror;Science Fiction;Thriller,2007
3354,Enemy,181886,R,Thriller;Mystery,2014
3355,The Marsh King's Daughter,798362,R,Thriller;Crime;Drama;Mystery,2023
3356,The Last Exorcism,38358,PG-13,Horror;Thriller;Mystery,2010
3358,Letters from Iwo Jima,1251,R,Action;Drama;War,2006
3359,The Prince,241254,R,Thriller;Action,2014
3360,Miss Congeniality 2: Armed and Fabulous,10040,PG-13,Action;Comedy,2005
3361,The Name of the Rose,192,R,Drama;Thriller;Mystery,1986
3362,Good Burger,14817,PG,Family;Comedy,1997
3363,American Symphony,1171816,PG-13,Documentary;Music,2023
3364,V/H/S,84348,R,Thriller;Horror,2012
3365,Phineas and Ferb The Movie: Across the 2nd Dimension,71689,G,Animation;Comedy;Family;TV Movie;Science Fiction;Adventure;Action,2011
3366,Barbie: The Pearl Princess,255718,G,Family;Animation,2014
3367,Tarzan II,15657,G,Adventure;Animation;Family,2005
3368,The Banker,627725,PG-13,Drama,2020
3369,Fire with Fire,139567,R,Action;Crime;Drama;Thriller,2012
3370,This Is Me…Now,1217343,PG-13,Drama;Music,2024
3371,Rat Race,9896,PG-13,Adventure;Comedy,2001
3372,Wonder Woman: Bloodlines,537055,PG-13,Science Fiction;Animation,2019
3373,Volcano,10357,PG-13,Science Fiction;Action;Drama;Thriller,1997
3374,Criminal,302156,R,Action;Crime;Science Fiction,2016
3375,Bambi II,13205,G,Animation;Drama;Family,2006
3376,Extract,12569,R,Comedy,2009
3377,The Physician,169881,R,Adventure;Drama;History,2013
3378,End of Days,9946,R,Action;Horror;Fantasy,1999
3379,Priest,38321,PG-13,Action;Fantasy;Horror;Thriller,2011
3380,The Physician,169881,R,Adventure;Drama;History,2013
3381,End of Days,9946,R,Action;Horror;Fantasy,1999
3382,Priest,38321,PG-13,Action;Fantasy;Horror;Thriller,2011
3384,The Babysitter: Killer Queen,623491,R,Comedy;Horror,2020
3385,Free Fire,334521,R,Action;Crime;Mystery,2017
3386,The Secret of Moonacre,18032,PG,Adventure;Fantasy;Romance,2009
3387,Gunpowder Milkshake,574060,R,Action;Crime;Thriller,2021
3389,The Replacements,10393,PG-13,Comedy,2000
3390,Countdown,599975,PG-13,Horror;Thriller,2019
3391,Yu-Gi-Oh! The Movie,11052,PG,Animation;Fantasy;Action;Science Fiction,2004
3392,Into the Storm,216282,PG-13,Action;Thriller,2014
3393,Hard Candy,2652,R,Drama;Thriller,2005
3394,The Death of Stalin,402897,R,Comedy;Drama;History,2017
3395,Sheroes,1130818,R,Action;Comedy;Crime;Adventure,2023
3396,Premium Rush,49526,PG-13,Crime;Action;Thriller,2012
3397,Zola,539565,R,Comedy;Crime,2020
3398,Concussion,321741,PG-13,Drama,2015
3399,Locke,210479,R,Drama;Thriller,2014
3400,"Batman: The Dark Knight Returns, Part 1",123025,PG-13,Science Fiction;Action;Animation;Mystery,2012
3401,The Hurricane Heist,430040,PG-13,Action;Crime;Thriller,2018
3402,Camp X-Ray,244506,R,Drama,2014
3403,Cinderella Man,921,PG-13,Romance;Drama;History,2005
3404,Shaun the Sheep Movie,263109,PG,Family;Animation;Comedy;Adventure,2015
3405,Beastly,38117,PG-13,Drama;Fantasy;Romance,2011
3407,The English Patient,409,R,Drama;Romance;War,1996
3408,Maid in Manhattan,7303,PG-13,Comedy;Drama;Romance,2002
3409,Stuber,513045,R,Action;Comedy,2019
3410,Stitch! The Movie,15567,G,Comedy;Adventure;Family;Animation,2003
3411,Autómata,262543,R,Thriller;Science Fiction,2014
3412,Meet Dave,11260,PG,Comedy;Science Fiction;Adventure;Family,2008
3414,The Unforgivable,645886,R,Drama;Crime,2021
3415,On Deadly Ground,9624,R,Action,1994
3416,Snatched,373569,R,Action;Comedy,2017
3417,An Extremely Goofy Movie,15653,G,Animation;Family;Comedy,2000
3418,Inside Man: Most Wanted,619278,R,Action;Crime;Thriller,2019
3419,Spiderhead,615469,R,Science Fiction;Thriller,2022
3420,The Last Boy Scout,9319,R,Action;Thriller,1991
3421,Hellbound: Hellraiser II,9064,R,Horror;Thriller;Fantasy,1988
3422,Legend of the BoneKnapper Dragon,47626,PG,Animation;Fantasy;Family;Adventure;Comedy;TV Movie,2010
3424,Entourage,188222,R,Comedy;Drama,2015
3425,Sniper: Reloaded,58767,R,War;Action;Thriller;Drama,2011
3426,Close,460321,R,Action;Adventure;Thriller,2019
3428,Lovelace,77805,R,Drama,2013
3429,eXistenZ,1946,R,Action;Thriller;Science Fiction,1999
3430,Wild Wild West,8487,PG-13,Action;Adventure;Comedy;Science Fiction;Western,1999
3431,The Quick and the Dead,12106,R,Western;Action,1995
3432,In the Line of Fire,9386,R,Action;Drama;Thriller;Crime;Mystery,1993
3433,Pain Hustlers,862968,R,Drama,2023
3434,Beautiful Creatures,109491,PG-13,Fantasy;Drama;Romance,2013
3435,Dual,698128,R,Science Fiction;Comedy;Drama,2022
3436,Picture Perfect,9413,PG-13,Romance;Comedy;Drama,1997
3437,Batman: Under the Red Hood,40662,PG-13,Science Fiction;Crime;Action;Animation;Mystery,2010
3439,Love Again,758336,PG-13,Romance;Drama;Comedy,2023
3444,The Next Karate Kid,11231,PG,Action;Drama;Family;Adventure,1994
3445,Land of the Lost,18162,PG-13,Adventure;Comedy;Science Fiction,2009
3446,A Nightmare on Elm Street 4: The Dream Master,10131,R,Horror;Thriller,1988
3447,Practical Magic,6435,PG-13,Romance;Comedy;Fantasy,1998
3449,Dragonheart: Vengeance,666750,PG-13,Fantasy;Action;Adventure,2020
3450,Bad Moms,376659,R,Comedy,2016
3451,Deep Blue Sea 3,703745,R,Action;Horror;Science Fiction,2020
3452,Monster High: Why Do Ghouls Fall in Love?,167313,PG,Fantasy;Animation,2012
3453,Sniper,9545,R,Action;Drama;Thriller,1993
3454,New Year's Eve,62838,PG-13,Comedy;Romance,2011
3455,Hotel for Dogs,15189,PG,Comedy;Family,2009
3456,Descendants: The Royal Wedding,805411,G,Animation;Family;Comedy;Drama,2021
3457,The Prodigy,532671,R,Horror;Thriller,2019
3458,The Good Nurse,541134,R,Drama;Crime;Mystery,2022
3459,Fortress: Sniper's Eye,883502,R,Action;Thriller;Crime,2022
3460,The Last King of Scotland,1523,R,Drama,2006
3461,Contraband,77866,R,Thriller;Action;Drama;Crime,2012
3462,Hackers,10428,PG-13,Action;Crime;Thriller;Drama,1995
3463,Street Kings,1266,R,Action;Crime;Drama;Thriller,2008
3464,Street Kings,1266,R,Action;Crime;Drama;Thriller,2008
3465,The Manchurian Candidate,14462,R,Drama;Thriller;Mystery,2004
3466,Pan,266647,PG,Fantasy;Adventure;Family;Action,2015
3467,Deathstroke: Knights & Dragons - The Movie,703771,R,Animation;Action;Adventure;Science Fiction,2020
3468,Arthur 3: la guerre des deux mondes,42949,G,Animation;Adventure;Fantasy;Family,2010
3469,Swordfish,9705,R,Action;Crime;Thriller,2001
3470,Tracers,290764,PG-13,Action,2015
3471,The Golden Child,10136,PG-13,Action;Adventure;Comedy,1986
3472,Valiant,14175,G,Family;Animation;Adventure;Comedy;War,2005
3473,Firestarter,532710,R,Science Fiction;Thriller;Horror,2022
3474,Snowden,302401,R,Drama;History;Crime;Thriller,2016
3475,Mr. Harrigan's Phone,723419,PG-13,Drama;Thriller;Horror;Mystery,2022
3476,Critters,3980,PG-13,Comedy;Horror;Science Fiction,1986
3477,Igor,14248,PG,Animation;Comedy;Family;Fantasy;Horror,2008
3478,The Swan Princess,22586,G,Family;Animation;Fantasy;Adventure;Comedy,1994
3479,Rescue Dawn,9952,PG-13,Adventure;Drama;War,2006
3480,The Land Before Time II: The Great Valley Adventure,15997,G,Animation;Adventure;Family,1994
3481,Shaft,479,R,Action;Adventure;Crime;Thriller,2000
3482,Bulletproof Monk,11817,PG-13,Action;Comedy;Fantasy,2003
3483,The Electrical Life of Louis Wain,617762,PG-13,Drama;History;Comedy,2021
3484,Fried Green Tomatoes,1633,PG-13,Drama;Comedy,1991
3485,Justice League vs. Teen Titans,379291,PG-13,Science Fiction;Action;Animation;Adventure;Comedy,2016
3486,Case 39,28355,R,Horror;Mystery;Thriller,2009
3487,Licorice Pizza,718032,R,Drama;Comedy;Romance,2021
3488,Paranoia,115348,PG-13,Drama;Thriller,2013
3489,Erin Brockovich,462,R,Drama,2000
3490,Tucker and Dale vs. Evil,46838,R,Comedy;Horror,2010
3491,Marked for Death,10173,R,Action;Crime,1990
3492,My Little Pony: A New Generation,597316,PG,Animation;Family;Fantasy;Comedy;Adventure,2021
3493,The Lucky One,77877,PG-13,Drama;Romance,2012
3494,Taylor Swift: Reputation Stadium Tour,568332,PG,Music,2018
3495,Star Trek: Nemesis,201,PG-13,Science Fiction;Action;Adventure;Thriller,2002
3496,The Royal Tenenbaums,9428,R,Comedy;Drama,2001
3497,A Fish Called Wanda,623,R,Comedy;Crime,1988
3498,Surf's Up 2: WaveMania,411840,PG,Animation;Family;Comedy,2017
3499,Babylon 5: The Road Home,1121575,PG-13,Animation;Science Fiction;Action;Adventure,2023
3500,No Sudden Move,649409,R,Crime;Drama;Mystery,2021
3501,Pirates of the Caribbean: Tales of the Code: Wedlocked,230652,PG-13,Adventure;Action;Fantasy,2011
3502,100% Wolf,520946,PG,Animation;Family;Fantasy,2020
3503,Bullet to the Head,70074,R,Action;Crime;Thriller,2012
3505,Bullet to the Head,70074,R,Action;Crime;Thriller,2012
3507,The Beach,1907,R,Drama;Adventure;Romance;Thriller,2000
3508,Shut In,629015,R,Thriller;Horror;Drama,2022
3509,Lost in Space,2157,PG-13,Science Fiction;Adventure,1998
3510,7 Days in Entebbe,433627,PG-13,Thriller;Drama;Crime,2018
3511,Sabotage,144336,R,Action;Drama;Thriller;Crime,2014
3512,Samson,474392,PG-13,Action;Drama;Adventure,2018
3513,The Medallion,10610,PG-13,Thriller;Fantasy;Action;Comedy,2003
3514,102 Dalmatians,10481,G,Family;Comedy,2000
3515,Talladega Nights: The Ballad of Ricky Bobby,9718,PG-13,Comedy,2006
3516,13 Minutes,787723,PG-13,Action;Drama;Thriller,2021
3517,Vanquish,804435,R,Action;Adventure;Thriller,2021
3518,Can't Buy Me Love,12919,PG-13,Drama;Comedy;Romance,1987
3519,Brahms: The Boy II,555974,PG-13,Horror;Mystery;Thriller,2020
3520,Ghost Dog: The Way of the Samurai,4816,R,Crime;Drama,1999
3521,The Tale of Despereaux,10199,G,Adventure;Animation;Family,2008
3522,Beyond the Reach,284289,R,Thriller,2014
3523,Runaway Jury,11329,PG-13,Drama;Thriller,2003
3524,Bowfinger,11353,PG-13,Comedy,1999
3525,"Snoopy Presents: To Mom (and Dad), With Love",949581,G,Animation,2022
3526,Open Season 2,13690,PG,Adventure;Animation;Comedy;Family,2008
3527,I Still Know What You Did Last Summer,3600,R,Horror;Mystery;Thriller,1998
3528,Women Talking,777245,PG-13,Drama,2022
3529,La Bamba,16620,PG-13,Drama;Music,1987
3530,Deep Rising,9457,R,Adventure;Action;Horror;Science Fiction,1998
3531,Boiler Room,14181,R,Crime;Drama;Thriller,2000
3532,Hamburger Hill,10652,R,War;Action;Drama,1987
3533,Midnight Special,245703,PG-13,Adventure;Drama;Science Fiction,2016
3534,On Fire,900409,PG-13,Drama;Thriller;Action;Adventure,2023
3535,Changing Lanes,1537,R,Thriller;Action;Drama,2002
3536,Love Is in the Air,1167725,PG-13,Romance;Comedy,2023
3537,Senior Year,800937,R,Comedy,2022
3538,The Devil All the Time,499932,R,Crime;Drama;Thriller,2020
3539,The Stepford Wives,9890,PG-13,Comedy;Science Fiction;Horror,2004
3540,Never Back Down: Revolt,763025,R,Action,2021
3541,The Poison Rose,529983,R,Thriller;Crime,2019
3542,P2,13474,R,Horror;Thriller,2007
3543,Trick or Treat Scooby-Doo!,1015724,G,Adventure;Mystery;Comedy;Animation;Family,2022
3544,Love Don't Co$t a Thing,21542,PG-13,Comedy;Drama;Family;Romance,2003
3545,Pocahontas II: Journey to a New World,13761,G,Family;Adventure;Animation;Romance,1998
3546,London Fields,220882,R,Crime;Thriller,2018
3547,Wildling,362826,R,Horror;Fantasy;Thriller;Drama,2018
3548,Moana,277834,PG,Adventure;Comedy;Family;Animation,2016
3551,Lost Highway,638,R,Drama;Thriller;Mystery,1997
3552,T2 Trainspotting,180863,R,Drama;Comedy,2017
3553,Raising Arizona,378,PG-13,Comedy;Crime,1987
3554,Milf,47407,R,Comedy,2010
3555,Up in the Air,22947,R,Drama;Romance,2009
3556,The Tutor,995012,R,Mystery;Thriller;Action,2023
3557,Shottas,13830,R,Action;Adventure;Crime;Drama,2002
3558,Secret Obsession,612152,PG-13,Drama;Thriller,2019
3559,Charm City Kings,552532,R,Drama,2020
3560,Secret Obsession,612152,PG-13,Drama;Thriller,2019
3561,Charm City Kings,552532,R,Drama,2020
3562,A Ghost Story,428449,R,Drama;Fantasy,2017
3563,Eraser,9268,R,Action;Drama;Mystery;Thriller,1996
3564,The Social Dilemma,656690,PG-13,Documentary;Drama,2020
3565,The Whole Nine Yards,2069,R,Comedy;Crime,2000
3566,The Doorman,737568,R,Action;Thriller,2020
3567,Thunder Force,615678,PG-13,Action;Adventure;Comedy;Science Fiction,2021
3568,This Is 40,89492,R,Comedy,2012
3569,Non-Stop,225574,PG-13,Action;Thriller;Mystery,2014
3570,Scooby-Doo! Camp Scare,45752,PG,Animation;Comedy;Family;Mystery,2010
3571,Mirrors,13515,R,Horror;Mystery,2008
3572,Lifeforce,11954,R,Science Fiction;Horror;Thriller,1985
3573,Wolf Hound,542196,R,War;Action,2022
3574,The X Files,846,PG-13,Mystery;Science Fiction;Thriller,1998
3575,West Side Story,511809,PG-13,Drama;Romance;Crime,2021
3576,Dark Crimes,340674,R,Drama;Thriller,2016
3577,Chef,212778,R,Comedy,2014
3578,D.E.B.S.,540,PG-13,Action;Comedy;Romance,2005
3581,The Assassination of Jesse James by the Coward Robert Ford,4512,R,Action;Drama;Western,2007
3582,The Tragedy of Macbeth,591538,R,Drama;War,2021
3583,Scooby-Doo! in Where's My Mummy?,20558,G,Mystery;Animation;Family;Adventure;Comedy;Fantasy,2005
3584,Stone Cold,31046,R,Crime;Drama;Thriller;TV Movie,2005
3585,Jackass Forever,656663,R,Comedy;Documentary,2022
3586,The Black Book,1172009,R,Mystery;Thriller;Action,2023
3587,Buried,26388,R,Drama;Thriller;Mystery,2010
3588,Tenacious D in The Pick of Destiny,2179,R,Comedy;Music,2006
3589,The Secret Kingdom,893345,PG,Family;Fantasy;Adventure,2023
3590,Planet 51,16866,PG,Animation;Family;Comedy;Science Fiction;Adventure,2009
3591,Birth,10740,R,Drama;Mystery,2004
3592,The Gift,328425,R,Thriller;Mystery;Drama,2015
3593,The Turning,492611,PG-13,Horror;Thriller,2020
3594,Wedding Daze,7839,R,Comedy;Romance,2006
3595,Homeward Bound: The Incredible Journey,6878,G,Adventure;Comedy;Family,1993
3596,Paranormal Activity 3,72571,R,Horror;Mystery,2011
3597,They Cloned Tyrone,736769,R,Comedy;Science Fiction;Mystery,2023
3598,A Million Miles Away,1002185,PG,Drama;History,2023
3599,Daybreakers,19901,R,Action;Fantasy;Science Fiction,2010
3601,The In Between,818750,PG-13,Romance;Science Fiction;Drama,2022
3602,Killers,37821,PG-13,Action;Comedy;Thriller;Romance,2010
3603,The In Between,818750,PG-13,Romance;Science Fiction;Drama,2022
3604,Killers,37821,PG-13,Action;Comedy;Thriller;Romance,2010
3606,Greta,471506,R,Mystery;Thriller,2019
3607,Flubber,9574,PG,Comedy;Family;Science Fiction,1997
3608,Gulliver's Travels,38745,PG,Family;Comedy;Adventure;Fantasy,2010
3609,Mortal Kombat Legends: Snow Blind,1007401,R,Animation;Action;Fantasy,2022
3610,Ambush,1074034,R,War;Action;Thriller,2023
3611,Hearts in Atlantis,11313,PG-13,Drama,2001
3612,Last Looks,557946,R,Action;Crime;Thriller,2022
3613,A Goofy Movie,15789,G,Romance;Animation;Family;Comedy;Adventure,1995
3614,Diary of a Wimpy Kid,774741,PG,Animation;Comedy;Family,2021
3615,Urban Legends: Final Cut,12212,R,Horror;Mystery;Thriller,2000
3616,The Caine Mutiny Court-Martial,1018332,PG-13,Drama;War,2023
3617,Supercell,842945,PG-13,Action;Drama,2023
3618,Wish Upon,440597,PG-13,Horror;Thriller;Fantasy,2017
3621,The Last Song,35690,PG,Drama;Family;Romance,2010
3622,Metal Lords,739993,R,Comedy;Drama;Music,2022
3623,Tekken,42194,R,Crime;Drama;Action;Thriller;Science Fiction,2010
3624,Look Both Ways,805327,PG-13,Romance;Drama;Comedy,2022
3625,The Covenant,9954,PG-13,Fantasy;Horror;Adventure;Action,2006
3626,Killer Elite,49021,R,Action;Adventure;Thriller,2011
3627,The Blob,9599,R,Horror;Science Fiction,1988
3629,Zoolander,9398,PG-13,Comedy,2001
3630,Bill & Ted's Excellent Adventure,1648,PG,Adventure;Comedy;Science Fiction,1989
3631,Broken City,98357,R,Thriller;Crime;Drama,2013
3632,Accepted,9788,PG-13,Comedy,2006
3633,Groot's First Steps,1010818,PG,Animation;Family;Comedy;Science Fiction,2022
3634,Sideways,9675,R,Comedy;Drama;Romance,2004
3635,A Night at the Roxbury,9429,PG-13,Comedy;Romance;Music,1998
3637,Blast from the Past,11622,PG-13,Drama;Romance;Comedy,1999
3638,¡Three Amigos!,8388,PG,Comedy;Western;Drama,1986
3639,Ice Age: The Great Egg-Scapade,387893,PG,Adventure;Animation;Comedy;Family;TV Movie,2016
3640,The Rainmaker,11975,PG-13,Drama;Crime;Thriller,1997
3641,¡Three Amigos!,8388,PG,Comedy;Western;Drama,1986
3642,Ice Age: The Great Egg-Scapade,387893,PG,Adventure;Animation;Comedy;Family;TV Movie,2016
3643,The Rainmaker,11975,PG-13,Drama;Crime;Thriller,1997
3644,Along Came a Spider,2043,R,Crime;Mystery;Thriller;Action,2001
3645,The One and Only Ivan,508570,PG,Family;Comedy;Drama,2020
3646,Teen Titans Go! vs. Teen Titans,556901,PG,Action;Animation,2019
3647,27 Dresses,6557,PG-13,Comedy;Romance,2008
3648,Dracula 2000,10577,R,Thriller;Horror;Action;Fantasy,2000
3649,Diary of a Wimpy Kid: Dog Days,82650,PG,Comedy;Family,2012
3650,Prince of Darkness,8852,R,Horror,1987
3651,Force of Nature,619592,R,Action;Adventure;Crime;Thriller,2020
3652,Death Wish 3,24873,R,Action;Crime;Drama,1985
3654,Housesitter,10407,PG,Comedy;Romance,1992
3655,London,7515,R,Drama;Romance,2005
3656,The Sessions,113947,R,Drama;Romance;Comedy,2012
3657,7 Guardians of the Tomb,409582,PG-13,Action;Adventure;Horror,2018
3658,The Color Purple,873,PG-13,Drama;History,1985
3659,The Woman in the Window,520663,R,Crime;Mystery;Thriller,2021
3660,Crooked House,419835,PG-13,Mystery;Crime;Thriller,2017
3662,The Princess Switch: Switched Again,643882,G,Family;Romance;Comedy,2020
3663,It Takes Two,33689,PG,Comedy;Family;Romance,1995
3664,Reign of the Supermen,487672,PG-13,Science Fiction;Animation;Action,2019
3665,A Thousand Words,72358,PG-13,Drama;Comedy,2012
3666,Causeway,595586,R,Drama,2022
3667,Leprechaun,11811,R,Horror;Comedy;Fantasy,1993
3668,Girls State,986355,PG-13,Documentary,2024
3669,The Quest,9103,PG-13,Action;Adventure;Drama,1996
3670,The Christmas Chronicles,527435,PG,Comedy;Adventure;Family;Fantasy,2018
3671,"See No Evil, Hear No Evil",11185,R,Comedy;Crime,1989
3672,An American Tail,4978,G,Comedy;Adventure;Drama;Family;Animation,1986
3673,Dark Waters,552178,PG-13,Drama;Thriller,2019
3674,The Spirit,8285,PG-13,Action;Comedy;Crime;Fantasy;Drama,2008
3675,Chicago,1574,PG-13,Comedy;Crime;Drama,2002
3676,Carol,258480,R,Romance;Drama,2015
3677,Princess Protection Program,19458,G,Family;TV Movie;Comedy,2009
3678,The Strays,1063422,R,Thriller,2023
3679,Next,1738,PG-13,Action;Science Fiction;Thriller,2007
3680,Uncle Frank,634544,R,Drama,2020
3681,Patriots Day,388399,R,Action;Crime;Drama;History;Thriller,2016
3682,The Glass Castle,336000,PG-13,Drama,2017
3683,16 Wishes,40205,G,Fantasy;Drama;Family,2010
3684,Ultraviolet,9920,PG-13,Science Fiction;Action;Thriller,2006
3685,Send It!,598413,R,Action;Adventure;Comedy,2021
3686,Girls Trip,417870,R,Comedy,2017
3687,Marauders,359412,R,Action;Crime;Thriller,2016
3688,Beverly Hills Chihuahua 2,54540,G,Comedy;Family,2011
3689,2 Hearts,710356,PG-13,Romance;Drama,2020
3691,The Fan,9566,R,Thriller;Action;Drama,1996
3692,Jarhead 3: The Siege,378385,R,War;Action;Drama,2016
3693,High Life,376865,R,Science Fiction;Drama;Mystery,2018
3694,Mr. Deeds,2022,PG-13,Comedy;Romance,2002
3695,LEGO Star Wars Holiday Special,732670,G,Animation;Family;Science Fiction;Adventure;Comedy,2020
3696,Fred Claus,5375,PG,Action;Comedy;Drama,2007
3697,The Swan Princess: Far Longer Than Forever,1175959,PG,Animation;Family;Adventure,2023
3698,The Fly II,10344,R,Horror;Science Fiction,1989
3699,Overdrive,404733,PG-13,Thriller;Action;Mystery,2017
3700,Porno,576004,R,Comedy;Horror,2019
3701,Whip It,22798,PG-13,Drama,2009
3703,Billy Elliot,71,PG-13,Drama;Comedy;Music,2000
3704,Reminiscence,579047,PG-13,Mystery;Science Fiction,2021
3705,The Delta Force,16113,R,Action;Thriller;Adventure;War,1986
3706,Ride Along,168530,PG-13,Action;Comedy,2014
3707,Solace,339527,R,Thriller;Crime;Mystery,2015
3708,30 Days of Night: Dark Days,42941,R,Horror;Thriller,2010
3709,Holes,8326,PG,Adventure;Family;Drama;Comedy,2003
3710,Vice,429197,R,Comedy;Drama,2018
3712,Enemy Mine,11864,PG-13,Drama;Science Fiction,1985
3713,Barbie in A Mermaid Tale 2,91342,G,Animation;Family,2012
3714,It Could Happen to You,10660,PG,Comedy;Drama;Romance,1994
3716,Driven,10477,PG-13,Action;Drama,2001
3718,The Campaign,77953,R,Comedy,2012
3719,Closer,2288,R,Drama;Romance,2004
3720,Blair Witch,351211,R,Thriller;Horror,2016
3721,Tarzan & Jane,13683,G,Animation;Family,2002
3722,After the Sunset,10589,PG-13,Action;Comedy;Crime;Drama,2004
3723,Fantasia 2000,49948,G,Animation;Family;Music,1999
3724,Sweet Home Alabama,11529,PG-13,Comedy;Romance,2002
3725,The Good Son,9272,R,Thriller;Drama;Horror,1993
3726,Black Site,848123,R,Action;Thriller;Crime;Drama,2022
3727,What to Expect When You're Expecting,76494,PG-13,Romance;Comedy;Drama,2012
3728,The Getaway,2087,R,Action;Crime;Mystery;Thriller,1994
3729,A Wrinkle in Time,407451,PG,Adventure;Science Fiction;Family;Fantasy,2018
3730,What to Expect When You're Expecting,76494,PG-13,Romance;Comedy;Drama,2012
3731,The Getaway,2087,R,Action;Crime;Mystery;Thriller,1994
3732,A Wrinkle in Time,407451,PG,Adventure;Science Fiction;Family;Fantasy,2018
3733,The World's End,107985,R,Comedy;Action;Science Fiction,2013
3734,The Taking of Pelham 1 2 3,18487,R,Crime;Thriller;Action,2009
3735,A.I. Rising,505914,R,Science Fiction;Drama;Romance,2018
3736,Tremors 3: Back to Perfection,10829,PG,Action;Comedy;Horror;Science Fiction;Thriller,2001
3737,Primer,14337,PG-13,Science Fiction;Drama;Thriller,2004
3739,Mortdecai,210860,R,Comedy;Adventure,2015
3740,My Super Ex-Girlfriend,4474,PG-13,Comedy;Science Fiction;Romance,2006
3741,The Fog,791,PG-13,Horror;Thriller;Drama;Mystery,2005
3742,Hands of Stone,184341,R,Drama,2016
3744,FernGully: The Last Rainforest,13225,G,Family;Fantasy;Animation;Adventure,1992
3746,22 vs. Earth,811367,G,Family;Comedy;Fantasy;Animation,2021
3747,Batman vs Teenage Mutant Ninja Turtles,581997,PG-13,Animation;Action;Science Fiction;Crime,2019
3748,Cats & Dogs,10992,PG,Family;Comedy,2001
3749,Upside Down,58244,PG-13,Romance;Science Fiction;Drama;Fantasy,2012
3750,The Land Before Time X: The Great Longneck Migration,24554,G,Animation;Adventure;Family,2003
3752,This Means War,59962,PG-13,Action;Comedy;Romance,2012
3753,The Old Way,872954,R,Western;Drama,2023
3754,Mannequin Two: On the Move,34376,PG,Fantasy;Comedy;Science Fiction;Romance,1991
3755,Girl with a Pearl Earring,3635,PG-13,Drama;Romance,2003
3756,The Grudge 2,1975,PG-13,Horror;Thriller,2006
3757,The Pagemaster,15139,G,Family;Fantasy;Animation,1994
3758,The Water Horse,54318,PG,Family;Adventure;Fantasy,2007
3759,Prep & Landing Stocking Stuffer: Operation: Secret Santa,88212,G,Animation;Family;Fantasy,2010
3760,Home Again,427900,PG-13,Comedy;Drama;Romance,2017
3761,Flowers in the Attic,15658,R,Drama;Mystery;Thriller;Horror,1987
3762,USS Indianapolis: Men of Courage,340945,R,Action;War,2016
3763,Spanglish,2539,PG-13,Comedy,2004
3765,Batman and Harley Quinn,408648,PG-13,Adventure;Action;Animation;Science Fiction;Comedy,2017
3767,Cradle 2 the Grave,10623,R,Action;Crime;Drama,2003
3768,The Great Outdoors,2617,PG,Comedy,1988
3770,Soul Surfer,43959,PG,Family;Drama,2011
3771,99 Homes,283235,R,Drama,2015
3772,Star Trek: Insurrection,200,PG,Science Fiction;Action;Adventure;Thriller,1998
3773,99 Homes,283235,R,Drama,2015
3774,Star Trek: Insurrection,200,PG,Science Fiction;Action;Adventure;Thriller,1998
3776,Mallrats,2293,R,Romance;Comedy,1995
3778,Z-O-M-B-I-E-S 3,809107,G,Music;Fantasy;Comedy;Science Fiction;Family;TV Movie,2022
3779,Abduction,59965,PG-13,Thriller;Action;Mystery,2011
3780,Date Night,35056,PG-13,Comedy;Action;Adventure,2010
3781,The Marine,8975,PG-13,Action,2006
3782,Dallas Buyers Club,152532,R,Drama;History,2013
3783,Infinite Storm,811631,R,Thriller;Adventure;Drama;Mystery,2022
3784,Patriot Games,9869,R,Drama;Action;Thriller;Crime,1992
3786,Champions,933419,PG-13,Comedy;Drama,2023
3787,Empire State,169209,R,Action;Drama,2013
3788,Moonwalker,13192,PG,Fantasy;Music,1988
3789,Six Days Seven Nights,6068,PG-13,Comedy;Action;Adventure;Romance,1998
3790,Hoodwinked Too! Hood VS. Evil,57089,PG,Comedy;Animation;Family,2011
3791,The General's Daughter,2275,R,Thriller;Mystery;Crime,1999
3792,Clown,112454,R,Horror;Thriller,2014
3793,Do the Right Thing,925,R,Drama,1989
3794,Going in Style,353070,PG-13,Crime;Comedy,2017
3795,Roxanne,11584,PG,Comedy;Romance,1987
3796,Friday the 13th: A New Beginning,9731,R,Horror;Thriller;Mystery,1985
3797,Going in Style,353070,PG-13,Crime;Comedy,2017
3798,Roxanne,11584,PG,Comedy;Romance,1987
3799,Friday the 13th: A New Beginning,9731,R,Horror;Thriller;Mystery,1985
3800,My Big Fat Greek Wedding 3,1001811,PG-13,Comedy;Romance,2023
3801,Death Wish 4: The Crackdown,26263,R,Crime;Action,1987
3802,Whiskey Tango Foxtrot,279641,R,Comedy;Drama;War,2016
3803,Empire of the Sun,10110,PG,Drama;History;War,1987
3804,Mary Shelley,332283,PG-13,Romance;Drama,2017
3805,The Librarian: Quest for the Spear,14207,PG,Adventure;Action;Fantasy,2004
3806,Howard the Duck,10658,PG,Comedy;Fantasy;Science Fiction,1986
3807,MouseHunt,6283,PG,Comedy;Family,1997
3808,Analyze That,9932,R,Comedy;Crime,2002
3809,Antebellum,627290,R,Horror,2020
3810,If Only,15775,PG-13,Fantasy;Drama;Romance,2004
3811,Against the Ice,836009,R,Drama;Adventure;History,2022
3812,The Machine,647250,R,Comedy;Action;Crime,2023
3813,Cake,284276,R,Drama,2014
3814,Interstate 60,20312,R,Adventure;Comedy;Fantasy,2002
3815,Menace II Society,9516,R,Drama;Crime,1993
3816,Martha Marcy May Marlene,50837,R,Drama;Thriller,2011
3817,Plus One at an Amish Wedding,1008148,G,TV Movie;Comedy;Romance,2022
3818,The Man with the Iron Fists 2,321494,R,Action,2015
3819,Ghost Town,12797,PG-13,Drama;Comedy;Fantasy,2008
3820,Flora and Son,1059811,R,Music;Comedy;Drama,2023
3821,The Man with the Iron Fists 2,321494,R,Action,2015
3822,Ghost Town,12797,PG-13,Drama;Comedy;Fantasy,2008
3823,Flora and Son,1059811,R,Music;Comedy;Drama,2023
3824,The Constant Gardener,1985,R,Drama;Mystery;Thriller,2005
3825,Camp Hideout,917594,PG,Family;Comedy,2023
3826,The Muppets,64328,PG,Comedy;Family;Music,2011
3827,Justice League: Crisis on Two Earths,30061,PG-13,Action;Adventure;Animation;Science Fiction,2010
3828,The Life Aquatic with Steve Zissou,421,R,Adventure;Comedy;Drama,2004
3829,Thirteen,11023,R,Drama,2003
3830,Halloween II,24150,R,Horror,2009
3831,Thunderstruck,119738,PG,Comedy;Family,2012
3832,We Bare Bears: The Movie,677638,G,Animation;Adventure;Family;Comedy;TV Movie,2020
3833,Dear John,22971,PG-13,Drama;Romance;War,2010
3834,She's All That,10314,PG-13,Comedy;Romance,1999
3835,Casper Meets Wendy,39345,PG,Family;Fantasy;Comedy;TV Movie,1998
3836,The War with Grandpa,425001,PG,Comedy;Family,2020
3837,Halloween: The Curse of Michael Myers,10987,R,Horror;Thriller,1995
3838,Into the Woods,224141,PG,Fantasy;Comedy,2014
3839,Camp Rock 2: The Final Jam,44244,PG,Comedy;Music;TV Movie,2010
3840,The Upside,440472,PG-13,Comedy;Drama,2019
3841,Courage Under Fire,10684,R,Drama;Thriller;Mystery;War,1996
3842,The 33,293646,PG-13,Drama;History,2015
3843,The Hot Spot,14864,R,Romance;Crime;Thriller,1990
3844,Steel Magnolias,10860,PG,Comedy;Drama;Romance,1989
3845,Barbershop,10611,PG-13,Comedy;Drama,2002
3846,All the Money in the World,446791,R,Crime;History;Thriller,2017
3847,Shame,76025,NC-17,Drama,2011
3848,The Three Stooges,76489,PG,Comedy,2012
3849,"Yes, God, Yes",527660,R,Drama;Comedy,2020
3851,K-PAX,167,PG-13,Science Fiction;Drama;Mystery,2001
3852,I Am Wrath,332411,R,Action;Crime;Drama;Thriller,2016
3853,Two Weeks Notice,2642,PG-13,Comedy;Romance,2002
3854,Malcolm X,1883,PG-13,Drama;History,1992
3855,Leprechaun Returns,518158,R,Horror;Fantasy;Comedy,2018
3856,Till Death,672741,R,Horror;Thriller,2021
3857,Death Sentence,11835,R,Action;Crime;Drama;Thriller,2007
3858,K-19: The Widowmaker,8665,PG-13,Drama;History;Thriller;Mystery;War,2002
3859,Addicted,235271,R,Drama;Thriller,2014
3860,Wayne's World,8872,PG-13,Comedy;Music,1992
3861,Abandoned,880841,PG-13,Horror;Mystery;Thriller;Crime;Drama,2022
3862,Little,526050,PG-13,Comedy;Fantasy;Romance,2019
3863,Walk of Shame,187596,R,Comedy,2014
3864,Adventures in Babysitting,360606,G,TV Movie;Adventure;Family;Comedy,2016
3865,Halloween H20: 20 Years Later,11675,R,Horror;Thriller,1998
3866,The Sandlot,11528,PG,Family;Comedy,1993
3867,Sherlock Gnomes,370567,PG,Animation;Family;Fantasy;Comedy;Adventure;Mystery,2018
3868,Rounders,10220,R,Drama;Crime,1998
3870,Flawless,13195,PG-13,Crime;Drama;Thriller,2007
3871,Deception,13018,R,Thriller;Mystery,2008
3872,Cursed,10012,PG-13,Horror;Comedy,2005
3873,Amityville Uprising,898774,R,Horror;Action;Thriller,2022
3874,In the Shadow of the Moon,530382,R,Science Fiction;Thriller,2019
3875,Cocktail,7520,R,Romance;Drama;Comedy,1988
3876,Driving Miss Daisy,403,PG,Drama,1989
3877,Selena Gomez: My Mind & Me,1022256,R,Documentary;Music,2022
3879,Aliens in the Attic,20856,PG,Adventure;Comedy;Family;Fantasy;Science Fiction,2009
3880,Selena Gomez: My Mind & Me,1022256,R,Documentary;Music,2022
3882,Aliens in the Attic,20856,PG,Adventure;Comedy;Family;Fantasy;Science Fiction,2009
3883,Gladiator,16219,R,Action;Drama,1992
3884,Batman: The Doom That Came to Gotham,1003579,PG-13,Animation;Fantasy;Action;Mystery,2023
3885,Fallen,283378,PG-13,Drama;Fantasy;Romance,2016
3886,Killer Klowns from Outer Space,16296,PG-13,Comedy;Horror;Science Fiction,1988
3887,Get Shorty,8012,R,Comedy;Thriller;Crime,1995
3888,Master and Commander: The Far Side of the World,8619,PG-13,Adventure;Drama;War,2003
3890,Spontaneous,604578,R,Comedy;Horror,2020
3891,Muppets Haunted Mansion,826914,PG,Comedy;Family;TV Movie,2021
3893,The Intruder,524247,PG-13,Thriller,2019
3894,Mother/Android,739413,R,Science Fiction;Thriller,2021
3895,Boy Erased,472451,R,Drama,2018
3896,The End of Sex,933092,R,Comedy;Romance;Drama,2023
3897,Presumed Innocent,11092,R,Mystery;Crime;Thriller,1990
3898,Fun with Dick and Jane,7552,PG-13,Comedy;Crime;Drama;Romance,2005
3899,The Call,158011,R,Crime;Thriller,2013
3900,Magic Mike XXL,264999,R,Comedy;Drama,2015
3901,ブレードランナー ブラックアウト 2022,475946,PG-13,Action;Animation;Science Fiction,2017
3902,Master Gardener,869612,R,Drama;Romance;Thriller,2023
3903,The X Files: I Want to Believe,8836,PG-13,Drama;Mystery;Science Fiction;Thriller,2008
3904,Happy Death Day,440021,PG-13,Horror;Mystery;Comedy;Thriller,2017
3905,The Spy Next Door,23172,PG,Action;Comedy;Family,2010
3906,The World to Come,506281,R,Romance;Drama;Western,2021
3907,Jonah Hex,20533,PG-13,Action;Western;Drama;Fantasy;Thriller,2010
3908,My Little Pony: The Movie,335360,PG,Family;Animation;Adventure;Fantasy,2017
3909,Bigfoot Family,702525,G,Animation;Adventure;Family,2020
3910,Cube,431,R,Thriller;Science Fiction;Mystery,1998
3911,The Wrong Missy,582596,R,Comedy;Romance,2020
3912,Beverly Hills Chihuahua 3: Viva la Fiesta!,105965,G,Comedy;Family,2012
3913,Ben 10: Secret of the Omnitrix,15403,PG,Animation;Science Fiction;Family,2007
3914,Christmas with the Kranks,13673,PG,Comedy;Family,2004
3915,Fingernails,790459,R,Romance;Science Fiction;Drama,2023
3916,Young Guns II,9086,PG-13,Western;Adventure,1990
3917,The Finest Hours,300673,PG-13,Action;Drama;History;Thriller,2016
3918,A Scanner Darkly,3509,R,Animation;Science Fiction;Thriller,2006
3919,47 Meters Down: Uncaged,480105,PG-13,Horror;Drama;Adventure,2019
3920,The Vatican Tapes,157544,R,Thriller;Horror,2015
3921,Zoom,14113,PG,Family;Comedy;Adventure;Action;Science Fiction,2006
3922,Come Away,527400,PG,Fantasy;Adventure,2020
3923,Reign of Fire,6278,PG-13,Adventure;Action;Fantasy,2002
3924,The River Wild,8987,PG-13,Adventure;Thriller;Drama,1994
3927,Baghead,5759,R,Comedy;Drama;Horror,2008
3928,"Honey, We Shrunk Ourselves",11425,PG,Adventure;Comedy;Family;Science Fiction,1997
3929,Lady Chatterley's Lover,814338,R,Drama;Romance,2022
3930,Early Man,387592,PG,Family;Comedy;Animation;Adventure,2018
3931,30 Minutes or Less,62206,R,Action;Adventure;Comedy,2011
3932,The Babysitter,37141,R,Drama;Thriller,1995
3933,Like Mike,21972,PG,Family;Comedy;Fantasy,2002
3934,Spun,12079,R,Comedy;Crime;Drama,2003
3935,21 Grams,470,R,Drama;Crime;Thriller,2003
3936,The Kid,4244,PG,Fantasy;Comedy;Family,2000
3937,The Horse Whisperer,547,PG-13,Adventure;Drama;Romance,1998
3939,Everyone Says I Love You,9716,R,Comedy;Romance,1996
3940,Ice Age: A Mammoth Christmas,79218,PG,Animation;Family;TV Movie,2011
3941,Before We Go,283350,PG-13,Comedy;Drama;Romance,2014
3942,The First Wives Club,2925,PG,Comedy,1996
3943,Absolute Power,66,R,Crime;Drama;Action,1997
3944,In Bruges,8321,R,Comedy;Drama;Crime,2008
3945,Child 44,181283,R,Crime;Thriller,2015
3946,Big Top Scooby-Doo!,119321,G,Family;Animation;Comedy;Mystery,2012
3947,Blood Father,309886,R,Action;Thriller;Drama,2016
3948,Blood Father,309886,R,Action;Thriller;Drama,2016
3949,Phenomenon,9294,PG,Drama;Romance;Science Fiction;Fantasy,1996
3950,Mickey's Twice Upon a Christmas,13378,G,Animation;Family,2004
3951,Hairspray,2976,PG,Comedy;Romance;Drama,2007
3952,Second Act,503616,PG-13,Romance;Comedy,2018
3953,Paul Blart: Mall Cop,14560,PG,Action;Adventure;Comedy;Family,2009
3954,The Diary of a Teenage Girl,250124,R,Drama;Romance,2015
3955,The Whole Ten Yards,2122,PG-13,Comedy;Thriller;Crime,2004
3956,Twitches,21481,PG,Comedy;Drama;Family;Fantasy;TV Movie,2005
3957,Mighty Morphin Power Rangers: The Movie,9070,PG,Action;Adventure;Science Fiction;Fantasy,1995
3958,Sabrina,11860,PG,Comedy;Romance,1995
3959,Honor Society,929170,R,Comedy,2022
3960,Ed Wood,522,R,Comedy;Drama;History,1994
3961,The Legend of Hercules,188207,PG-13,Action;Adventure,2014
3962,The Devil's Rejects,1696,R,Drama;Horror;Crime,2005
3963,Cube Zero,438,R,Mystery;Science Fiction;Thriller,2004
3964,Open Season: Scared Silly,382517,PG,Animation;Comedy;Family;Adventure,2015
3965,Drop Zone,4954,R,Action;Thriller,1994
3966,True Spirit,739986,PG,Adventure;Drama;History,2023
3967,Draft Day,200505,PG-13,Drama,2014
3968,The Nut Job,227783,PG,Animation;Comedy;Family;Adventure,2014
3969,The Powerpuff Girls Movie,59387,PG,Animation;Action;Family,2002
3970,Escape from L.A.,10061,R,Action;Adventure;Science Fiction;Thriller,1996
3971,Prep & Landing: Naughty vs. Nice,88096,G,Animation;Comedy;Family,2011
3972,Disquiet,1072074,R,Horror;Thriller;Mystery,2023
3973,Naked Singularity,624789,R,Crime;Drama,2021
3974,Little Women,9587,PG,Drama;Romance,1994
3975,Free Willy 3: The Rescue,18519,PG,Family;Adventure,1997
3976,Love the Coopers,333348,PG-13,Drama;Comedy;Family,2015
3978,Double Team,9405,R,Action;Science Fiction,1997
3979,Mighty Aphrodite,11448,R,Comedy;Romance,1995
3980,No Escape,10447,R,Action;Drama;Science Fiction;Thriller,1994
3981,Working Girl,3525,R,Comedy;Romance;Drama,1988
3982,Girls Just Want to Have Fun,16263,PG,Comedy;Family;Music;Romance,1985
3983,Never Been Kissed,11355,PG-13,Romance;Comedy;Drama,1999
3984,Get Rich or Die Tryin',10060,R,Drama;Crime;Music,2005
3985,Rogue,13022,R,Action;Horror;Thriller,2007
3986,The Eye,9030,PG-13,Drama;Horror;Thriller,2008
3987,Space Cowboys,5551,PG-13,Action;Adventure;Thriller,2000
3988,Are We There Yet?,11637,PG,Family;Adventure;Comedy;Romance,2005
3989,The Eye,9030,PG-13,Drama;Horror;Thriller,2008
3990,Space Cowboys,5551,PG-13,Action;Adventure;Thriller,2000
3991,Are We There Yet?,11637,PG,Family;Adventure;Comedy;Romance,2005
3992,Black Mirror: Bandersnatch,569547,R,Science Fiction;Mystery;Drama;Thriller;TV Movie,2018
3993,Happiest Season,520172,PG-13,Romance;Comedy,2020
3994,Sgt. Stubby: An American Hero,433694,PG,Animation;Adventure;Family;History;War,2018
3995,Trolls Holiday in Harmony,896221,PG,Animation;Fantasy;Family;Comedy,2021
3996,Quest for Camelot,18937,G,Fantasy;Animation;Drama;Romance;Family,1998
3997,Major Payne,11008,PG-13,Adventure;Comedy;Family,1995
3998,Wicked Minds,153104,PG-13,Mystery;Drama;Romance;Thriller,2003
4000,Lou,429473,R,Action;Thriller,2022
4001,Crimes of the Future,819876,R,Drama;Science Fiction;Horror,2022
4002,The Crazies,29427,R,Mystery;Horror;Action,2010
4004,The Last Exorcism Part II,146203,PG-13,Horror;Thriller,2013
4005,The Doors,10537,R,Music;Drama;History,1991
4006,The Florida Project,394117,R,Drama,2017
4007,Friday After Next,10426,R,Comedy,2002
4008,"Planes, Trains and Automobiles",2609,R,Comedy,1987
4009,Sky Captain and the World of Tomorrow,5137,PG,Mystery;Action;Thriller;Science Fiction;Adventure,2004
4010,White Fang,12227,PG,Action;Adventure;Drama;Family,1991
4011,Trauma Center,641790,R,Action;Thriller,2019
4013,Queen of the Damned,11979,R,Fantasy;Horror;Romance,2002
4014,Tinker Tailor Soldier Spy,49517,R,Drama;Thriller;Mystery,2011
4015,Tremors 4: The Legend Begins,10891,PG-13,Action;Comedy;Horror;Western,2004
4016,Einstein and the Bomb,1168709,PG-13,Documentary;Drama,2024
4017,Due Date,41733,R,Comedy;Drama,2010
4018,Hotel Rwanda,205,PG-13,Drama;History;War,2004
4019,Poetic Justice,8291,R,Drama;Romance,1993
4020,Chasing Liberty,14844,PG-13,Comedy;Romance,2004
4021,Black Snake Moan,7874,R,Drama,2006
4022,Curious George 2: Follow That Monkey!,23903,G,Animation;Family,2009
4023,The Soccer Football Movie,1037858,PG,Animation;Comedy;Family,2022
4025,Hide and Seek,11096,R,Horror;Mystery,2005
4026,Unsane,467660,R,Horror;Thriller,2018
4027,Burnt,295964,R,Drama,2015
4029,Van Wilder: Freshman Year,19824,R,Comedy;Romance,2009
4030,The Nativity Story,2447,PG,Drama,2006
4031,Three Kings,6415,R,Action;Comedy;War,1999
4032,Exposed,331962,R,Drama;Crime;Thriller;Mystery,2016
4034,"tick, tick... BOOM!",537116,PG-13,Drama;Music,2021
4035,Barbie in 'A Christmas Carol',13459,G,Animation;Family,2008
4036,Megalodon,523931,PG-13,Action;Science Fiction;Horror;TV Movie,2018
4037,*batteries not included,11548,PG,Family;Comedy;Fantasy;Science Fiction,1987
4039,The Seventh Sign,11082,R,Horror;Drama;Thriller,1988
4040,Transformers: Revenge of the Fallen,8373,PG-13,Science Fiction;Action;Adventure,2009
4041,18 Year Old Virgin,14912,R,Comedy,2009
4042,Quasi,893752,R,Comedy;Drama,2023
4044,Secondhand Lions,13156,PG,Family;Comedy,2003
4045,Mystic Pizza,11191,R,Comedy;Drama;Romance,1988
4046,Batman: The Killing Joke,382322,R,Action;Animation;Crime;Drama,2016
4047,Shanghai Noon,8584,PG-13,Adventure;Action;Comedy;Western,2000
4048,Another Earth,55420,PG-13,Drama;Science Fiction,2011
4049,Silverado,11509,PG-13,Western;Action,1985
4050,Barbie Mariposa & the Fairy Princess,196254,G,Animation;Family;Fantasy,2013
4051,Masters of the Universe,11649,PG,Action;Fantasy;Science Fiction;Adventure;Thriller,1987
4052,The Santa Clause,11395,PG,Fantasy;Drama;Comedy;Family,1994
4053,Barbie Presents: Thumbelina,16418,G,Animation;Family,2009
4055,Patch Adams,10312,PG-13,Comedy;Drama,1998
4056,Backdraft,2924,R,Drama;Thriller;Action;Crime,1991
4057,Red Lights,75638,R,Thriller,2012
4058,Marley & Me,14306,PG,Comedy;Family,2008
4059,Monster High: 13 Wishes,212470,G,Family;Fantasy;Animation,2013
4060,Renegades,913604,R,Action;Crime;Thriller,2022
4061,Kill Bill: The Whole Bloody Affair,414419,R,Action;Crime;Thriller,2011
4062,Persuasion,820912,PG,Romance;Drama;Comedy,2022
4063,16 Blocks,2207,PG-13,Action;Adventure;Crime;Thriller,2006
4064,A Perfect Murder,1965,R,Crime;Thriller;Drama,1998
4065,Bastille Day,333669,R,Action,2016
4066,Horns,149509,R,Drama;Fantasy;Thriller,2013
4067,Bad Times at the El Royale,446021,R,Thriller;Drama;Mystery;Crime,2018
4068,Barbie: The Princess & The Popstar,129533,G,Family;Animation,2012
4069,Gothika,4970,R,Horror;Thriller;Mystery,2003
4070,Strange Days,281,R,Crime;Drama;Science Fiction;Thriller,1995
4072,Borat: Cultural Learnings of America for Make Benefit Glorious Nation of Kazakhstan,496,R,Comedy,2006
4073,Nine Lives,322240,PG,Fantasy;Comedy;Family,2016
4075,Tom and Jerry: The Movie,22582,G,Animation;Comedy;Family;Music,1992
4076,The Young and Prodigious T.S. Spivet,157841,PG,Adventure;Drama;Family,2013
4077,Bad Lieutenant: Port of Call - New Orleans,11699,R,Drama;Crime,2009
4078,The Kitchen,487680,PG-13,Action;Crime;Drama,2019
4079,An American Werewolf in Paris,9406,R,Horror;Comedy;Fantasy,1997
4080,The Kitchen,487680,PG-13,Action;Crime;Drama,2019
4081,An American Werewolf in Paris,9406,R,Horror;Comedy;Fantasy,1997
4082,Barely Lethal,248574,PG-13,Adventure;Comedy;Action;Romance,2015
4083,Gia,14533,R,Romance;Drama,1998
4084,Billy Lynn's Long Halftime Walk,293767,R,Drama;War,2016
4085,Arthur Christmas,51052,PG,Drama;Animation;Family;Comedy,2011
4086,Megan Leavey,424488,PG-13,Drama;War,2017
4087,Witness,9281,R,Crime;Drama;Romance;Thriller,1985
4088,Neighbors 2: Sorority Rising,325133,R,Comedy,2016
4089,Triple Threat,449985,R,Thriller;Action,2019
4090,Frailty,12149,R,Drama;Thriller;Crime,2002
4091,Paulie,36568,PG,Comedy;Family,1998
4092,Polaroid,431075,PG-13,Horror;Thriller;Mystery,2019
4094,Patient Zero,295011,R,Horror;Thriller;Action;Drama,2018
4096,After Hours,10843,R,Comedy;Thriller;Drama,1985
4097,Bill & Ted's Bogus Journey,1649,PG,Adventure;Comedy;Science Fiction,1991
4098,The Land Before Time XIV: Journey of the Brave,339526,G,Animation;Adventure;Family,2016
4099,Silver Bullet,17898,R,Horror,1985
4100,Northmen: A Viking Saga,286873,R,Adventure;Action;Drama,2014
4101,The Last Legion,9703,PG-13,Action;Adventure;Fantasy;War,2007
4102,Red Corner,9407,R,Crime;Drama;Thriller,1997
4103,The Breed,10063,R,Thriller;Horror,2006
4104,24 Hours To Live,470114,R,Action;Science Fiction;Thriller;Mystery,2017
4105,Pooh's Grand Adventure: The Search for Christopher Robin,14903,G,Animation;Family;Adventure,1997
4106,Archive,606234,R,Science Fiction;Drama;Fantasy;Thriller,2020
4107,Dear Evan Hansen,567690,PG-13,Drama,2021
4108,Centurion,23759,R,Adventure;Action;Drama,2010
4109,Invictus,22954,PG-13,Drama;History,2009
4110,Embrace of the Vampire,18392,R,Horror;Fantasy,1995
4111,Ben Is Back,492452,R,Drama,2018
4112,Pleasantville,2657,PG-13,Fantasy;Comedy;Drama,1998
4113,Chernobyl Diaries,93856,R,Horror;Thriller,2012
4114,Zookeeper,38317,PG,Comedy;Romance;Family,2011
4115,Disturbia,8271,PG-13,Thriller;Drama;Mystery,2007
4116,Highlander III: The Sorcerer,8011,R,Fantasy;Action;Adventure,1994
4117,PAW Patrol: Jet to the Rescue,743439,G,Family;Animation,2020
4118,A Guy Thing,9582,PG-13,Comedy;Romance,2003
4119,The Collector,21407,R,Horror;Thriller,2009
4120,Tall Girl,625450,PG,Comedy;Drama;Romance,2019
4121,Gambit,97434,PG-13,Comedy;Crime,2012
4122,Moneyball,60308,PG-13,Drama,2011
4124,Bird on a Wire,1727,PG-13,Action;Adventure;Comedy;Romance,1990
4125,Miracle on 34th Street,10510,PG,Fantasy;Drama;Family,1994
4126,The Wicker Man,9708,PG-13,Horror;Mystery;Thriller,2006
4127,Savages,82525,R,Crime;Drama;Thriller,2012
4128,Hard Rain,11258,R,Thriller;Crime;Action,1998
4129,Only Lovers Left Alive,152603,R,Drama;Romance,2013
4130,"Batman: The Long Halloween, Part Two",736074,R,Animation;Mystery;Action;Crime,2021
4131,Tom and Jerry: Shiver Me Whiskers,60293,G,Animation;Comedy;Family;Adventure,2006
4132,Horizon Line,602654,PG-13,Thriller;Adventure,2020
4134,Barbie Fairytopia: Magic of the Rainbow,16962,G,Animation;Family;Fantasy;Romance,2007
4135,Valentine's Day,32856,PG-13,Comedy;Romance,2010
4137,Barbie Fairytopia: Magic of the Rainbow,16962,G,Animation;Family;Fantasy;Romance,2007
4138,Valentine's Day,32856,PG-13,Comedy;Romance,2010
4140,Mississippi Burning,1632,R,Drama;Crime,1988
4141,"I, Tonya",389015,R,Drama;Comedy,2017
4142,Moon,17431,R,Science Fiction;Drama,2009
4143,No Good Deed,136835,PG-13,Crime;Thriller,2014
4144,Gridiron Gang,9766,PG-13,Crime;Drama,2006
4145,Out of the Furnace,164457,R,Thriller;Drama;Crime,2013
4146,Heart and Souls,12187,PG-13,Fantasy;Comedy;Romance,1993
4147,Braindead,763,R,Horror;Comedy,1992
4148,The Last Dragon,13938,PG-13,Action;Adventure;Music,1985
4149,The Last Dragon,13938,PG-13,Action;Adventure;Music,1985
4150,King of Thieves,520360,R,Crime;Drama,2018
4151,Mr. Church,374461,PG-13,Drama,2016
4152,The Birdcage,11000,R,Comedy,1996
4153,Bombshell,525661,R,Drama,2019
4154,Batman: Mystery of the Batwoman,21683,PG,Adventure;Fantasy;Animation;Action;Science Fiction,2003
4155,Mr. Brooks,3432,R,Crime;Thriller,2007
4156,Escape from Planet Earth,68179,PG,Animation;Comedy;Adventure;Family;Science Fiction,2013
4157,The Wall,405775,R,War;Thriller;Drama,2017
4158,Malcolm & Marie,722913,R,Drama;Romance,2021
4159,Teen Titans: The Judas Contract,408647,PG-13,Science Fiction;Animation;Action,2017
4160,Mermaids,4587,PG-13,Comedy;Drama;Romance,1990
4161,Madly Madagascar,161143,G,Animation;Comedy;Family,2013
4162,Bringing Down the House,10678,PG-13,Comedy;Drama,2003
4163,Lord of the Flies,10847,R,Adventure;Drama;Thriller,1990
4164,Deep Blue Sea 2,492336,R,Action;Horror;Science Fiction,2018
4167,King of Killers,1024127,R,Action;Thriller,2023
4168,Nurse 3-D,78383,R,Horror;Thriller,2013
4170,The Money Pit,10466,PG,Comedy;Romance,1986
4171,National Security,11078,PG-13,Action;Comedy;Crime,2003
4172,Sly,1146302,R,Documentary,2023
4173,Looking Glass,437375,R,Thriller;Mystery,2018
4174,Captive State,429471,PG-13,Science Fiction;Action;Adventure;Horror;Thriller,2019
4175,White Men Can't Jump,10158,R,Comedy;Drama,1992
4176,UglyDolls,454458,PG,Animation;Music;Family;Comedy,2019
4177,Species III,9711,R,Science Fiction;Action;Horror,2004
4178,Les Misérables,4415,PG-13,Crime;Drama;History;Romance,1998
4179,Unbroken: Path to Redemption,506680,PG-13,Drama,2018
4180,Infidelity in Suburbia,451156,PG-13,Thriller;TV Movie,2017
4181,Burn After Reading,4944,R,Comedy;Drama,2008
4182,What We Do in the Shadows,246741,R,Comedy;Horror,2014
4183,Lincoln,72976,PG-13,History;Drama,2012
4185,Sexy Beast,11826,R,Crime;Drama;Thriller,2001
4187,Sexy Beast,11826,R,Crime;Drama;Thriller,2001
4189,Drillbit Taylor,8457,PG-13,Comedy,2008
4190,Heavenly Creatures,1024,R,Drama;Fantasy,1994
4191,Little Miss Sunshine,773,R,Comedy;Drama,2006
4192,Executive Decision,2320,R,Action;Adventure;Drama;Thriller,1996
4193,The Bone Collector,9481,R,Drama;Mystery;Thriller;Crime,1999
4196,Are We Done Yet?,10172,PG,Family;Comedy,2007
4197,The Offering,955991,R,Drama;Horror,2022
4198,Cruel Intentions 3,5460,R,Drama,2004
4199,See How They Run,766475,PG-13,Mystery;Comedy;Crime,2022
4200,Taking Lives,11081,R,Thriller,2004
4201,The Perfect Date,543540,PG-13,Romance;Comedy,2019
4202,Jodorowsky's Dune,191720,PG-13,Documentary,2013
4203,Being John Malkovich,492,R,Comedy;Drama;Fantasy,1999
4204,The Crucible,20539,PG-13,Drama;History,1996
4205,Shaft,486131,R,Action;Crime,2019
4206,A River Runs Through It,293,PG,Drama;Family,1992
4207,The Crucible,20539,PG-13,Drama;History,1996
4208,Shaft,486131,R,Action;Crime,2019
4209,A River Runs Through It,293,PG,Drama;Family,1992
4210,The Boss Baby,295693,PG,Animation;Comedy;Family,2017
4211,The Book Thief,203833,PG-13,Drama,2013
4212,Teeth,13121,R,Comedy;Horror,2008
4213,Derailed,8999,R,Drama;Thriller,2005
4214,A Nightmare on Elm Street: The Dream Child,10160,R,Horror;Thriller,1989
4215,Awake,13483,R,Thriller;Crime;Mystery,2007
4216,Runaway Train,11893,R,Action;Thriller;Drama;Adventure,1985
4217,The Signal,242095,PG-13,Thriller;Science Fiction,2014
4218,What's Your Number?,63492,R,Comedy;Romance,2011
4219,Date Movie,10073,PG-13,Comedy;Romance,2006
4220,Lars and the Real Girl,6615,PG-13,Comedy;Drama;Romance,2007
4221,Soldier,9425,R,Science Fiction;Action;Drama;Fantasy,1998
4222,Blades of Glory,9955,PG-13,Comedy,2007
4223,Tangled: Before Ever After,438747,G,Adventure;Animation;Comedy;Family;Fantasy;TV Movie,2017
4224,Alien Outpost,312526,NC-17,Thriller;Action;Science Fiction,2014
4225,Midnight in the Switchgrass,693113,R,Crime;Mystery;Thriller;Action,2021
4226,Dancer in the Dark,16,R,Drama;Crime,2000
4227,Shutter,10885,PG-13,Horror;Mystery;Thriller,2008
4228,Cruel Intentions 2,5458,R,Drama,2000
4229,Hard Kill,724989,R,Action;Adventure;Thriller,2020
4230,Vantage Point,7461,PG-13,Drama;Action;Thriller;Crime,2008
4231,Water for Elephants,55787,PG-13,Drama;Romance,2011
4232,Finding ʻOhana,644092,PG,Adventure;Action;Comedy;Family,2021
4233,The Runaways,27586,R,Music;Drama;History,2010
4234,The Prince & Me 2: The Royal Wedding,15590,PG,Romance;Comedy;Family,2006
4235,Look Who's Talking Now!,11982,PG-13,Romance;Comedy;Family,1993
4236,Cellular,9759,PG-13,Action;Thriller;Drama;Crime,2004
4237,R.A.D.A.R.: The Adventures of the Bionic Dog,1116410,PG,Family;Science Fiction;Comedy;Adventure,2023
4238,White Men Can't Jump,920125,R,Comedy;Drama,2023
4239,In the Name of the King: A Dungeon Siege Tale,2312,PG-13,Adventure;Fantasy;Action;Drama,2007
4240,Mad Money,12085,PG-13,Action;Comedy;Crime,2008
4241,The Jacket,9667,R,Thriller;Mystery;Drama;Science Fiction;Fantasy,2005
4242,Monte Carlo,59860,PG,Adventure;Comedy;Romance,2011
4243,Open Season 3,51170,PG,Adventure;Animation;Family;Comedy,2010
4244,The Wedding Singer,11003,PG-13,Romance;Comedy,1998
4245,The Tree of Life,8967,PG-13,Drama;Fantasy,2011
4246,Night Teeth,669671,R,Horror;Thriller;Action,2021
4247,Kimi,800510,R,Crime;Thriller;Drama,2022
4248,211,500919,R,Crime;Action;Thriller,2018
4249,211,500919,R,Crime;Action;Thriller,2018
4250,Dragonheart: Battle for the Heartfire,451644,PG-13,Fantasy;Adventure,2017
4251,Maverick,9359,PG,Action;Adventure;Comedy;Drama;Western,1994
4252,Winged Creatures,16056,R,Crime;Drama,2009
4253,The Score,11371,R,Action;Crime;Thriller;Mystery,2001
4254,Why Him?,356305,R,Comedy,2016
4255,The Boy Next Door,241251,R,Thriller,2015
4257,Joshua Tree,26127,R,Action,1993
4258,Stepfather 3,61964,R,TV Movie;Horror;Thriller,1992
4259,Mona Lisa Smile,11820,PG-13,Drama;History;Romance,2003
4260,Elizabeth: The Golden Age,4517,PG-13,Drama;History;Romance,2007
4262,The Heartbreak Kid,9038,R,Comedy;Romance,2007
4263,Tarzan,230222,G,Animation;Action;Adventure;Family,2013
4264,Rudy,14534,PG,Drama;History,1993
4265,Once Upon a Time in Venice,345915,R,Action;Comedy;Thriller;Mystery,2017
4266,Wall Street: Money Never Sleeps,33909,PG-13,Drama;Crime,2010
4268,Brazil,68,R,Comedy;Science Fiction,1985
4269,Valentine,10984,R,Horror;Thriller,2001
4270,Jarhead: Law of Return,635744,R,War,2019
4271,Doomsday,13460,R,Action;Thriller;Science Fiction,2008
4272,The Color of Money,11873,R,Drama,1986
4273,A Serious Man,12573,R,Comedy;Drama,2009
4274,Sleeping Beauty,64586,R,Drama;Romance,2011
4275,Born on the Fourth of July,2604,R,Drama;War,1989
4276,Drumline,13497,PG-13,Drama;Romance;Comedy;Music,2002
4278,Ciao Alberto,876716,PG,Animation;Comedy;Family;Fantasy,2021
4279,Paranormal Activity: Next of Kin,609972,R,Horror;Mystery,2021
4280,The Swan Princess: A Fairytale Is Born,1118203,PG,Family;Animation;Fantasy,2023
4281,STILL: A Michael J. Fox Movie,1058699,R,Documentary,2023
4282,Hereafter,44603,PG-13,Drama;Fantasy,2010
4283,The Siege,9882,R,Drama;Action;Thriller;Crime,1998
4284,Arkansas,560204,R,Crime;Thriller,2020
4285,The Swan Princess: A Fairytale Is Born,1118203,PG,Family;Animation;Fantasy,2023
4286,STILL: A Michael J. Fox Movie,1058699,R,Documentary,2023
4287,Hereafter,44603,PG-13,Drama;Fantasy,2010
4288,The Siege,9882,R,Drama;Action;Thriller;Crime,1998
4289,Arkansas,560204,R,Crime;Thriller,2020
4290,Before Sunset,80,R,Drama;Romance,2004
4291,Judy,491283,PG-13,Drama;History;Music,2019
4292,The Postman,9922,R,Science Fiction;Adventure;Action;War,1997
4293,First Reformed,458737,R,Drama,2018
4294,Stir of Echoes,11601,R,Horror;Mystery;Thriller,1999
4295,Hall Pass,48988,R,Comedy;Romance,2011
4296,The Miracle Maker,30628,G,Animation;Family;History,2000
4297,I'm Not Ashamed,409502,PG-13,Drama,2016
4298,Turbo: A Power Rangers Movie,6499,PG,Action;Adventure;Family;Fantasy;Science Fiction,1997
4299,Lying and Stealing,509874,R,Crime;Comedy;Drama,2019
4300,Nerve,328387,PG-13,Mystery;Adventure;Crime,2016
4301,Sphere,10153,PG-13,Science Fiction;Mystery;Thriller;Horror,1998
4302,Marry Me,615904,PG-13,Romance;Comedy;Music,2022
4303,Thunderheart,12395,R,Crime;Mystery;Thriller,1992
4304,Flags of Our Fathers,3683,R,War;Drama;History,2006
4305,JFK,820,R,Drama;Thriller;History,1991
4306,The Benchwarmers,9957,PG-13,Comedy,2006
4307,Anthropoid,351339,R,History;Thriller;War,2016
4308,Mindhunters,16617,R,Mystery;Thriller;Crime,2004
4309,Annapolis,13275,PG-13,Drama;Action,2006
4312,Body Cam,513268,R,Horror;Thriller;Mystery,2020
4313,Sweet November,1921,PG-13,Drama;Romance,2001
4314,After Yang,585378,PG,Science Fiction;Drama,2022
4315,Gallowwalkers,46429,R,Action;Horror;Western,2012
4316,August: Osage County,152737,R,Comedy;Drama,2013
4317,Justice League: Doom,76589,PG-13,Action;Animation;Science Fiction,2012
4318,Jack Frost,9745,PG,Comedy;Family;Drama;Fantasy,1998
4319,Cadet Kelly,14008,G,Family;TV Movie;Comedy,2002
4321,Stronger,395993,R,Drama,2017
4323,Deliver Us from Evil,184346,R,Thriller;Crime;Horror,2014
4324,Cool World,14239,PG-13,Animation;Comedy;Fantasy,1992
4325,Sleeping with the Enemy,7442,R,Drama;Crime;Thriller,1991
4326,Be Cool,4551,PG-13,Comedy;Crime,2005
4327,No One Gets Out Alive,740925,R,Horror;Thriller;Mystery,2021
4329,Cheaper by the Dozen,691683,PG,Family;Comedy,2022
4330,Let Him Go,596161,R,Drama;Thriller;Crime;Western,2020
4331,The Forgotten,10145,PG-13,Thriller;Drama;Mystery;Science Fiction,2004
4332,Day of the Dead,13613,R,Action;Horror,2008
4333,Whitney Houston: I Wanna Dance with Somebody,696157,PG-13,Music;History;Drama,2022
4334,3000 Miles to Graceland,12138,R,Action;Adventure;Comedy;Crime;Thriller,2001
4335,Kids,9344,NC-17,Drama;Crime,1995
4336,Just My Luck,10025,PG-13,Comedy;Drama;Family;Fantasy;Romance,2006
4337,Exit Wounds,10877,R,Action;Crime;Thriller,2001
4338,Exit Wounds,10877,R,Action;Crime;Thriller,2001
4339,Dogma,1832,R,Fantasy;Comedy;Adventure,1999
4340,A Simple Plan,10223,R,Crime;Drama;Thriller,1998
4341,Mank,614560,R,Drama;History,2020
4342,The Cursed,630392,R,Horror;Drama;Thriller,2021
4345,Fright Night,58151,R,Horror;Comedy,2011
4348,The Midnight Sky,614911,PG-13,Science Fiction;Drama,2020
4349,Adventures in Babysitting,14367,PG-13,Comedy,1987
4350,Secret Window,1586,PG-13,Mystery;Thriller,2004
4351,Far and Away,11259,PG-13,Adventure;Drama;Romance;Western,1992
4352,Revenge,14249,R,Thriller;Romance;Drama,1990
4353,Young Guns,11967,R,Western;Action;Adventure,1988
4354,Leviathan,14372,R,Adventure;Horror;Thriller;Science Fiction,1989
4355,Henry & June,17993,NC-17,Romance,1990
4357,Trapped,9039,R,Action;Crime;Thriller;Drama,2002
4358,Dangerous Minds,9909,R,Drama,1995
4359,Justice Society: World War II,736069,PG-13,Animation;War;Science Fiction,2021
4360,Unthinkable,38199,R,Drama;Thriller,2010
4361,The Remains of the Day,1245,PG,Drama;Romance,1993
4363,Replicant,10596,R,Action;Science Fiction;Thriller,2001
4364,The Grudge 3,1977,R,Mystery;Horror;Thriller,2009
4365,Stay,8066,R,Mystery;Thriller;Drama,2005
4366,The Remains of the Day,1245,PG,Drama;Romance,1993
4368,Replicant,10596,R,Action;Science Fiction;Thriller,2001
4369,The Grudge 3,1977,R,Mystery;Horror;Thriller,2009
4370,Stay,8066,R,Mystery;Thriller;Drama,2005
4371,The Way Back,49009,PG-13,Drama;Adventure;History,2010
4372,Letters to Juliet,37056,PG,Comedy;Drama;Romance,2010
4373,Creation,30431,PG-13,Drama;History,2009
4374,"Dude, Where's My Car?",8859,PG-13,Comedy;Romance,2000
4375,Kindergarten Cop,951,PG-13,Comedy,1990
4376,The Man with the Iron Heart,339259,R,War;Action;History;Thriller,2017
4377,Searching,489999,PG-13,Thriller;Mystery;Drama,2018
4378,The Next Three Days,43539,PG-13,Romance;Drama;Thriller;Crime,2010
4380,The Incredible Burt Wonderstone,124459,PG-13,Comedy,2013
4382,Joy Ride 2: Dead Ahead,16763,NC-17,Crime;Thriller;Horror,2008
4383,The Snowman,372343,R,Crime;Thriller,2017
4384,Snakes on a Plane,326,R,Action;Crime;Thriller;Adventure,2006
4385,Batman: Soul of the Dragon,732450,R,Animation;Action;Adventure;Crime;Fantasy,2021
4386,Home Team,817648,PG,Family;Comedy;Drama,2022
4387,The Forest,329440,R,Horror;Thriller;Mystery,2016
4388,Sofia the First: Once Upon a Princess,144616,G,Animation;Family,2012
4389,Hellraiser: Deader,17455,R,Horror;Mystery;Thriller,2005
4390,Get the Gringo,80389,R,Action;Thriller;Crime;Drama,2012
4391,Hotel Mumbai,416144,R,Thriller;History;Drama;Action,2019
4392,Kin,425505,PG-13,Science Fiction;Action;Adventure;Thriller,2018
4393,Grudge Match,64807,PG-13,Comedy,2013
4394,The Mill,1081400,R,Science Fiction;Horror,2023
4395,The Broken Hearts Gallery,616251,PG-13,Comedy;Romance,2020
4396,Down Periscope,9101,PG-13,Comedy,1996
4397,Good Time,429200,R,Crime;Thriller,2017
4398,The Passenger,957314,R,Crime;Drama;Thriller;Horror,2024
4399,The Princess Switch,556803,PG,Romance;Comedy,2018
4400,Destroyer,471507,R,Thriller;Crime;Drama;Action,2018
4401,The Gambler,284536,R,Thriller;Crime;Drama,2014
4402,Australia,6972,PG-13,Adventure;Romance;Drama,2008
4403,Last Shift,296065,R,Horror;Mystery,2014
4404,Leprechaun 3,19286,R,Comedy;Horror,1995
4405,Loving Vincent,339877,PG-13,Animation;Drama;Mystery;History,2017
4406,Hard to Kill,9569,R,Action;Drama,1990
4407,Death Warrant,17466,R,Action;Crime;Thriller,1990
4409,The Dukes of Hazzard: The Beginning,19580,R,Action;Adventure;Comedy;TV Movie,2007
4411,Day of the Dead: Bloodline,485415,R,Action;Horror,2017
4412,While You Were Sleeping,2064,PG,Romance;Comedy,1995
4413,The Hole in the Ground,484437,R,Horror,2019
4414,Ophelia,428836,PG-13,Drama;Romance;History,2019
4415,The Dead Pool,10651,R,Action;Crime;Thriller,1988
4416,Sharpay's Fabulous Adventure,60405,G,Family;Music,2011
4417,Status Update,416494,PG-13,Comedy;Fantasy;Science Fiction,2018
4418,Eileen,664341,R,Thriller;Drama;Crime,2023
4420,The People Under the Stairs,13122,R,Horror;Comedy,1991
4421,Speed Racer,7459,PG,Family;Action;Adventure;Comedy,2008
4422,Get Carter,10461,R,Action;Drama;Thriller;Crime,2000
4423,I Kill Giants,419831,PG-13,Fantasy;Drama,2017
4425,Collateral Damage,9884,R,Action;Thriller;Drama,2002
4426,"I Love You, Beth Cooper",19840,PG-13,Comedy;Romance,2009
4427,Renegades,335788,PG-13,Thriller;Action,2017
4428,Only You,9058,PG,Romance;Comedy,1994
4429,The Haunting,11618,PG-13,Horror;Thriller;Fantasy;Mystery,1999
4430,The Haunting,11618,PG-13,Horror;Thriller;Fantasy;Mystery,1999
4431,Endangered Species,817451,R,Thriller;Action,2021
4432,The Book of Esther,199153,PG-13,TV Movie;Drama;Fantasy,2013
4433,Black Christmas,9656,R,Horror;Mystery,2006
4434,Smokin' Aces,7516,R,Action;Comedy;Crime;Thriller,2006
4435,Ninja,25602,R,Action;Crime;Drama;Thriller,2009
4436,The Santa Clause 3: The Escape Clause,13767,G,Comedy;Family;Adventure,2006
4437,The House of the Spirits,2259,R,Romance;Drama,1993
4438,What If,212716,PG-13,Drama;Comedy;Romance,2013
4439,The Tank,1098160,R,Horror;Thriller,2023
4440,The Professor,467956,R,Comedy;Drama,2018
4441,Failure to Launch,6877,PG-13,Comedy;Romance,2006
4442,Havoc,14695,R,Crime;Drama,2005
4443,The Son of Bigfoot,413644,PG,Family;Animation;Comedy,2017
4444,The Waterboy,10663,PG-13,Comedy,1998
4445,A Monster Calls,258230,PG-13,Drama;Fantasy,2016
4446,The Cutting Edge,16562,PG,Romance;Comedy;Drama,1992
4447,A Good Year,9726,PG-13,Comedy;Drama;Romance,2006
4448,Surrounded,759584,R,Western;Action;Drama,2023
4449,Star Trek VI: The Undiscovered Country,174,PG,Science Fiction;Action;Adventure;Thriller,1991
4451,Hellraiser: Inferno,12597,R,Horror;Mystery;Fantasy,2000
4452,Marvel One-Shot: The Consultant,76122,PG-13,Adventure;Fantasy;Science Fiction;Action,2011
4454,Chain Reaction,12123,PG-13,Science Fiction;Action;Drama;Thriller,1996
4455,Avatar: The Deep Dive - A Special Edition of 20/20,1059673,PG-13,Documentary,2022
4457,Chain Reaction,12123,PG-13,Science Fiction;Action;Drama;Thriller,1996
4458,Avatar: The Deep Dive - A Special Edition of 20/20,1059673,PG-13,Documentary,2022
4459,Barbie: Spy Squad,377897,G,Action;Animation;Family,2016
4460,Woman in Gold,304357,PG-13,Drama,2015
4461,Blithe Spirit,644831,PG-13,Comedy;Fantasy;Romance,2020
4462,The Land Before Time V: The Mysterious Island,19165,G,Animation;Family;Adventure,1997
4463,Anna Karenina,96724,R,Drama;Romance;History,2012
4464,Confessions of a Teenage Drama Queen,11132,PG,Comedy,2004
4465,Duplex,7288,PG-13,Comedy,2003
4466,Open Range,2055,R,Western;Action;Romance;Drama,2003
4467,The Kingdom,4349,R,Thriller;Action;Drama,2007
4468,I Spy,8427,PG-13,Action;Adventure;Comedy;Thriller,2002
4469,Rugrats in Paris: The Movie,16340,G,Family;Animation;Adventure;Comedy,2000
4470,Bray Wyatt: Becoming Immortal,1230242,PG-13,Documentary,2024
4471,The Man Who Wasn't There,10778,R,Crime;Drama,2001
4474,The Kite Runner,7979,PG-13,Drama,2007
4475,Home Sweet Hell,276839,R,Crime;Comedy;Thriller,2015
4476,Boiling Point,807196,R,Drama;Thriller,2021
4477,House Party,632065,R,Comedy,2023
4478,You Should Have Left,514593,R,Horror;Thriller,2020
4479,Billionaire Boys Club,385360,R,Drama;Thriller,2018
4480,Just Married,12090,PG-13,Romance;Comedy,2003
4481,Strange Magic,302429,PG,Music;Animation;Family;Fantasy,2015
4482,Just Married,12090,PG-13,Romance;Comedy,2003
4483,Strange Magic,302429,PG,Music;Animation;Family;Fantasy,2015
4484,Last Man Standing,9333,R,Crime;Action;Drama,1996
4485,Men,780609,R,Horror;Thriller;Fantasy,2022
4486,Assault on Precinct 13,8978,R,Thriller;Action;Adventure;Crime;Drama,2005
4487,Death at a Funeral,34803,R,Comedy,2010
4488,Finding Steve McQueen,433499,R,Crime,2019
4489,The Bye Bye Man,292280,PG-13,Horror;Thriller,2017
4490,South Park (Not Suitable for Children),1219926,R,Animation;Comedy;TV Movie,2023
4491,Street Fighter: The Legend of Chun-Li,15268,PG-13,Action;Adventure;Science Fiction;Thriller,2009
4492,Corrective Measures,872177,R,Science Fiction;Action;Thriller;Adventure,2022
4493,Bachelorette,84174,R,Comedy;Romance,2012
4494,Isn't It Romantic,449563,PG-13,Comedy;Fantasy;Romance,2019
4495,Jungle Fever,1713,R,Drama;Romance,1991
4496,Backdraft 2,587808,R,Action;Crime;Drama,2019
4497,Bully,9517,R,Crime;Drama,2001
4498,Mr. Right,333385,R,Comedy;Action;Romance;Crime,2016
4499,American Siege,766907,R,Action;Adventure;Thriller,2022
4500,Raw Deal,2099,R,Action;Crime;Thriller,1986
4501,Ray,1677,PG-13,Drama;Music,2004
4502,Dark Water,9009,PG-13,Horror;Mystery;Drama,2005
4503,Scooby-Doo! and the Goblin King,12903,G,Adventure;Animation;Comedy;Family;Fantasy;Music,2008
4504,Christine,339405,R,Drama,2016
4505,Clerks,2292,R,Comedy,1994
4506,Backtrace,512412,R,Crime;Action;Thriller;Drama,2018
4507,Stolen,127493,R,Action;Crime;Thriller,2012
4508,Zombie Strippers!,13009,R,Comedy;Horror,2008
4509,Regression,241257,R,Horror;Mystery;Thriller,2015
4510,The Limey,10388,R,Drama;Mystery;Crime,1999
4511,Cats & Dogs 3: Paws Unite,726739,PG,Family;Comedy;Action,2020
4512,When the Bough Breaks,335791,PG-13,Drama;Thriller,2016
4513,Flyboys,9664,PG-13,Action;Adventure;Drama;History;Romance;War,2006
4514,Zoey 102,1073170,R,Romance;Comedy,2023
4515,Superman: Doomsday,13640,PG-13,Action;Animation;Science Fiction;Family,2007
4517,Insatiable Needs,333932,NC-17,Drama,2005
4518,Deep Cover,20676,R,Action;Thriller;Crime,1992
4519,Funny Games,8461,R,Thriller;Horror,2008
4520,The Mexican,6073,R,Action;Comedy;Crime;Romance,2001
4522,Pay It Forward,10647,PG-13,Drama,2000
4523,Agent Cody Banks 2: Destination London,17047,PG,Comedy;Action;Adventure;Family;Romance,2004
4524,Clifford,2778,PG,Comedy,1994
4525,Under the Tuscan Sun,10934,PG-13,Romance;Comedy,2003
4527,The Midnight Meat Train,10185,R,Horror;Mystery;Fantasy,2008
4529,The Midnight Meat Train,10185,R,Horror;Mystery;Fantasy,2008
4530,The Gods Must Be Crazy II,11937,PG,Action;Comedy,1989
4531,Idle Hands,6552,R,Comedy;Horror;Fantasy,1999
4532,Wicker Park,11208,PG-13,Drama;Mystery;Romance;Thriller,2004
4533,Flashback,522406,R,Thriller,2020
4535,"Lover, Stalker, Killer",1229958,R,Documentary;Crime,2024
4536,Land of the Dead,11683,R,Horror;Science Fiction,2005
4538,Batman: Gotham Knight,13851,PG-13,Science Fiction;Animation;Action;Crime;Thriller,2008
4539,God's Not Dead 2,347126,PG,Drama,2016
4540,The Willoughbys,560044,PG,Animation;Comedy;Family,2020
4541,Machete Kills,106747,R,Action;Crime;Thriller,2013
4542,Dangerous Beauty,8583,R,Drama;Romance,1998
4545,Notes on a Scandal,1259,R,Drama;Romance,2006
4546,If I Stay,249164,PG-13,Drama,2014
4547,The Number 23,3594,R,Thriller;Mystery;Crime,2007
4549,Winchester,416234,PG-13,Horror;Thriller,2018
4550,Hamilton,556574,PG-13,History;Drama,2020
4551,Scrooged,9647,PG-13,Fantasy;Comedy;Drama,1988
4552,Walking with Dinosaurs,77951,PG,Animation;Family;Adventure,2013
4553,Virtuosity,9271,R,Action;Crime;Science Fiction;Thriller,1995
4554,The Do-Over,389053,PG-13,Action;Adventure;Comedy,2016
4555,Wild,228970,R,Drama,2014
4556,Forever Young,10326,PG,Adventure;Fantasy;Drama;Science Fiction;Romance,1992
4557,Inspector Gadget,332,PG,Action;Adventure;Comedy;Family,1999
4558,Acts of Violence,479040,R,Action;Crime;Thriller,2018
4559,Drugstore Cowboy,476,R,Drama;Crime,1989
4560,Return to Oz,13155,PG,Adventure;Family;Fantasy,1985
4561,From Paris with Love,26389,R,Action;Crime;Thriller,2010
4562,Leprechaun: Back 2 tha Hood,19288,R,Horror;Comedy,2003
4563,Quiz Lady,787781,R,Comedy,2023
4564,The Zookeeper's Wife,289222,PG-13,Drama;History;War,2017
4566,The DUFF,272693,PG-13,Romance;Comedy,2015
4567,I'm Thinking of Ending Things,500840,R,Drama;Fantasy;Mystery;Thriller,2020
4568,Short Circuit 2,11966,PG,Comedy;Family;Science Fiction;Drama,1988
4569,Allan Quatermain and the Lost City of Gold,9710,PG,Adventure;Action;Comedy;Mystery,1986
4570,The Flyboys,20789,PG-13,Adventure;Action,2008
4571,License to Drive,13704,PG-13,Comedy;Family,1988
4572,Missing Link,458253,PG,Family;Animation;Comedy;Adventure,2019
4574,The Outsider,199928,R,Crime;Drama;Mystery,2018
4575,Anon,396806,R,Science Fiction,2018
4576,The Beverly Hillbillies,11041,PG,Comedy;Family,1993
4577,A Good Person,800787,R,Drama;Comedy,2023
4578,Anon,396806,R,Science Fiction,2018
4579,The Beverly Hillbillies,11041,PG,Comedy;Family,1993
4580,A Good Person,800787,R,Drama;Comedy,2023
4583,A Prayer Before Dawn,448776,R,Drama;Action;Crime,2018
4585,Black Butterfly,76812,R,Thriller;Mystery;Drama,2017
4586,Message in a Bottle,10207,PG-13,Romance;Drama,1999
4587,The Client,10731,PG-13,Drama;Thriller;Crime;Mystery,1994
4588,Night of the Living Dead,19185,R,Horror,1990
4589,The Iceman,68812,R,Thriller;Crime;Drama,2012
4590,Ghosts of Mars,10016,R,Action;Horror;Science Fiction,2001
4591,Wanderlust,50647,R,Comedy;Romance,2012
4592,Varsity Blues,14709,R,Comedy;Drama;Romance,1999
4593,A Lot Like Love,8976,PG-13,Comedy;Drama;Romance,2005
4594,The Postcard Killings,449756,NC-17,Drama;Thriller,2020
4595,George of the Jungle,10603,PG,Adventure;Comedy;Family;Romance,1997
4596,When a Stranger Calls,10053,PG-13,Horror;Mystery,2006
4597,The Rookie,6723,R,Action;Crime;Drama;Thriller,1990
4598,The Rookie,6723,R,Action;Crime;Drama;Thriller,1990
4599,All the Old Knives,294793,R,Thriller;Action,2022
4600,Respect,592863,PG-13,Drama;Music;History,2021
4601,The Man Who Invented Christmas,450322,PG,Drama;History;Comedy;Family,2017
4602,Scooby-Doo! and the Cyber Chase,15601,PG,Animation;Adventure;Comedy,2001
4603,Dragons: Gift of the Night Fury,91417,G,Animation;Comedy;Adventure;Family,2011
4604,Escape Plan: The Extractors,480042,R,Action;Crime;Thriller,2019
4605,"Monster High: Boo York, Boo York",360404,PG,Animation;Family;Music,2015
4606,The Danish Girl,306819,R,Drama,2015
4608,Trouble,570480,G,Animation;Adventure;Family;Comedy;Music,2019
4609,The Danish Girl,306819,R,Drama,2015
4611,Trouble,570480,G,Animation;Adventure;Family;Comedy;Music,2019
4612,The United States vs. Billie Holiday,566076,R,Music;Drama;History,2021
4613,Bronson,18533,R,Drama;Action;Crime,2009
4614,So Undercover,93837,PG-13,Action;Comedy,2012
4615,The Fall,14784,R,Adventure;Fantasy;Drama,2006
4616,Apollo 10½: A Space Age Childhood,664996,PG-13,Animation;Comedy;Science Fiction,2022
4617,The Lizzie McGuire Movie,18736,PG,Family;Comedy,2003
4618,You're Next,83899,R,Horror;Thriller;Mystery,2013
4619,We Need to Talk About Kevin,71859,R,Drama;Thriller,2011
4620,Wizards of Waverly Place: The Movie,26736,PG,Family;TV Movie;Adventure;Comedy;Drama;Fantasy;Action,2009
4621,Florence Foster Jenkins,315664,PG-13,Comedy;Drama,2016
4623,Before I Fall,397837,PG-13,Drama;Fantasy,2017
4624,The Cable Guy,9894,PG-13,Comedy;Drama;Thriller,1996
4625,The Lair of the White Worm,11347,R,Horror;Comedy,1988
4626,The Nanny Diaries,12435,PG-13,Comedy;Drama;Romance,2007
4627,Cry-Baby,9768,PG-13,Comedy;Romance,1990
4628,Dead Man Walking,687,R,Drama,1995
4629,American Ultra,261392,R,Comedy;Action,2015
4630,Trespass,70578,R,Thriller,2011
4631,A Very Harold & Kumar Christmas,55465,R,Comedy,2011
4632,Blown Away,178,R,Action,1994
4633,Feel the Beat,707886,G,Comedy;Music;Drama,2020
4634,Lesbian Vampire Killers,18238,R,Horror;Comedy,2009
4635,Bring It On: Worldwide #Cheersmack,467248,PG-13,Comedy;Romance,2017
4636,Assassins,9691,R,Action;Adventure;Crime;Thriller,1995
4637,Out of Sight,1389,R,Romance;Comedy;Crime,1998
4638,Chi-Raq,340275,R,Drama;Crime;Comedy,2015
4639,Darkman,9556,R,Action;Science Fiction;Thriller,1990
4640,Chaplin,10435,PG-13,Drama,1992
4641,Margaux,846778,R,Horror;Science Fiction,2022
4642,Superman/Shazam!: The Return of Black Adam,43641,PG,Animation;Action,2010
4644,Goal!,9763,PG-13,Drama,2005
4645,The Lost Daughter,554230,R,Drama,2021
4647,Goal!,9763,PG-13,Drama,2005
4648,The Lost Daughter,554230,R,Drama,2021
4649,The Final Girls,293970,PG-13,Comedy;Horror,2015
4650,Mike's New Car,13931,G,Animation;Comedy;Family;Fantasy,2002
4651,Thinner,10280,R,Fantasy;Horror,1996
4652,The Cell,8843,R,Horror;Science Fiction;Thriller,2000
4653,Monster's Ball,1365,R,Drama;Romance,2001
4654,Green Room,313922,R,Horror;Crime;Thriller,2016
4655,Finding Neverland,866,PG,Drama;Fantasy,2004
4656,Underdog,6589,PG,Family;Action;Adventure;Comedy;Fantasy;Science Fiction,2007
4657,The Good Doctor,65650,PG-13,Drama;Thriller;Mystery,2011
4658,Belle's Magical World,20235,G,Animation;Family,1998
4659,Free Willy: Escape from Pirate's Cove,34751,PG,Family;Adventure;Drama,2010
4660,Domino,9923,R,Action;Crime,2005
4661,Spinning Man,458109,R,Mystery;Thriller;Crime,2018
4662,Justice League: War,217993,PG-13,Animation;Action,2014
4663,The Map of Tiny Perfect Things,672647,PG-13,Fantasy;Romance,2021
4664,Minari,615643,PG-13,Drama,2021
4665,Crocodile Dundee II,9396,PG,Adventure;Comedy,1988
4666,Vampire Academy,203739,PG-13,Comedy;Action;Fantasy,2014
4667,Guns Akimbo,457335,R,Action;Comedy,2020
4668,Dogville,553,R,Crime;Drama;Thriller,2003
4669,Constantine: The House of Mystery,791348,R,Animation;Action;Adventure;Horror,2022
4672,Curly Sue,11894,PG,Comedy;Drama;Family;Romance,1991
4673,The Hand that Rocks the Cradle,11087,R,Drama;Thriller,1992
4674,Swept Away,12779,R,Comedy;Romance,2002
4675,Blue Valentine,46705,R,Drama;Romance,2010
4676,Air Bud: Golden Receiver,21661,G,Comedy;Family,1998
4677,Blackthorn,68818,R,Adventure;Action;Western,2011
4678,The Marine 5: Battleground,445993,R,Action,2017
4679,The Black Dahlia,9676,R,Crime;Thriller;Drama,2006
4680,Aporia,528502,R,Science Fiction;Drama,2023
4681,Apollo 18,50357,PG-13,Horror;Thriller;Science Fiction,2011
4682,Amazing Grace,15163,PG,Drama,2006
4683,Breathe,407445,PG-13,Drama;Romance,2017
4684,Soul Plane,12657,R,Romance;Comedy,2004
4685,Flight of the Navigator,10122,PG,Family;Science Fiction;Adventure,1986
4686,The Con Is On,353576,R,Comedy;Crime,2018
4687,The Barbie Diaries,21705,G,Family;Animation,2006
4688,The Barbie Diaries,21705,G,Family;Animation,2006
4689,South Park: Post COVID: The Return of COVID,874300,R,Animation;Comedy;TV Movie,2021
4690,Running with the Devil,523077,R,Crime;Drama;Thriller,2019
4691,White Bird,779816,PG-13,Drama;History;Romance;Family,2024
4692,Back to School,15596,PG-13,Comedy,1986
4693,The Night House,547565,R,Drama;Horror;Mystery;Thriller,2021
4694,The Woman in Black 2: Angel of Death,288158,PG-13,Thriller;Horror;Drama,2014
4695,Absolutely Anything,86828,R,Comedy;Science Fiction,2015
4696,Bratz,14123,PG,Comedy;Music;Family,2007
4697,Legion of Super-Heroes,1003580,PG-13,Animation;Action;Science Fiction,2023
4698,Werewolf: The Beast Among Us,132137,R,Drama;Horror;Thriller,2012
4699,Shut In,329981,PG-13,Drama;Thriller,2016
4700,Barbie Mariposa,18198,G,Animation;Fantasy;Family,2008
4701,The Sisters Brothers,440161,R,Drama;Western,2018
4702,Fatal Attraction,10998,R,Thriller;Drama,1987
4703,Tulip Fever,257785,R,Drama;Romance,2017
4704,Julie & Julia,24803,PG-13,Romance;Drama,2009
4705,Live by Night,259695,R,Crime;Drama;Thriller,2016
4706,A Tourist's Guide to Love,813726,PG,Romance;Comedy,2023
4707,The Saint,10003,PG-13,Thriller;Action;Romance;Science Fiction;Adventure,1997
4708,Wild Things 2,10367,R,Crime;Drama;Mystery,2004
4709,Unwelcome,758769,R,Horror,2023
4710,The House of Magic,202575,G,Family;Fantasy;Animation;Adventure,2013
4711,Barbie & Her Sisters in the Great Puppy Adventure,361380,G,Family;Animation;Adventure,2015
4712,Killing Me Softly,14365,R,Thriller,2002
4713,Your Place or Mine,703451,PG-13,Romance;Comedy,2023
4715,The Young Messiah,318850,PG-13,Drama,2016
4716,Double Jeopardy,10398,R,Drama;Thriller;Mystery,1999
4717,Pilgrimage,340442,PG,Action;Adventure;Drama,2017
4718,Heartbreak Ridge,10015,R,War;Drama,1986
4719,1492: Conquest of Paradise,1492,PG-13,Action;Adventure;Drama;History,1992
4720,Maximum Conviction,118683,R,Action;Adventure;Thriller,2012
4721,Spooks: The Greater Good,292040,R,Thriller;Action,2015
4722,Mater and the Ghostlight,13934,G,Animation;Comedy;Family;Horror,2006
4723,Hubie Halloween,617505,PG-13,Comedy;Mystery;Horror,2020
4724,Morning Glory,38357,PG-13,Drama;Comedy;Romance,2010
4725,Dragonfly,10052,PG-13,Thriller;Fantasy;Mystery,2002
4726,The Five-Year Engagement,72207,R,Comedy;Romance,2012
4728,Swingers,10218,R,Comedy,1996
4729,Bitch Slap,26715,R,Drama;Action;Comedy;Thriller;Crime,2009
4731,Kursk,401200,PG-13,Drama;History;Thriller;Action,2018
4732,The Hunter,70954,R,Drama;Thriller;Adventure,2011
4733,Layer Cake,4836,R,Drama;Thriller;Crime,2004
4734,Blind Fury,19124,R,Action;Thriller,1989
4735,Made in Italy,659991,R,Comedy;Drama,2020
4736,Mainstream,557950,R,Comedy;Drama,2021
4737,The Book of Henry,382614,PG-13,Drama;Crime;Thriller,2017
4739,The Death of Superman,487670,PG-13,Science Fiction;Animation;Action;Drama,2018
4740,Star Wars: The Clone Wars,12180,PG,Animation;Action;Science Fiction;Adventure,2008
4741,Tully,400579,R,Comedy;Drama,2018
4742,Juice,16136,R,Crime;Drama;Thriller,1992
4743,Blues Brothers 2000,11568,PG-13,Music;Action;Comedy;Crime,1998
4744,Juice,16136,R,Crime;Drama;Thriller,1992
4745,Blues Brothers 2000,11568,PG-13,Music;Action;Comedy;Crime,1998
4746,Heartbreakers,10833,PG-13,Comedy;Romance;Crime,2001
4747,Bliss,613911,R,Science Fiction;Romance;Drama,2021
4748,6 Days,347984,R,Action;Drama;History;Thriller,2017
4749,The Rookie,14635,G,Drama;Family,2002
4750,Poison,1172676,PG,Comedy,2023
4751,Monsters,43933,R,Drama;Thriller;Science Fiction,2010
4752,"Honey, I Blew Up the Kid",11158,PG,Adventure;Comedy;Family;Science Fiction,1992
4753,Laws of Attraction,11141,PG-13,Comedy;Romance,2004
4754,The Vanishing,449459,R,Thriller;Mystery,2019
4755,Loving,339419,PG-13,Drama;Romance,2016
4756,"Men, Women & Children",243684,R,Drama;Comedy,2014
4757,The Thirteenth Year,83965,G,TV Movie;Adventure;Comedy;Family,1999
4758,The Witcher: Nightmare of the Wolf,666243,R,Animation;Action;Fantasy,2021
4759,White Squall,10534,PG-13,Drama;Adventure,1996
4760,Gnome Alone,466876,PG,Family;Adventure;Animation;Comedy;Fantasy,2017
4761,Cabrini,975056,PG-13,Drama;History,2024
4762,Wendy Wu: Homecoming Warrior,61717,G,Family;Action;Adventure;TV Movie,2006
4763,Hot Tub Time Machine 2,243938,R,Comedy,2015
4764,The Scarlet Letter,10533,R,Drama;Romance;Western,1995
4765,Jack,7095,PG-13,Comedy;Family;Drama,1996
4766,An American Tail: Fievel Goes West,10380,G,Animation;Family;Western;Adventure;Comedy,1991
4767,Death at a Funeral,2196,R,Comedy;Drama,2007
4768,Big Eyes,87093,PG-13,Drama,2014
4769,Delivery Man,146239,PG-13,Comedy,2013
4770,Sirens,12519,R,Comedy;Drama,1994
4771,Delivery Man,146239,PG-13,Comedy,2013
4772,Sirens,12519,R,Comedy;Drama,1994
4773,Cats,536869,PG,Fantasy;Comedy;Drama,2019
4774,Foxcatcher,87492,R,Drama;Thriller,2014
4775,The Fighter,45317,R,Drama,2010
4776,11:14,9282,R,Thriller;Comedy;Crime;Mystery;Drama,2003
4777,Follow Me,606625,R,Horror;Thriller,2020
4778,Skin Trade,327833,R,Thriller;Action;Drama,2014
4779,Chemical Hearts,621013,R,Drama;Romance,2020
4780,Do You Believe?,309425,PG-13,Drama,2015
4781,Lake Placid,9825,R,Horror;Comedy;Action;Science Fiction;Thriller,1999
4782,Swiss Army Man,347031,R,Comedy;Drama;Romance;Fantasy;Adventure,2016
4783,The Eagle,49494,PG-13,Adventure;Drama,2011
4784,Chocolat,392,PG-13,Comedy;Drama;Romance,2000
4785,The Kill Team,489245,R,War;Action;Drama,2019
4786,Mr. Holmes,280996,PG,Drama;Crime,2015
4787,Your Friend the Rat,13061,G,Animation;Family,2007
4788,King of New York,9558,R,Thriller;Crime,1990
4789,My Bloody Valentine,14435,R,Mystery;Horror;Thriller,2009
4790,Then Came You,375785,PG-13,Comedy;Drama,2018
4792,Side Effects,109421,R,Thriller;Crime;Drama,2013
4793,Air Bud,20737,PG,Comedy;Family,1997
4794,Jackass 3D,16290,R,Comedy;Documentary;Action,2010
4795,Side Effects,109421,R,Thriller;Crime;Drama,2013
4796,Air Bud,20737,PG,Comedy;Family,1997
4797,Jackass 3D,16290,R,Comedy;Documentary;Action,2010
4798,Chalet Girl,58232,R,Comedy;Romance,2011
4799,Less Than Zero,13703,R,Drama;Crime;Romance,1987
4800,Vegas Vacation,11419,PG,Comedy,1997
4801,3 Ninjas,16314,PG,Family;Action;Adventure;Comedy,1992
4802,The Bubble,765119,R,Comedy,2022
4803,The Sisterhood of the Traveling Pants,9779,PG,Drama;Comedy;Romance,2005
4804,Adaptation.,2757,R,Comedy;Crime;Drama,2002
4805,Mr. Popper's Penguins,58224,PG,Comedy;Family,2011
4807,Enough,1957,PG-13,Drama;Thriller,2002
4808,House on Haunted Hill,11377,R,Horror,1999
4809,Hitchcock,112336,PG-13,Drama,2012
4810,The Break-Up,9767,PG-13,Romance;Comedy,2006
4811,Tom and Jerry: Snowman's Land,1018403,G,Family;Comedy;Animation;Adventure,2022
4812,Cube 2: Hypercube,437,R,Thriller;Science Fiction;Mystery,2002
4813,Ad Astra,419704,PG-13,Science Fiction;Drama,2019
4816,Little Monsters,15138,PG,Adventure;Fantasy;Comedy;Family,1989
4817,The King of Staten Island,579583,R,Comedy;Drama,2020
4818,Wyatt Earp,12160,PG-13,Western;Drama;Action;Adventure,1994
4819,The Ides of March,10316,R,Drama,2011
4820,The Ice Storm,68924,R,Drama,1997
4821,In the Mouth of Madness,2654,R,Horror;Thriller;Mystery,1995
4822,The Minute You Wake Up Dead,934641,R,Thriller;Crime;Drama,2022
4823,Honey,10028,PG-13,Music;Drama;Romance,2003
4826,Turistas,9796,R,Horror;Thriller,2006
4827,Analyze This,9535,R,Comedy;Crime,1999
4828,Throw Momma from the Train,11896,PG-13,Comedy;Crime,1987
4829,Barbie: Mermaid Power,1012801,PG,Animation,2022
4830,Much Ado About Nothing,11971,PG-13,Drama;Comedy;Romance,1993
4831,The Wrestler,12163,R,Drama;Romance,2008
4832,Bring It On: Cheer Or Die,831410,PG-13,Thriller;Horror;Comedy;TV Movie,2022
4833,The Bounty Hunter,27573,PG-13,Action;Comedy;Romance,2010
4834,Hope Floats,9715,PG-13,Romance;Drama;Comedy,1998
4835,Downhill,560391,R,Drama;Comedy,2020
4836,Panama,628878,R,Thriller;Action,2022
4837,The Commando,753232,R,Action;Crime;Thriller,2022
4838,Something Borrowed,49022,PG-13,Comedy;Drama;Romance,2011
4839,The Rugrats Movie,14444,G,Family;Animation;Comedy;Adventure,1998
4840,God's Not Dead: A Light in Darkness,454286,PG,Drama,2018
4841,Robots,723347,R,Comedy;Science Fiction;Romance;Fantasy,2023
4842,S.W.A.T.: Firefight,54445,R,Action;Crime;Thriller,2011
4843,Robots,723347,R,Comedy;Science Fiction;Romance;Fantasy,2023
4844,S.W.A.T.: Firefight,54445,R,Action;Crime;Thriller,2011
4845,Super Troopers,39939,R,Comedy;Crime;Mystery,2001
4846,Body of Evidence,2149,R,Drama;Thriller;Romance,1993
4847,Candy Cane Lane,1022964,PG,Comedy;Fantasy;Family,2023
4848,The Deep End of the Ocean,30943,PG-13,Drama;Mystery,1999
4849,The Lake House,2044,PG,Drama;Mystery;Romance,2006
4850,Goodnight Mommy,814800,R,Horror;Thriller;Mystery,2022
4851,Sea of Love,12150,R,Crime;Drama;Romance;Mystery;Thriller,1989
4852,The New World,11400,PG-13,Drama;History;Romance,2005
4853,Pathfinder,1534,R,Adventure;Action,2007
4854,The Harder They Fall,618162,R,Western,2021
4855,Come Play,571384,PG-13,Horror;Mystery;Thriller,2020
4856,Welcome to Marwen,351044,PG-13,Drama;Comedy,2018
4857,The Adventures of Baron Munchausen,14506,PG,Fantasy;Adventure;Comedy,1988
4858,Hush,376570,R,Horror;Thriller,2016
4859,Green Zone,22972,R,War;Action;Adventure;Drama;Thriller,2010
4860,Bleed for This,332979,R,Drama,2016
4862,My Big Fat Greek Wedding,8346,PG,Comedy;Drama;Romance,2002
4864,My Big Fat Greek Wedding,8346,PG,Comedy;Drama;Romance,2002
4866,Super Troopers 2,50022,R,Comedy;Crime;Mystery,2018
4867,Born to Race,74523,PG-13,Action,2011
4868,21 & Over,107811,R,Comedy,2013
4869,The Joneses,41479,R,Comedy;Drama,2010
4870,American Outlaws,13496,PG-13,Western;Action,2001
4871,Behaving Badly,259018,R,Comedy,2014
4872,High Crimes,11560,PG-13,Drama;Mystery;Thriller;Crime,2002
4873,The Awakening,77949,R,Horror;Thriller;Mystery,2011
4874,Mercury Rising,8838,R,Action;Crime;Drama;Thriller,1998
4875,Mercury Rising,8838,R,Action;Crime;Drama;Thriller,1998
4877,Eli,483202,R,Horror,2019
4878,The Bob's Burgers Movie,504827,PG-13,Animation;Adventure;Comedy,2022
4879,Barbershop: The Next Cut,326423,PG-13,Comedy;Drama,2016
4880,Alpha Dog,7457,R,Crime;Drama;Thriller,2006
4881,Breathe In,158907,R,Drama,2013
4882,Good People,262338,R,Thriller;Crime;Action,2014
4883,American Murder: The Family Next Door,743601,R,Documentary,2020
4884,Just Visiting,56715,PG,Comedy;Fantasy;Science Fiction,2001
4885,Dominion: Prequel to The Exorcist,12700,R,Horror,2005
4886,Assassination Games,71677,R,Action,2011
4887,Snow White: A Tale of Terror,9092,R,Fantasy;Horror,1997
4888,Ben 10 Alien Swarm,25642,PG,Adventure;Action,2009
4889,The Librarian: The Curse of the Judas Chalice,14728,PG,Fantasy;Adventure;Comedy,2008
4891,Tremors: Shrieker Island,670266,PG-13,Action;Horror,2020
4892,Man Down,296523,R,Thriller;Drama;War,2015
4893,Self Reliance,1072876,R,Comedy;Thriller,2023
4894,In the Name of the King 2: Two Worlds,80410,R,Adventure;Fantasy;Drama;Action,2011
4895,Man of Tai Chi,76544,R,Action;Drama,2013
4896,American Me,13199,R,Crime;Drama,1992
4897,Universal Soldier: Day of Reckoning,122857,R,Action;Science Fiction;Thriller,2012
4898,Frances Ha,121986,R,Comedy;Drama,2013
4899,Monkeybone,23685,PG-13,Adventure;Fantasy;Animation;Comedy;Science Fiction,2001
4900,A Perfect Getaway,12403,R,Thriller;Mystery;Adventure,2009
4901,The Rocketeer,10249,PG,Action;Adventure;Science Fiction;Family,1991
4902,The Monuments Men,152760,PG-13,War;Drama;History;Action,2014
4903,The Rocketeer,10249,PG,Action;Adventure;Science Fiction;Family,1991
4904,The Monuments Men,152760,PG-13,War;Drama;History;Action,2014
4905,Darkness Falls,10727,PG-13,Thriller;Horror,2003
4906,Monster Family,454699,PG,Animation;Family;Fantasy;Comedy,2017
4907,2-Headed Shark Attack,86703,R,Horror;Action;Science Fiction;Comedy,2012
4908,Hannah Montana: The Movie,18126,G,Comedy;Drama;Family;Music;Romance,2009
4909,A League of Their Own,11287,PG,Comedy;Drama,1992
4910,The Portable Door,830896,PG-13,Fantasy;Adventure;Comedy,2023
4911,Future World,411135,R,Science Fiction,2018
4912,Sleepless,324542,R,Action;Crime;Thriller,2017
4913,Hot Summer Nights,347866,R,Drama;Comedy;Crime,2018
4914,The Mission,11416,PG,Adventure;Drama;Action;History,1986
4915,Black and Blue,578189,R,Action;Crime;Drama;Thriller,2019
4916,Prey,14211,R,Adventure;Horror;Thriller,2007
4917,Once,5723,R,Drama;Music;Romance,2007
4918,Highlander: Endgame,12211,R,Action;Adventure;Fantasy,2000
4919,Gretel & Hansel,542224,PG-13,Fantasy;Horror;Mystery,2020
4920,Bent,505579,R,Thriller;Crime,2018
4921,The Crying Game,11386,R,Crime;Drama;Thriller,1992
4922,Halloween 5: The Revenge of Michael Myers,11361,R,Horror;Thriller;Fantasy,1989
4923,Line of Duty,346709,R,Thriller;Crime;Action,2019
4924,Invincible,11652,PG,Drama;History,2006
4927,Osmosis Jones,12610,PG,Adventure;Animation;Action;Comedy;Family,2001
4928,Hot Rod,10074,PG-13,Comedy;Action,2007
4929,Little Buddha,1689,PG,Drama;History,1993
4930,Resistance,491926,R,War;History;Drama,2020
4931,The Independent,878183,R,Thriller;Mystery;Crime,2022
4932,Femme Fatale,9280,R,Mystery;Crime;Thriller,2002
4934,Rock of Ages,80585,R,Comedy;Drama;Music;Romance,2012
4935,Crash Pad,390053,R,Comedy,2017
4937,The Machinist,4553,R,Thriller;Drama,2004
4938,Oliver Twist,257,PG-13,Crime;Drama;Family,2005
4939,Appointment with Death,4281,PG,Thriller;Crime;Mystery;Drama,1988
4940,Billy Madison,11017,PG-13,Comedy,1995
4941,Stop! Or My Mom Will Shoot,9876,PG-13,Action;Comedy,1992
4942,The Land Before Time,12144,G,Family;Animation;Adventure,1988
4943,Happily N'Ever After,5393,PG,Adventure;Animation;Comedy;Family;Fantasy,2007
4944,Lemonade Mouth,65218,G,Drama;Comedy;TV Movie,2011
4945,Harriet,506528,PG-13,Drama;History,2019
4946,The Little Hours,411873,R,Comedy,2017
4947,Fortress,826749,R,Action;Thriller;Crime,2021
4948,Deconstructing Harry,2639,R,Comedy;Drama,1997
4949,Flight of the Phoenix,11866,PG-13,Action;Adventure;Drama,2004
4950,The Arrival,10547,PG-13,Science Fiction;Thriller,1996
4952,Puss in Book: Trapped in an Epic Tale,462650,G,Family;Fantasy;Animation;Comedy;Adventure,2017
4953,Out of Africa,606,PG,History;Romance;Drama,1985
4954,Made of Honor,10761,PG-13,Comedy;Romance,2008
4955,George of the Jungle 2,26264,PG,Adventure;Comedy;Family,2003
4956,That Thing You Do!,9591,PG,Comedy;Drama;Romance;Music,1996
4957,Sweet Dreams,1062421,R,Comedy,2024
4959,White Palace,41003,R,Drama;Romance,1990
4960,Airheads,13595,PG-13,Comedy;Crime;Music,1994
4961,The Emerald Forest,11532,R,Action;Adventure;Drama,1985
4962,The Comeback Trail,650783,R,Comedy;Crime,2020
4964,In Her Shoes,11931,PG-13,Comedy;Drama;Romance,2005
4965,Proud Mary,442064,R,Thriller;Action;Crime,2018
4966,Sydney White,10760,PG-13,Comedy,2007
4969,3 from Hell,489064,R,Horror;Crime;Action,2019
4970,Addams Family Reunion,11508,PG,Comedy;Horror;Fantasy;Family;TV Movie,1998
4971,The Odd Life of Timothy Green,71864,PG,Fantasy;Drama;Comedy;Family,2012
4972,Hardball,20857,PG-13,Drama,2001
4973,The Odd Life of Timothy Green,71864,PG,Fantasy;Drama;Comedy;Family,2012
4974,Hardball,20857,PG-13,Drama,2001
4975,The Stanford Prison Experiment,308032,R,Thriller,2015
4976,Eye in the Sky,333352,R,Drama;Thriller;War,2015
4977,Malibu's Most Wanted,13411,PG-13,Comedy;Crime,2003
4978,Home Invasion,380565,PG-13,Thriller;Drama;Crime;TV Movie,2016
4979,The Wraith,10017,R,Action;Science Fiction,1986
4980,Stuck in Love,111969,R,Drama;Comedy,2013
4981,The Pilgrim's Progress,595172,PG,Animation;Adventure,2019
4982,MacGruber,37931,R,Action;Comedy,2010
4983,One Day as a Lion,1070777,R,Action;Thriller;Crime,2023
4984,Life or Something Like It,16643,PG-13,Comedy;Drama;Romance,2002
4985,Begin Again,198277,R,Comedy;Music;Romance;Drama,2013
4986,Ghosts of Girlfriends Past,12556,PG-13,Fantasy;Comedy;Romance,2009
4987,The Animal,11090,PG-13,Comedy,2001
4988,Cat's Eye,10552,PG-13,Horror;Thriller,1985
4989,Strictly Ballroom,10409,PG,Comedy;Drama;Romance,1992
4990,The Card Counter,643532,R,Drama;Thriller,2021
4991,Everly,277355,R,Thriller;Action,2014
4992,LEGO Scooby-Doo! Haunted Hollywood,392536,G,Animation;Family;Comedy;Mystery,2016
4993,Partly Cloudy,24480,G,Animation;Family;Comedy,2009
4994,I Love You Phillip Morris,8952,R,Comedy;Crime;Drama;Romance,2010
4995,Cashback,12225,R,Drama;Comedy;Romance,2007
4996,Highlander II: The Quickening,8010,R,Fantasy;Action;Adventure;Thriller,1991
4997,The Glass House,2176,PG-13,Drama;Thriller,2001
4998,Frozen,44363,R,Thriller,2010
4999,Fright Night Part 2,18086,R,Horror;Comedy,1988
5000,Embattled,592643,R,Action;Drama,2020
5001,In the Bedroom,1999,R,Drama;Thriller,2001
5002,Wolf,673121,R,Drama,2021
5003,Vengeance,683340,R,Thriller;Mystery;Comedy,2022
5004,The Master,68722,R,Drama,2012
5005,Grumpy Old Men,11520,PG-13,Comedy,1993
5006,Barton Fink,290,R,Comedy;Drama,1991
5007,The Voices,244458,R,Comedy;Crime;Horror;Fantasy,2014
5008,Animal Crackers,315064,PG,Comedy;Animation;Adventure,2017
5009,Ali G Indahouse,9298,R,Comedy,2002
5010,Barbie: Princess Adventure,738215,G,Animation;Music,2020
5011,Wall Street,10673,R,Crime;Drama,1987
5012,Tau,411143,R,Science Fiction;Thriller;Horror,2018
5013,Alex Strangelove,511785,R,Comedy;Drama,2018
5014,Little Italy,523773,R,Comedy;Romance,2018
5015,Blue Ruin,188166,R,Crime;Thriller,2014
5016,The Wild Thornberrys Movie,14317,PG,Animation;Adventure;Family,2002
5017,Wild at Heart,483,R,Crime;Thriller;Romance,1990
5018,Wild at Heart,483,R,Crime;Thriller;Romance,1990
5019,My Own Private Idaho,468,R,Drama,1991
5020,Whiteout,22787,R,Action;Crime;Mystery;Thriller,2009
5021,Jurassic World Camp Cretaceous: Hidden Adventure,1036956,PG,Action;Adventure;Animation,2022
5022,20th Century Women,342737,R,Drama,2016
5025,Song of the Sea,110416,PG,Family;Animation;Fantasy,2014
5026,Bring It On,1588,PG-13,Comedy,2000
5027,Diabolique,10988,R,Mystery;Thriller;Horror,1996
5028,Babe: Pig in the City,9447,G,Family;Adventure;Comedy;Drama,1998
5029,A Civil Action,9422,PG-13,Drama,1998
5030,To Die For,577,R,Drama;Comedy;Crime,1995
5032,Mrs. Henderson Presents,10773,R,Comedy;Drama,2005
5033,Life of Crime,209189,R,Comedy;Crime,2013
5035,Batman and Superman: Battle of the Super Sons,886396,PG-13,Animation;Action;Science Fiction,2022
5036,Irrational Man,282984,R,Drama;Comedy;Crime,2015
5037,Weird: The Al Yankovic Story,928344,PG-13,Music;Comedy;Crime,2022
5038,Weird: The Al Yankovic Story,928344,PG-13,Music;Comedy;Crime,2022
5039,The Woman in Black,65086,PG-13,Drama;Horror;Thriller,2012
5040,Snow Dogs,11888,PG,Comedy;Family;Adventure,2002
5041,The Crow: City of Angels,10546,R,Action;Fantasy;Thriller,1996
5042,Scoop,512,PG-13,Comedy;Mystery,2006
5043,Motherless Brooklyn,504562,R,Drama;Thriller,2019
5044,The Whistleblower,65760,R,Drama;Thriller;Crime,2010
5045,No Way Out,10083,R,Thriller,1987
5046,"I Love You, Man",16538,R,Comedy;Romance,2009
5048,Hours,172803,PG-13,Drama;Thriller,2013
5049,FearDotCom,9544,R,Horror;Thriller;Crime,2002
5050,Free Birds,175574,PG,Animation;Comedy;Family,2013
5051,DragonHeart,8840,PG-13,Fantasy;Action;Adventure;Drama,1996
5052,The Infiltrator,325789,R,Crime;Drama;Thriller,2016
5053,Trust,44945,R,Crime;Drama;Thriller,2010
5054,Radioactive,480857,PG-13,Drama;Romance;History,2020
5055,Rim of the World,531306,PG,Science Fiction;Adventure;Action;Comedy,2019
5056,Thank You for Smoking,9388,R,Comedy;Drama,2005
5057,The Star,355547,PG,Comedy;Adventure;Family;Fantasy;Animation,2017
5058,Glengarry Glen Ross,9504,R,Crime;Drama;Mystery,1992
5059,Dangerous Liaisons,859,R,Drama;Romance,1988
5060,The Curse of Bridge Hollow,864959,PG-13,Adventure;Comedy;Horror;Family,2022
5061,Sliding Doors,10215,PG-13,Comedy;Drama;Fantasy;Romance,1998
5062,Goodbye Christopher Robin,418680,PG,Family;History;Drama,2017
5063,Jawbreaker,18892,R,Comedy;Crime,1999
5064,The Invention of Lying,23082,PG-13,Comedy;Fantasy;Romance,2009
5068,Bordello of Blood,9431,R,Horror;Comedy,1996
5069,Geek Charming,81250,PG,Comedy;Drama;Family;TV Movie,2011
5070,Empire of Light,814757,R,Drama;Romance,2022
5071,"You, Me and Dupree",1819,PG-13,Comedy;Romance,2006
5072,Alone,661950,R,Horror;Thriller,2020
5074,Semi-Pro,13260,R,Comedy,2008
5075,First Daughter,13969,PG,Family;Comedy;Drama;Romance,2004
5076,All Nighter,352501,R,Comedy;Drama,2017
5077,Soul Man,12278,PG-13,Comedy,1986
5078,Hero,10699,PG-13,Comedy;Drama,1992
5079,Marvel One-Shot: A Funny Thing Happened on the Way to Thor's Hammer,76535,PG-13,Science Fiction;Fantasy,2011
5080,Fear Street: 1666,591275,R,Mystery;Horror,2021
5081,Freaks,539892,R,Science Fiction;Drama;Mystery,2019
5082,American Ninja,12500,R,Action,1985
5083,United 93,9829,R,Drama;History;Crime;Thriller;Action,2006
5084,Chang Can Dunk,776098,PG,Family;Comedy;Drama,2023
5086,My Stepmother Is an Alien,12120,PG-13,Comedy;Science Fiction,1988
5087,Dennis the Menace Strikes Again!,45242,G,Family;Comedy,1998
5089,Take Me Home Tonight,50725,R,Comedy;Drama;Romance,2011
5090,Swimming Pool,302,R,Crime;Thriller,2003
5091,Someone Like You...,12658,PG-13,Comedy;Romance,2001
5092,Cloud 9,245473,G,Action;Drama;Romance;Family;TV Movie,2014
5094,Vampire in Brooklyn,12158,R,Comedy;Horror;Romance,1995
5095,Here Comes the Boom,87826,PG,Comedy;Action;Drama,2012
5096,Shallow Grave,9905,R,Crime;Thriller,1994
5097,Hollow Man II,8997,R,Horror;Thriller;Science Fiction,2006
5098,Joe Bell,552269,R,Drama,2020
5100,Postal,2728,R,Comedy;Action;Crime;Adventure;Thriller,2007
5101,Captain Corelli's Mandolin,1722,R,Drama;Romance;War,2001
5102,Last Vegas,137093,PG-13,Comedy,2013
5103,Tristan & Isolde,9044,PG-13,Drama;Romance,2006
5106,The Yards,19457,R,Crime;Drama;Thriller,2000
5107,Private Valentine: Blonde & Dangerous,15616,PG-13,Comedy,2008
5108,Superintelligence,521007,PG,Comedy;Science Fiction;Romance,2020
5109,"Monster High: Frights, Camera, Action!",260234,G,Family;Animation;Fantasy,2014
5110,Recess: School's Out,19405,G,Family;Animation,2001
5111,Double Dragon,2436,PG-13,Action;Adventure;Comedy,1994
5113,In Hell,19277,R,Action;Drama;Thriller,2003
5114,Dragnet,10023,PG-13,Action;Comedy;Crime,1987
5115,Fences,393457,PG-13,Drama,2016
5116,Larry Crowne,59861,PG-13,Comedy;Romance;Drama,2011
5117,The Secret Garden,521034,PG,Family;Fantasy;Drama,2020
5118,Homeward Bound II: Lost in San Francisco,25059,G,Adventure;Comedy;Drama;Family,1996
5119,Gaia,795853,R,Horror;Fantasy;Drama,2021
5120,God's Not Dead,249660,PG,Drama,2014
5121,The Butler,132363,PG-13,Drama,2013
5122,Let Me In,41402,R,Drama;Horror;Mystery,2010
5123,50/50,40807,R,Comedy;Drama,2011
5124,Empire Records,13531,PG-13,Music;Comedy;Drama,1995
5126,Crossing Over,15577,R,Crime;Drama,2009
5127,Siberia,438689,R,Crime;Romance;Thriller,2018
5128,The Wonderful World of Mickey Mouse: Steamboat Silly,1139979,G,Animation;Comedy,2023
5129,K-9,10345,PG-13,Action;Comedy;Crime,1989
5130,The Descendants,65057,R,Comedy;Drama,2011
5131,The Land Before Time VI: The Secret of Saurus Rock,17337,G,Animation;Adventure;Family,1998
5132,Where Hope Grows,243352,PG-13,Drama,2014
5133,3 Ninjas Kick Back,18885,PG,Family;Adventure;Action;Comedy,1994
5134,Under the Silver Lake,396461,R,Crime;Drama;Mystery,2018
5135,Balto II: Wolf Quest,25913,G,Family;Animation;Adventure,2002
5136,Ginger Snaps,9871,R,Fantasy;Horror,2000
5137,America: The Motion Picture,739542,R,Animation;Action;Comedy,2021
5139,In the Name of the Father,7984,R,Drama,1993
5140,Murder by Numbers,11892,R,Crime;Drama;Thriller,2002
5141,The Dead Don't Die,535581,R,Comedy;Horror,2019
5142,Pandemic,346651,PG-13,Action;Science Fiction;Horror,2016
5143,Untraceable,8090,R,Thriller;Crime;Mystery;Drama,2008
5144,Blind Date,918,PG-13,Comedy;Romance,1987
5145,Beerfest,9988,R,Comedy,2006
5146,6 Below: Miracle on the Mountain,423087,PG-13,Thriller;Drama,2017
5147,Ninja: Shadow of a Tear,180894,R,Action;Crime;Thriller,2013
5148,The Search for Santa Paws,48844,G,Family;Adventure,2010
5150,The Retirement Plan,866346,R,Comedy;Action,2023
5151,Sick,829410,R,Horror;Thriller;Mystery,2022
5152,Batman: Bad Blood,366924,PG-13,Science Fiction;Action;Animation,2016
5153,The Trial of the Chicago 7,556984,R,Drama;History,2020
5154,About My Father,829051,PG-13,Comedy,2023
5155,Like a Boss,526019,R,Comedy,2020
5156,The Best of Me,239571,PG-13,Drama;Romance,2014
5157,Revolver,10851,R,Drama;Thriller;Crime;Mystery,2005
5159,Yoga Hosers,290825,PG-13,Comedy;Fantasy;Horror,2016
5160,Batman: Assault on Arkham,242643,PG-13,Thriller;Animation;Action;Crime,2014
5161,Deadfall,97614,R,Crime;Drama;Thriller,2012
5162,See No Evil,10007,R,Horror;Thriller,2006
5163,Revolt,313943,R,Science Fiction;Action,2017
5164,Now and Then,9263,PG-13,Comedy;Drama;Romance,1995
5165,Mother's Day,353069,PG-13,Comedy;Drama;Romance,2016
5166,Last Moment of Clarity,567608,R,Drama;Mystery;Thriller,2020
5167,Book of Shadows: Blair Witch 2,11531,R,Mystery;Thriller;Horror,2000
5168,Sleeping with Other People,288036,R,Comedy;Romance,2015
5170,Frank and Penelope,899294,R,Thriller;Horror;Crime,2022
5171,House of 1000 Corpses,2662,R,Horror;Comedy,2003
5172,The Invasion,4858,PG-13,Science Fiction;Thriller;Mystery;Horror,2007
5173,Amy,331781,R,Documentary;Music,2015
5174,Prêt-à-Porter,3586,R,Comedy,1994
5176,"Lock, Stock and Two Smoking Barrels",100,R,Comedy;Crime,1998
5177,Hairspray Live!,409447,PG-13,Romance;Comedy;Drama;TV Movie,2016
5178,Amityville: The Awakening,203835,PG-13,Thriller;Horror,2017
5179,The Astronaut's Wife,2900,R,Drama;Science Fiction;Thriller,1999
5180,Danger Close: The Battle of Long Tan,508664,R,War;Action;Drama;History,2019
5181,Universal Soldier: The Return,10366,R,Action;Science Fiction,1999
5182,Jackass: The Movie,9012,R,Comedy;Documentary,2002
5183,The Dyatlov Pass Incident,169219,R,Thriller;Mystery,2013
5184,Colors,10126,R,Action;Crime;Drama,1988
5186,The Switch,41210,PG-13,Comedy;Romance;Drama,2010
5187,Space Buddies,14749,G,Comedy;Adventure;Drama;Family,2009
5188,To Live and Die in L.A.,9846,R,Crime;Thriller;Action,1985
5189,Groot Takes a Bath,1010821,PG,Animation;Family;Comedy;Science Fiction,2022
5190,Married to the Mob,2321,R,Comedy;Crime;Romance,1988
5191,The Peanut Butter Falcon,463257,PG-13,Adventure;Comedy;Drama,2019
5192,November Criminals,317091,PG-13,Crime;Drama;Mystery;Thriller,2017
5193,Crocodile Dundee in Los Angeles,9290,PG,Adventure;Comedy,2001
5194,Mickey's Magical Christmas: Snowed in at the House of Mouse,21448,G,Animation;Family;Comedy,2001
5195,Stay Alive,10069,PG-13,Horror,2006
5196,Zone 414,675319,R,Science Fiction;Thriller;Mystery,2021
5197,I Could Never Be Your Woman,15019,PG-13,Comedy;Drama;Romance,2007
5198,Not Okay,838330,R,Comedy;Drama,2022
5199,Look Away,526051,R,Horror;Thriller;Fantasy,2018
5201,Ruby Sparks,103332,R,Comedy;Romance;Fantasy;Drama,2012
5202,Bad Lieutenant,12143,NC-17,Crime;Drama,1992
5203,Beavis and Butt-Head Do America,3179,PG-13,Animation;Comedy,1996
5204,Ma,502416,R,Horror;Thriller;Mystery,2019
5205,Berlin Syndrome,363126,R,Mystery;Drama;Horror,2017
5206,Nightbreed,20481,R,Horror;Fantasy;Action,1990
5207,Red Planet,8870,PG-13,Thriller;Action;Science Fiction,2000
5208,Fools Rush In,1968,PG-13,Comedy;Drama;Romance,1997
5209,Guarding Tess,6472,PG-13,Comedy;Drama,1994
5211,You People,866413,R,Romance;Comedy,2023
5212,Cleaner,13252,R,Crime;Thriller;Mystery,2007
5213,"The Cook, the Thief, His Wife & Her Lover",7452,NC-17,Crime;Drama,1989
5214,Great Balls of Fire!,11465,PG-13,Drama;History;Music,1989
5215,Beverly Hills Ninja,9622,PG-13,Comedy;Action,1997
5216,Bad Santa,10147,R,Drama;Comedy;Crime,2003
5217,"Love, Guaranteed",644090,PG,Romance;Comedy,2020
5218,Joe Dirt,10956,PG-13,Mystery;Adventure;Comedy;Romance;Drama,2001
5219,Joe Dirt,10956,PG-13,Mystery;Adventure;Comedy;Romance;Drama,2001
5220,Something's Gotta Give,6964,PG-13,Drama;Comedy;Romance,2003
5221,The Light Between Oceans,283552,PG-13,Drama;Romance,2016
5222,Clouds,630566,PG-13,Music;Drama;Romance,2020
5223,Born to Race: Fast Track,213927,PG,Action,2014
5224,Scooby-Doo! & Batman: The Brave and the Bold,484862,PG,Animation;Comedy;Action;Family;Science Fiction,2018
5225,The House,345914,R,Comedy,2017
5226,Irresistible,595148,R,Comedy;Drama,2020
5227,The Magic of Belle Isle,101731,PG,Drama;Comedy,2012
5228,Fire of Love,913823,PG,Documentary,2022
5229,The Serpent and the Rainbow,11503,R,Horror;Thriller,1988
5231,Paradise Highway,939979,R,Thriller;Crime;Drama,2022
5232,The Way Back,529485,R,Drama,2020
5233,Gigli,8046,R,Comedy;Crime;Drama;Romance,2003
5234,The Haunting in Connecticut,18781,PG-13,Thriller;Horror,2009
5235,Starship Troopers: Traitor of Mars,460790,R,Action;Animation;Science Fiction,2017
5237,Ladder 49,11128,PG-13,Drama;Action;Thriller,2004
5238,Stargate: Continuum,12914,PG,Action;Adventure;Science Fiction;TV Movie,2008
5239,Venom,7182,R,Horror;Thriller,2005
5240,Don't Tell Mom the Babysitter's Dead,1251687,R,Comedy,2024
5241,Don't Tell Mom the Babysitter's Dead,1251687,R,Comedy,2024
5242,Euphoria,407440,R,Drama,2018
5244,90 Minutes in Heaven,343795,PG-13,Drama,2015
5245,Remember Me,23169,PG-13,Drama;Romance,2010
5246,Last Night,23830,R,Drama;Romance,2010
5249,Hot Pursuit,268920,PG-13,Comedy;Action,2015
5250,Official Secrets,393624,R,Thriller;History;Drama,2019
5251,The Phantom,9826,PG,Adventure;Action,1996
5252,Kill Your Darlings,157370,R,Drama;Romance;Thriller,2013
5253,Firewalker,12715,PG,Action;Adventure;Comedy,1986
5255,Dolemite Is My Name,528888,R,Drama;Comedy;History,2019
5256,Carnage,72113,R,Comedy;Drama,2011
5257,Black Rain,4105,R,Drama;Action;Thriller,1989
5258,The Disappearance of Alice Creed,38542,R,Crime;Drama;Thriller,2009
5259,Beowulf,5470,R,Adventure;Fantasy;Action,1999
5260,Go,9430,R,Crime;Comedy;Thriller,1999
5261,The Philadelphia Experiment,122293,PG-13,Adventure;Science Fiction;Thriller;Mystery,2012
5262,Justice League: The New Frontier,14011,PG-13,Action;Adventure;Animation;Science Fiction;Family,2008
5263,Above Suspicion,421473,R,Thriller;Crime;Action,2019
5264,Marmaduke,38579,PG,Family;Comedy,2010
5266,Planet Hulk,30675,PG-13,Science Fiction;Animation;Action,2010
5267,Saving Mr. Banks,140823,PG-13,Comedy;Drama;History,2013
5268,The Gift,2046,R,Horror;Drama;Thriller;Mystery,2000
5269,Dick Tracy,8592,PG,Adventure;Comedy;Crime,1990
5270,The Devil on Trial,1171989,R,Documentary,2023
5271,The Condemned 2,353610,R,Action,2015
5272,Ramona and Beezus,38843,G,Comedy;Family,2010
5273,Johnson Family Vacation,19084,PG-13,Comedy;Family,2004
5274,Burn,508138,R,Thriller;Crime;Action,2019
5275,Encino Man,10406,PG,Comedy,1992
5276,Chained,116979,R,Horror;Thriller;Drama,2012
5277,D3: The Mighty Ducks,10680,PG,Comedy;Action;Family;Drama,1996
5278,The Secret of My Success,10021,PG-13,Comedy,1987
5279,Man of the House,13498,PG-13,Comedy;Action,2005
5280,A Midsummer Night's Dream,10210,PG-13,Fantasy;Comedy;Romance,1999
5281,French Kiss,397,PG-13,Comedy;Romance,1995
5282,Four Christmases,12193,PG-13,Comedy;Romance;Drama,2008
5283,Rumor Has It...,2800,PG-13,Comedy;Romance,2005
5284,The Shadow,8850,PG-13,Fantasy;Action,1994
5287,Raising Helen,4599,PG-13,Drama;Comedy;Romance,2004
5289,Stand Up Guys,121824,R,Thriller;Comedy;Action,2012
5290,Angela's Ashes,10397,R,Drama,1999
5291,Maya the Bee: The Honey Games,499088,G,Comedy;Family;Animation;Adventure,2018
5292,The Rat Catcher,1172674,PG,Comedy,2023
5293,The Little Rascals Save the Day,260535,PG,Comedy,2014
5294,Stuart Little 3: Call of the Wild,30178,G,Animation;Comedy;Family,2005
5295,Bewitched,9722,PG-13,Comedy;Fantasy;Romance,2005
5296,Far from the Madding Crowd,250734,PG-13,Drama;Romance,2015
5297,Alpha and Omega,12819,PG,Animation;Family;Comedy;Adventure;Romance,2010
5298,"Juliet, Naked",458344,R,Comedy;Drama;Romance,2018
5299,Sniper 2,14245,R,Action,2002
5300,6 Bullets,127521,R,Thriller;Action;Crime,2012
5301,The Titan,476926,R,Science Fiction;Thriller,2018
5302,A Single Man,34653,R,Drama;Romance,2009
5303,Bullet Head,480572,R,Crime;Drama;Thriller,2017
5304,Daughter of the Wolf,525657,R,Action;Thriller,2019
5305,Born a Champion,766931,R,Action;Drama,2021
5306,War on Everyone,333663,R,Action;Comedy;Mystery,2016
5307,Stealth,10048,PG-13,Science Fiction,2005
5308,The Big Sick,416477,R,Comedy;Drama;Romance,2017
5309,Sleepover,9893,PG,Family;Comedy,2004
5310,Attack the Block,59678,R,Action;Comedy;Science Fiction,2011
5311,Words on Bathroom Walls,523781,PG-13,Drama;Romance,2020
5312,Half Baked,9490,R,Comedy;Crime,1998
5313,The Imaginarium of Doctor Parnassus,8054,PG-13,Adventure;Fantasy;Mystery,2009
5314,Seeking a Friend for the End of the World,88005,R,Comedy;Drama;Romance;Adventure,2012
5315,Final Score,421658,R,Action;Thriller,2018
5316,Magic Mike,77930,R,Drama;Comedy,2012
5317,Ice Princess,13374,G,Family;Drama;Comedy,2005
5318,In the Land of Women,13067,PG-13,Romance;Comedy;Drama,2007
5319,Dream Horse,603206,PG,Comedy;Drama,2021
5320,Gotti,339103,R,Crime;Drama;History;Thriller,2018
5321,The Perfect Find,561717,R,Romance;Comedy,2023
5322,The Recruit,1647,PG-13,Action;Thriller,2003
5323,The Wedding Planner,2018,PG-13,Comedy;Romance,2001
5325,Pi,473,R,Mystery;Drama;Thriller,1998
5326,Better Watch Out,406994,R,Comedy;Horror;Thriller,2017
5327,Danny Collins,256924,R,Music;Comedy;Drama,2015
5328,Little Manhattan,16553,PG,Comedy;Romance,2005
5330,Justice League: Gods and Monsters,323027,PG-13,Action;Animation;Fantasy,2015
5331,Night of the Demons,27646,R,Horror;Action;Comedy,2009
5332,The Absence of Eden,639857,R,Drama;Romance,2024
5333,The Land Before Time XI: Invasion of the Tinysauruses,24556,G,Animation;Family;Fantasy;Adventure,2005
5334,The Jewel of the Nile,10303,PG,Adventure;Action;Comedy;Romance,1985
5335,Don Juan DeMarco,1909,PG-13,Romance;Drama;Comedy,1994
5336,Vengeance: A Love Story,397415,R,Action;Drama;Thriller,2017
5337,Father of the Bride,11846,PG,Comedy;Romance,1991
5338,The Santa Clause 2,9021,G,Fantasy;Comedy;Family,2002
5339,The Beguiled,399019,R,Drama,2017
5340,In My Dreams,266353,PG,Romance;Drama;Fantasy;TV Movie,2015
5342,Endless Love,226857,PG-13,Drama;Romance,2014
5343,Legally Blondes,16985,PG,Comedy,2009
5346,The Ruins,11152,R,Horror,2008
5347,Harriet the Spy,38223,PG,Comedy;Drama;Family,1996
5348,The Nine Lives of Christmas,299576,G,TV Movie;Romance;Drama;Comedy,2014
5349,Bandidas,1969,PG-13,Action;Comedy;Western;Crime,2006
5350,Stoker,86825,R,Drama;Horror;Thriller,2013
5351,The Current War,418879,PG-13,Drama;History,2018
5352,Sid and Nancy,14924,R,Drama;Romance,1986
5353,Mimic,4961,R,Horror;Science Fiction,1997
5354,The Inbetweeners Movie,69798,R,Comedy,2011
5355,Dave,11566,PG-13,Comedy,1993
5356,Dave,11566,PG-13,Comedy,1993
5357,Stick It,10115,PG-13,Comedy;Drama,2006
5358,The Opposite of Sex,9844,R,Comedy;Drama,1998
5359,Balto III: Wings of Change,34942,G,Family;Adventure;Animation,2004
5360,In the Blood,256474,R,Action;Crime;Thriller,2014
5361,Eurovision Song Contest: The Story of Fire Saga,531454,PG-13,Comedy;Music,2020
5362,Alice in Wonderland,30923,PG,Fantasy;Family,1999
5363,Popstar: Never Stop Never Stopping,341012,R,Comedy;Music,2016
5364,Killer Joe,73567,R,Crime;Drama;Thriller,2011
5365,Point of No Return,10498,R,Action;Crime;Thriller,1993
5366,The Rum Diary,23514,R,Comedy;Drama,2011
5367,The Sleeping Dictionary,25988,R,Drama;Romance,2003
5368,Lions for Lambs,4515,R,Action;Adventure;Drama;History,2007
5369,Traffik,473149,R,Horror;Thriller,2018
5370,Destination Wedding,489929,R,Romance;Comedy;Drama,2018
5372,Old Dogs,22949,PG,Comedy;Family,2009
5374,Senna,58496,PG-13,Documentary,2010
5375,Arena,71254,R,Action;Thriller;Science Fiction,2011
5376,Joe's Apartment,11962,PG-13,Comedy;Fantasy,1996
5377,Arena,71254,R,Action;Thriller;Science Fiction,2011
5378,Joe's Apartment,11962,PG-13,Comedy;Fantasy,1996
5379,Your Highness,38319,R,Comedy;Fantasy;Adventure;Action,2011
5380,Braddock: Missing in Action III,27352,R,Action;War,1988
5381,Cold in July,244509,R,Drama;Thriller,2014
5382,Sommersby,1049,PG-13,Drama;Thriller;Mystery;Romance,1993
5383,Thomas and the Magic Railroad,16110,G,Animation;Drama;Family,2000
5384,13 Sins,155084,R,Horror;Thriller,2014
5386,City of Lies,433501,R,Crime;Thriller;Drama,2018
5387,From Beyond,14510,R,Horror;Science Fiction,1986
5390,The Last Summer,502292,PG-13,Romance;Comedy,2019
5391,Bubble Boy,9683,PG-13,Comedy;Adventure;Romance,2001
5392,First Knight,6520,PG-13,Action;Adventure;Drama;Romance,1995
5393,Shakespeare in Love,1934,R,Romance;History;Comedy,1998
5394,Night Train to Lisbon,160139,R,Mystery;Romance;Thriller,2013
5397,Barb & Star Go to Vista Del Mar,595813,PG-13,Comedy,2021
5398,Only God Forgives,77987,R,Drama;Thriller;Crime,2013
5399,Barb & Star Go to Vista Del Mar,595813,PG-13,Comedy,2021
5400,Only God Forgives,77987,R,Drama;Thriller;Crime,2013
5402,Edge of Darkness,12201,R,Crime;Drama;Mystery;Thriller,2010
5403,Race,323677,PG-13,Drama;History,2016
5404,Are You Here,209244,R,Comedy,2013
5405,Survive the Game,787310,R,Action;Thriller;Crime,2021
5406,Friends with Money,8998,R,Comedy;Drama;Romance,2006
5407,Girl vs. Monster,138038,PG,Family;Comedy;Science Fiction;TV Movie,2012
5408,The Burning Plain,12165,R,Drama;Romance;Crime,2008
5409,Velvet Goldmine,1808,R,Drama;Music,1998
5410,Problem Child 2,28597,PG-13,Comedy;Family,1991
5411,Chasing Amy,2255,R,Comedy;Drama;Romance,1997
5412,5lbs of Pressure,1079346,R,Thriller;Crime;Romance,2024
5413,Dragons: Dawn of the Dragon Racers,298115,G,Animation;Family;Adventure;Comedy;Fantasy,2014
5414,Wolf,10395,R,Fantasy;Drama;Horror;Romance,1994
5415,Dan in Real Life,7211,PG-13,Comedy;Romance;Drama,2007
5416,Twitches Too,46169,PG,Drama;Family;Fantasy;TV Movie,2007
5417,America's Sweethearts,11467,PG-13,Comedy;Romance,2001
5420,Bel Ami,86467,R,Romance;Drama,2012
5422,Bel Ami,86467,R,Romance;Drama,2012
5423,Keeping Up with the Joneses,331313,PG-13,Action;Comedy,2016
5425,Blood Simple,11368,R,Crime;Drama;Thriller,1985
5426,Sunrise,1216784,R,Horror;Thriller,2024
5427,The Personal History of David Copperfield,520900,PG,Comedy,2019
5428,Waiting for the Barbarians,505707,R,Drama;History,2019
5429,Memphis Belle,12651,PG-13,Drama;War;Action,1990
5430,Requiem for a Dream,641,NC-17,Crime;Drama,2000
5431,Copshop,738652,R,Thriller;Crime;Action,2021
5432,Living,760099,PG-13,Drama,2022
5433,Bride of Re-Animator,18111,R,Horror;Comedy;Science Fiction,1990
5434,The American President,9087,PG-13,Comedy;Drama;Romance,1995
5435,Transformers,1858,PG-13,Adventure;Science Fiction;Action,2007
5436,The Greatest Night in Pop,1226841,PG-13,Documentary;Music,2024
5438,Thank You for Your Service,347629,R,Drama;War,2017
5439,The Bling Ring,96936,R,Drama;Crime,2013
5440,Short Circuit,2605,PG,Science Fiction;Comedy;Family,1986
5441,Emmanuelle: First Contact,97802,R,Romance;Drama;Science Fiction,1994
5442,Short Circuit,2605,PG,Science Fiction;Comedy;Family,1986
5443,Emmanuelle: First Contact,97802,R,Romance;Drama;Science Fiction,1994
5444,Invisible Sister,360605,G,Fantasy;Adventure;Comedy;TV Movie,2015
5445,Mystery Train,11305,R,Comedy,1989
5446,Harry and the Hendersons,8989,PG,Comedy;Family;Fantasy;Drama,1987
5447,Dark Places,182560,R,Thriller;Mystery;Drama;Crime,2015
5448,Armageddon Time,615952,R,Drama,2022
5449,The Wedding Date,6961,PG-13,Romance;Comedy,2005
5450,Cocoon,10328,PG-13,Drama;Comedy;Science Fiction,1985
5451,Green Lantern: Beware My Power,887357,PG-13,Animation;Action;Science Fiction;Fantasy,2022
5452,Green Lantern: Beware My Power,887357,PG-13,Animation;Action;Science Fiction;Fantasy,2022
5453,Dead Man,922,R,Drama;Fantasy;Western,1995
5455,Snow Flower and the Secret Fan,58882,PG-13,Drama;History,2011
5456,The Bad Batch,316154,R,Drama;Horror;Science Fiction,2017
5457,Birth of the Dragon,408266,PG-13,Action;Drama,2017
5458,Freeway,11229,R,Comedy;Crime;Thriller,1996
5459,Paterson,370755,R,Drama;Comedy;Romance,2016
5460,Don't Say a Word,12103,R,Thriller;Mystery,2001
5461,Geronimo: An American Legend,35588,PG-13,Western;History;Action,1993
5462,The Merchant of Venice,11162,R,Drama;Romance,2004
5463,Killing Gunther,412547,R,Action;Comedy,2017
5464,Kate & Leopold,11232,PG-13,Romance;Comedy;Fantasy,2001
5465,The Night Before,296100,R,Comedy;Adventure;Fantasy,2015
5466,12 Mighty Orphans,625169,PG-13,History;Drama;Action,2021
5467,Mirrors 2,46441,R,Horror;Mystery;Fantasy,2010
5468,Random Hearts,12618,R,Drama;Romance;Thriller,1999
5469,Fighting,17336,PG-13,Action;Crime;Romance,2009
5470,Killerman,492449,R,Action;Thriller,2019
5471,Diary of the Dead,13025,R,Horror,2007
5472,Stormbreaker,9978,PG,Adventure;Action;Family,2006
5474,Damsel,414018,R,Western;Drama;Comedy,2018
5475,Company of Heroes,168676,R,Action;Drama;War,2013
5476,New York Minute,11025,PG,Comedy,2004
5477,"Hail, Caesar!",270487,PG-13,Comedy;Crime;Mystery,2016
5478,Winnie the Pooh: A Very Merry Pooh Year,13706,G,Animation;Family,2002
5479,Seraphim Falls,13249,R,Western;Action;Drama,2007
5480,Mask,11177,PG-13,Drama,1985
5481,The Case for Christ,424998,PG,Drama,2017
5482,The Soloist,17332,PG-13,Drama;Music,2009
5484,CBGB,111479,R,Drama;Music,2013
5486,The Girl Who Escaped: The Kara Robinson Story,1075334,PG-13,Thriller;Drama;Crime;TV Movie,2023
5487,The To Do List,129139,R,Comedy;Romance,2013
5489,D-Tox,10375,R,Thriller;Crime,2002
5490,The Reef,49787,R,Drama;Horror;Thriller,2010
5491,Voice from the Stone,301372,R,Mystery;Thriller;Drama;Romance,2017
5492,The Mauritanian,644583,R,Drama;Thriller,2021
5493,Wild Things: Foursome,37708,R,Crime;Drama;Mystery,2010
5494,The Duchess,12783,PG-13,Drama;History;Romance,2008
5495,True Crime,10354,R,Drama;Crime;Thriller;Mystery,1999
5496,American Ninja 2: The Confrontation,25678,R,Action,1987
5497,True Crime,10354,R,Drama;Crime;Thriller;Mystery,1999
5498,American Ninja 2: The Confrontation,25678,R,Action,1987
5499,My Big Fat Greek Wedding 2,302688,PG-13,Romance;Comedy,2016
5500,12 Angry Men,12219,PG-13,Crime;Drama;TV Movie,1997
5501,Mighty Morphin Power Rangers: Once & Always,1068141,G,Action;Adventure;Science Fiction;Family,2023
5502,Like Crazy,60420,PG-13,Drama;Romance,2011
5503,Obsessed,17335,PG-13,Drama;Thriller,2009
5504,Kill 'em All,449503,R,Action;Crime,2017
5505,Out of Time,2116,R,Thriller;Crime;Drama,2003
5506,Never Let Me Go,42188,R,Drama;Romance;Science Fiction,2010
5507,Brooklyn's Finest,26390,R,Crime;Drama;Thriller,2010
5508,The Believer,4012,R,Drama,2001
5509,My Left Foot: The Story of Christy Brown,10161,R,Drama,1989
5510,Waves,533444,R,Romance;Drama,2019
5511,The Rhythm Section,466622,R,Action;Thriller,2020
5512,Skinwalkers,14219,R,Fantasy;Action;Horror,2006
5514,To Rome with Love,81836,R,Comedy;Romance;Drama,2012
5515,That Awkward Moment,225565,R,Comedy;Romance,2014
5516,Gringo,340022,R,Comedy;Action;Crime,2018
5517,Gringo,340022,R,Comedy;Action;Crime,2018
5519,100 Girls,10035,R,Comedy;Drama;Romance,2000
5520,The Venture Bros.: Radiant Is the Blood of the Baboon Heart,828898,R,Animation;Action;Adventure;Science Fiction,2023
5521,Silent Night,664574,R,Comedy;Science Fiction;Horror,2021
5522,Bad Asses on the Bayou,309887,R,Comedy;Action,2015
5523,Fever Pitch,11431,PG-13,Romance;Comedy,2005
5524,Prospect,506072,R,Science Fiction,2018
5526,Zoe,458005,R,Science Fiction;Romance;Thriller,2018
5527,The Second Best Exotic Marigold Hotel,268238,PG,Drama;Comedy,2015
5529,Mars Needs Moms,50321,PG,Adventure;Animation;Family,2011
5530,976-EVIL,24038,R,Horror,1988
5531,Gosford Park,5279,R,Drama;Mystery;Thriller,2001
5532,Black Sheep,3603,R,Horror;Comedy,2007
5533,Harlem Nights,9085,R,Comedy;Crime;Drama,1989
5534,Madea's Witness Protection,103370,PG-13,Drama;Comedy;Crime,2012
5535,The Divide,38541,R,Horror;Science Fiction;Thriller,2012
5536,Single White Female,9605,R,Thriller,1992
5537,Third Person,192145,R,Drama;Romance,2013
5538,Somebody I Used to Know,869112,R,Romance;Comedy;Drama,2023
5539,Appaloosa,12690,R,Drama;Western;Crime,2008
5540,The Freshman,10168,PG,Comedy;Crime,1990
5541,Superman/Batman: Apocalypse,45162,PG-13,Science Fiction;Action;Adventure;Animation,2010
5542,Tommy Boy,11381,PG-13,Comedy,1995
5543,Shark Night 3D,65055,PG-13,Thriller;Horror,2011
5544,A Madea Family Funeral,464504,PG-13,Comedy,2019
5545,Sling Blade,12498,R,Drama,1996
5546,Mindhorn,381518,R,Comedy,2016
5547,Mindhorn,381518,R,Comedy,2016
5548,Liberal Arts,84306,PG-13,Romance;Comedy;Drama,2012
5549,Tyler Perry's A Madea Homecoming,845404,R,Comedy;Drama,2022
5550,Wild Orchid,5203,R,Drama;Romance,1989
5551,"No Retreat, No Surrender",12721,PG,Action,1986
5552,Veronica Mars,177494,PG-13,Crime;Drama;Comedy,2014
5554,8MM,8224,R,Thriller;Crime;Mystery,1999
5555,The Men Who Stare at Goats,10313,R,Comedy;War,2009
5556,The Royal Hotel,944952,R,Drama;Thriller,2023
5557,Open Water 2: Adrift,9592,R,Drama;Horror;Thriller,2006
5558,Finding Forrester,711,PG-13,Drama,2000
5559,Superman/Batman: Public Enemies,22855,PG-13,Science Fiction;Animation;Action;Adventure;Family,2009
5560,Welcome Home Roscoe Jenkins,13490,PG-13,Comedy;Drama;Family,2008
5561,Becky,601844,R,Thriller;Horror;Action,2020
5562,Black Christmas,551808,PG-13,Horror;Mystery;Thriller,2019
5563,The Cutting Edge: Going for the Gold,14872,PG-13,Romance;Drama,2006
5564,Scenes of a Sexual Nature,18558,R,Comedy;Drama;Romance,2006
5567,We Die Young,538207,R,Drama;Action;Crime;Thriller,2019
5568,Georgia Rule,13159,R,Drama;Comedy;Romance,2007
5570,Doom: Annihilation,520901,R,Action;Science Fiction;Horror,2019
5571,V/H/S: Viral,267806,R,Horror;Thriller,2014
5572,Barbie in the Pink Shoes,168903,G,Animation;Family,2013
5573,Jane Eyre,38684,PG-13,Drama;Romance,2011
5574,Passengers,13944,PG-13,Drama;Mystery;Thriller;Romance,2008
5575,The Little Guy,1010819,PG,Animation;Family;Comedy;Science Fiction,2022
5577,Black Eagle,18214,R,Action;Drama,1988
5578,The Happytime Murders,412988,R,Action;Comedy;Crime,2018
5579,We're Back! A Dinosaur's Story,18890,G,Animation;Science Fiction;Family,1993
5580,Tom and Jerry: A Nutcracker Tale,24696,G,Animation;Comedy;Family,2007
5581,Intolerable Cruelty,11775,PG-13,Comedy;Romance,2003
5582,Legionnaire,3513,R,Action;War;Adventure;History,1998
5583,Charlie Wilson's War,6538,R,Comedy;Drama;History,2007
5584,Fathers and Daughters,254172,R,Drama,2015
5585,Moonshot,767825,PG-13,Comedy;Romance;Science Fiction,2022
5586,Moonshot,767825,PG-13,Comedy;Romance;Science Fiction,2022
5587,October Sky,13466,PG,Drama;Family,1999
5589,Quarantine,13812,R,Horror;Science Fiction;Thriller,2008
5590,40 Days and 40 Nights,2752,R,Comedy;Romance,2002
5591,Open Water,83,R,Drama;Thriller;Horror,2003
5593,Scooby-Doo! and the Monster of Mexico,21956,G,Animation;Comedy;Family;Mystery,2003
5594,Jingle Jangle: A Christmas Journey,622855,PG,Family;Fantasy;Music,2020
5595,Velvet Buzzsaw,463684,R,Thriller;Mystery;Horror,2019
5596,Before the Devil Knows You're Dead,7972,R,Crime;Drama;Thriller,2007
5598,Falling for Christmas,833097,PG,Romance;Comedy;Family,2022
5600,Kindergarten Cop 2,383121,PG-13,Comedy,2016
5601,You Again,38303,PG,Comedy;Romance,2010
5602,Tides,760873,R,Science Fiction;Thriller,2021
5603,Killers Anonymous,535265,R,Action;Thriller;Crime;Mystery,2019
5604,Sasquatch Sunset,1015634,R,Fantasy;Comedy,2024
5605,Sasquatch Sunset,1015634,R,Fantasy;Comedy,2024
5607,Great White,534072,R,Horror;Thriller,2021
5608,Fly Away Home,11076,PG,Adventure;Drama;Family,1996
5609,Batman: Hush,537056,PG-13,Action;Animation;Crime;Mystery,2019
5610,My Salinger Year,619594,R,Drama,2020
5611,Rushmore,11545,R,Comedy;Drama,1998
5613,Little Dixie,1058949,R,Action;Crime;Thriller;Drama,2023
5614,Tesla,517412,PG-13,History;Drama,2020
5615,Tesla,517412,PG-13,History;Drama,2020
5616,Cooties,241843,R,Comedy;Horror,2014
5617,The Price We Pay,996727,R,Action;Thriller;Mystery;Crime;Horror,2023
5618,The Paperboy,82390,R,Thriller;Drama;Mystery,2012
5620,Journey's End,438259,R,War;Drama;Action,2017
5621,Dr. Dolittle 3,18843,PG,Comedy;Family;Fantasy,2006
5622,Fortress,12088,R,Action;Thriller;Science Fiction,1992
5624,Pig,635731,R,Drama;Thriller,2021
5625,Grizzly Man,501,R,Documentary,2005
5626,Green Lantern: Emerald Knights,65291,PG,Action;Adventure;Animation;Science Fiction;Drama,2011
5627,Searching for Bobby Fischer,14291,PG,Drama,1993
5628,Dance Flick,21724,PG-13,Music;Comedy;Action,2009
5629,The Tailor of Panama,2575,R,Drama;Thriller,2001
5630,Family Guy Presents: Stewie Griffin: The Untold Story,65215,PG-13,Action;Adventure;Animation;Comedy,2005
5631,Dorian Gray,23488,R,Fantasy;Drama;Thriller,2009
5632,Carjacked,72912,R,Action;Thriller;TV Movie;Crime,2011
5633,Murder in the First,8438,R,Crime;Drama,1995
5634,Cold Creek Manor,12767,R,Mystery;Thriller,2003
5635,Kill the Irishman,51209,R,Action;Crime;Thriller;Drama,2011
5636,Penguin Bloom,618416,PG-13,Drama,2021
5637,3 Ninjas Knuckle Up,40508,PG-13,Family;Adventure;Action;Comedy,1995
5638,Phantom,152259,R,Thriller,2013
5639,Capone,429422,R,Crime;Drama,2020
5640,Casanova,9681,R,Adventure;Comedy;Drama;Romance,2005
5642,Maybe I Do,972230,PG-13,Comedy;Romance;Drama,2023
5644,Timecop,8831,R,Thriller;Science Fiction;Action;Crime,1994
5646,A Merry Friggin' Christmas,286532,PG-13,Comedy,2014
5647,Trespass,22004,R,Action;Thriller;Crime,1992
5648,Midnight in the Garden of Good and Evil,8197,R,Mystery;Crime;Drama,1997
5649,Nancy Drew and the Hidden Staircase,519473,PG,Crime;Family;Mystery,2019
5650,Jay and Silent Bob Reboot,440762,R,Comedy,2019
5652,Masterminds,213681,PG-13,Action;Comedy;Crime,2016
5653,David Attenborough: A Life on Our Planet,664280,PG,Documentary;Drama,2020
5654,Yogi Bear,41515,PG,Comedy;Family;Animation;Adventure,2010
5655,Whale Rider,1088,PG-13,Drama;Family,2003
5656,Murder at 1600,9415,R,Action;Drama;Mystery;Thriller;Crime,1997
5657,Kids Are Growing Up: A Story About a Kid Named Laroi,1247793,R,Documentary;Music,2024
5658,Quills,10876,R,Drama,2000
5659,The Great Debaters,14047,PG-13,Drama,2007
5660,Employee of the Month,9794,PG-13,Comedy;Romance,2006
5661,The Cheetah Girls: One World,27621,G,Family;Comedy;Drama;Music;TV Movie,2008
5662,Return to Halloweentown,34204,G,Family;Fantasy;Comedy;TV Movie;Action,2006
5663,22 July,474354,R,History;Drama;Thriller;Crime,2018
5664,The Sisterhood of the Traveling Pants 2,10188,PG-13,Adventure;Comedy;Drama,2008
5665,The Lie,539649,R,Mystery;Thriller;Horror,2018
5666,Labor Day,130150,PG-13,Drama;Romance;Thriller,2013
5668,Compliance,84188,R,Drama;Thriller,2012
5670,The Laundromat,517909,R,Drama;Crime;Comedy,2019
5671,Serena,164251,R,Drama,2014
5672,The Brave One,4413,R,Crime;Drama;Thriller,2007
5673,American Underdog,673309,PG,Drama,2021
5674,The Seeding,1118033,R,Horror;Thriller,2024
5675,Get Him to the Greek,32823,R,Adventure;Comedy;Music,2010
5676,Someone Like You,1029330,PG,Drama;Romance,2024
5677,Ingrid Goes West,411741,R,Comedy;Drama,2017
5678,Leprechaun 4: In Space,19287,R,Comedy;Fantasy;Horror;Science Fiction,1996
5680,Spencer,716612,R,Drama;History,2021
5681,Chick Fight,682377,R,Action;Comedy,2020
5682,A Stork's Journey,378111,PG,Family;Fantasy;Adventure;Animation;Comedy,2017
5683,Dante's Inferno: An Animated Epic,31967,R,Action;Adventure;Animation;Horror,2010
5684,Critters 3,12702,R,Comedy;Horror;Science Fiction,1991
5685,Van Helsing: The London Assignment,7092,PG-13,Action;Animation;Fantasy;Horror,2004
5686,Wonderstruck,383709,PG,Drama,2017
5687,Jumanji,8844,PG,Adventure;Fantasy;Family,1995
5688,Arizona Dream,11044,R,Fantasy;Comedy;Drama;Romance,1993
5689,Lost Girls & Love Hotels,479259,R,Drama,2020
5690,Seven Psychopaths,86838,R,Comedy;Crime,2012
5692,Knick Knack,13928,G,Animation;Family;Comedy,1989
5693,3 Ninjas: High Noon at Mega Mountain,32302,PG,Family;Action;Comedy,1998
5694,Deck the Halls,9969,PG,Comedy;Family,2006
5695,The Full Monty,9427,R,Comedy,1997
5696,Above the Rim,19092,R,Crime;Drama,1994
5697,The New Adventures of Pippi Longstocking,19051,G,Fantasy;Adventure;Family,1988
5698,Innocent Blood,27381,R,Comedy;Horror;Thriller;Crime,1992
5699,The Piano,713,R,Drama;Romance,1993
5700,Edge of the World,806690,PG-13,Drama;Adventure;History,2021
5701,I'll Always Know What You Did Last Summer,3602,R,Horror,2006
5702,Half Past Dead,10167,PG-13,Crime;Action;Thriller,2002
5703,The Juror,9623,R,Thriller;Crime;Drama,1996
5704,The Perfect Guy,304372,PG-13,Drama;Thriller,2015
5705,30 Nights of Paranormal Activity With the Devil Inside the Girl With the Dragon Tattoo,157058,R,Comedy,2013
5706,The Watch,80035,R,Comedy;Action;Science Fiction,2012
5707,Poltergeist II: The Other Side,11133,PG-13,Horror;Thriller,1986
5708,The Watcher,10685,R,Mystery;Thriller,2000
5709,White Noise,744594,R,Comedy;Drama,2022
5710,The Hurricane,10400,R,Drama,1999
5711,Billie Eilish: The World's a Little Blurry,654754,R,Documentary;Music,2021
5712,Stone,44113,R,Drama;Thriller,2010
5713,The Silence of the Lambs,274,R,Crime;Drama;Thriller,1991
5714,Freeheld,306745,PG-13,Romance;Drama,2015
5716,Dead Calm,10493,R,Thriller;Horror,1989
5717,Cassandro,729120,R,Drama,2023
5718,The Choice,330483,PG-13,Drama;Romance,2016
5719,Furry Vengeance,35169,PG,Family;Comedy,2010
5720,Seeking Justice,74998,R,Action;Drama;Thriller,2011
5721,Alone in Berlin,334522,R,War;Thriller;Drama,2016
5722,Godmothered,662546,PG,Family;Fantasy;Comedy,2020
5723,"The Adventures of Priscilla, Queen of the Desert",2759,R,Drama;Comedy,1994
5724,The Half of It,597219,PG-13,Comedy;Romance;Drama,2020
5725,Spy Hard,10535,PG-13,Comedy;Action,1996
5726,LEGO Star Wars Terrifying Tales,857702,G,Animation;Family;Science Fiction;Comedy;TV Movie,2021
5727,Occupation: Rainfall,688258,R,Science Fiction;Action,2020
5728,Fair Game,11859,R,Action,1995
5731,Lorenzo's Oil,2007,PG-13,Drama,1992
5732,Repo Men,31867,R,Action;Science Fiction;Thriller;Crime,2010
5733,Speak,15058,PG-13,Drama,2004
5734,The F**k-It List,598133,R,Comedy,2020
5735,Hot Seat,888195,R,Thriller,2022
5736,Hustle & Flow,10476,R,Crime;Drama;Music,2005
5737,Final Girl,277558,R,Action;Drama;Thriller,2015
5738,The Darjeeling Limited,4538,R,Adventure;Drama;Comedy,2007
5739,Boys Don't Cry,226,R,Crime;Drama,1999
5740,Small Fry,82424,G,Animation;Family;Comedy,2011
5741,Falling Inn Love,623195,PG,Romance;Comedy,2019
5742,Dead Again in Tombstone,473165,R,Western;Action;Fantasy;Horror,2017
5743,The Devil's Double,62630,R,Drama;Action;Thriller;Crime;War,2011
5744,Brian Banks,535845,PG-13,Drama,2019
5745,Brian Banks,535845,PG-13,Drama,2019
5746,UFO,426865,PG-13,Science Fiction;Action;Thriller,2018
5747,The Conspirator,60309,PG-13,Crime;Drama;History,2011
5748,Disturbing Behavior,9424,R,Mystery;Horror;Science Fiction,1998
5749,Metro,8860,R,Action;Adventure;Comedy;Crime;Thriller,1997
5751,Promised Land,133694,R,Drama,2012
5752,Best of the Best,238751,PG-13,Action,1989
5753,The Farewell,565310,PG,Comedy;Drama,2019
5754,One Way,747803,R,Action;Crime;Thriller,2022
5755,How to Blow Up a Pipeline,1008048,R,Crime;Drama;Thriller,2023
5756,How to Blow Up a Pipeline,1008048,R,Crime;Drama;Thriller,2023
5757,Simón,1105832,PG-13,Drama,2023
5758,Firewall,9754,PG-13,Action;Crime;Thriller,2006
5759,Hacker,413052,R,Crime;Drama;Thriller,2016
5760,Jennifer Eight,10424,R,Crime;Drama;Mystery;Thriller,1992
5761,Imagine That,19724,PG,Family;Comedy;Drama,2009
5762,Unfriended,277685,R,Horror;Mystery;Thriller,2014
5765,A Hidden Life,403300,PG-13,Drama;War;History,2019
5766,A Hidden Life,403300,PG-13,Drama;War;History,2019
5767,Jessabelle,203834,PG-13,Thriller;Horror,2014
5768,Afternoon Delight,156708,R,Comedy;Drama,2013
5769,The Assistant,627463,R,Drama,2020
5771,The Exception,339987,R,War;Drama,2017
5772,Save the Last Dance,9816,PG-13,Drama;Family;Romance;Music,2001
5773,The Fisher King,177,R,Comedy;Drama,1991
5774,Dashing Through the Snow,1001884,PG,Fantasy;Family;Comedy,2023
5775,Mischief,14750,R,Comedy;Romance,1985
5776,The Red Sea Diving Resort,465003,R,Drama;Thriller;History,2019
5777,Bad Moon,49763,R,Horror,1996
5778,Colossal,339967,R,Drama;Fantasy;Science Fiction,2017
5779,Backcountry,228973,R,Horror;Thriller;Drama,2015
5780,Madea Goes to Jail,15670,PG-13,Comedy;Crime;Drama,2009
5781,Lean On Me,14621,PG-13,Drama,1989
5782,Anna and the King,1439,PG-13,Drama;Romance;History,1999
5783,Supernova,10384,PG-13,Science Fiction;Horror;Thriller,2000
5784,Son of a Gun,294652,R,Action;Crime;Drama;Thriller,2014
5785,Behind the Candelabra,119675,R,Drama;Romance,2013
5786,Behind the Candelabra,119675,R,Drama;Romance,2013
5787,Think Like a Dog,513584,PG,Family;Comedy;Drama,2020
5788,Goal! II: Living the Dream,9815,PG-13,Drama,2007
5789,Novitiate,411976,R,Drama,2017
5790,Beowulf & Grendel,5471,R,Action;Adventure;Drama;Fantasy,2005
5791,Kinky Boots,16367,PG-13,Comedy;Drama;Music,2005
5792,A Little Chaos,283227,R,Drama;Romance,2015
5793,Trade,4170,R,Thriller,2007
5794,Like Mike 2: Streetball,26655,PG,Family;Comedy;Fantasy,2006
5795,A Chorus Line,1816,PG-13,Drama;Music,1985
5796,Ratchet & Clank,234004,PG,Action;Adventure;Animation;Family,2016
5797,Till,854239,PG-13,Drama;History,2022
5798,Wishmaster: The Prophecy Fulfilled,38157,R,Horror;Fantasy,2002
5799,Captain America,13995,PG-13,Action;Adventure;Science Fiction;War,1990
5800,The Lords of Salem,104755,R,Horror;Thriller,2013
5801,The Indian in the Cupboard,11359,PG,Adventure;Family;Fantasy,1995
5802,Death Race 2050,401544,R,Action;Comedy;Science Fiction,2017
5803,Hillbilly Elegy,592984,R,Drama,2020
5805,Beyond a Reasonable Doubt,25137,PG-13,Thriller,2009
5806,Black '47,438145,R,Drama;Western,2018
5807,The Hunter's Prayer,302150,R,Action;Thriller,2017
5808,Bullets Over Broadway,11382,R,Comedy;Crime,1994
5810,Bullets Over Broadway,11382,R,Comedy;Crime,1994
5812,Wild Mountain Thyme,628333,PG-13,Romance;Drama,2020
5813,The Sitter,57431,R,Comedy,2011
5815,Poison Ivy: The New Seduction,18222,R,Thriller;Romance;Drama,1997
5817,Tunnel Rats,20181,R,Action;Drama;War,2008
5818,Hart's War,10592,R,Drama;War,2002
5819,Paycheck,9620,PG-13,Action;Adventure;Mystery;Science Fiction;Thriller,2003
5820,He Got Game,9469,R,Drama,1998
5821,No Good Deed,2017,R,Action;Crime;Drama;Mystery;Thriller,2002
5822,The Roommate,49950,PG-13,Thriller;Drama;Horror,2011
5823,Battle of the Year,109417,PG-13,Music;Drama,2013
5824,Conspiracy Theory,8834,R,Action;Drama;Mystery;Thriller,1997
5825,Bugsy,10337,R,Crime;Drama;Mystery,1991
5826,S1m0ne,9296,PG-13,Science Fiction;Comedy;Drama;Fantasy;Romance,2002
5828,Tequila Sunrise,10396,R,Thriller;Crime;Romance,1988
5829,Riding in Cars with Boys,11091,PG-13,Comedy;Drama;Romance,2001
5830,Apt Pupil,9445,R,Drama;Thriller,1998
5831,The Lodge,474764,R,Drama;Horror;Thriller,2020
5832,Paperman,140420,G,Animation;Family;Romance,2012
5833,Awake,615658,R,Drama;Science Fiction;Thriller,2021
5834,Kim Possible,520720,PG,Family;Action;Adventure;Comedy;TV Movie,2019
5835,Mac & Devin Go to High School,104859,R,Comedy,2012
5836,The Killer Inside Me,37414,R,Crime;Drama;Thriller,2010
5837,The Box,22825,PG-13,Thriller;Science Fiction,2009
5838,Barefoot,242042,PG-13,Comedy;Drama;Romance,2014
5840,The Marine 3: Homefront,171581,R,Action,2013
5841,Club Dread,11217,R,Comedy;Horror,2004
5842,Beasts of No Nation,283587,R,Drama;War,2015
5843,Fright Night 2: New Blood,214597,R,Horror;Comedy,2013
5844,Becoming Jane,2977,PG,Romance;Drama,2007
5845,The Rage: Carrie 2,7341,R,Horror;Thriller;Science Fiction,1999
5846,Brain on Fire,340027,PG-13,Drama,2017
5848,A Princess for Christmas,79113,PG,Comedy;Family;TV Movie;Romance;Drama,2011
5849,Don't Let Go,539651,R,Science Fiction;Thriller;Mystery;Horror,2019
5850,BURN·E,13413,G,Animation;Family;Comedy;Science Fiction,2008
5851,The Rules of Attraction,1809,R,Drama;Romance;Comedy,2002
5852,Stand and Deliver,29154,PG,Drama,1988
5853,The Miracle Club,830721,PG-13,Comedy;Drama,2023
5854,The Rules of Attraction,1809,R,Drama;Romance;Comedy,2002
5855,Stand and Deliver,29154,PG,Drama,1988
5856,The Miracle Club,830721,PG-13,Comedy;Drama,2023
5857,Back to the Titanic,682666,PG,Documentary,2020
5858,The Disaster Artist,371638,R,Comedy;Drama,2017
5859,London Boulevard,48838,R,Drama;Crime,2010
5860,Going the Distance,19423,R,Comedy;Romance,2004
5861,Snow Buddies,14059,G,Family;Adventure,2008
5862,Milk,10139,R,History;Drama,2008
5863,Windfall,850018,R,Thriller;Crime;Drama,2022
5864,Safe Haven,112949,PG-13,Romance;Thriller,2013
5865,The Virtuoso,808023,R,Thriller;Crime;Action,2021
5866,Nowhere Boy,33511,R,Drama,2009
5867,Explorers,9872,PG,Family;Science Fiction;Fantasy,1985
5868,Benny & Joon,4104,PG,Comedy;Drama,1993
5869,Cracks,35052,R,Drama;Mystery;Thriller,2009
5871,Michael,2928,PG,Comedy;Drama;Fantasy,1996
5872,Madhouse,17209,R,Horror;Thriller,2004
5873,Jesse Stone: Lost in Paradise,361263,PG-13,Drama;TV Movie;Crime;Mystery,2015
5874,Cryo,953542,PG-13,Thriller;Science Fiction;Mystery,2022
5875,Flypaper,62046,R,Mystery;Comedy;Crime,2011
5876,Cabin Fever,11547,R,Horror,2003
5877,Justice League Dark,408220,R,Animation;Action;Fantasy,2017
5878,The Mighty,9821,PG-13,Drama;Comedy,1998
5879,Pump Up the Volume,8428,R,Music;Drama,1990
5880,The Trust,301608,R,Thriller;Drama;Crime,2016
5881,Monster High: Welcome to Monster High,413736,PG,Animation;Family,2016
5883,Arlington Road,1073,R,Crime;Drama;Thriller;Mystery,1999
5884,Switch,10261,R,Fantasy;Comedy,1991
5885,I'm in Love with a Church Girl,207883,PG,Drama;Romance,2013
5886,Win a Date with Tad Hamilton!,13476,PG-13,Comedy;Romance,2004
5887,Manhattan Night,311667,R,Drama;Mystery;Thriller,2016
5888,Father of the Bride,746419,PG-13,Romance;Comedy;Drama,2022
5889,Gorillas in the Mist,10130,PG-13,Drama;History,1988
5890,Mudbound,414425,R,Drama,2017
5891,Honey 2,63710,PG-13,Music;Comedy;Drama,2011
5892,The Great Raid,13922,R,Action;History;War,2005
5893,The Whole Truth,331583,R,Drama;Thriller,2016
5894,The Lazarus Project,13825,PG-13,Drama;Thriller,2008
5895,Extraction,326425,R,Action;Thriller,2015
5896,The Insider,9008,R,Drama;Thriller,1999
5897,The Secret: Dare to Dream,550231,PG,Drama;Romance,2020
5898,Pulse,9682,R,Horror;Science Fiction;Mystery;Drama,2006
5899,Devil's Due,79316,R,Horror,2014
5900,Pulse,9682,R,Horror;Science Fiction;Mystery;Drama,2006
5901,Devil's Due,79316,R,Horror,2014
5902,The Double,73499,PG-13,Action;Drama;Crime,2011
5903,So I Married an Axe Murderer,10442,PG-13,Comedy;Crime;Romance,1993
5905,Color Out of Space,548473,R,Horror;Science Fiction;Mystery;Thriller,2019
5906,Hamlet,10549,PG-13,Drama,1996
5907,The Glimmer Man,9625,R,Action;Crime,1996
5908,The Son,806368,PG-13,Drama,2022
5909,The Gunman,266396,R,Action;Drama;Crime,2015
5910,Vampire's Kiss,7091,R,Comedy;Horror,1988
5912,Final Analysis,4823,R,Drama;Thriller;Romance,1992
5913,Romeo & Juliet,91745,PG-13,Romance;Drama,2013
5914,Max Keeble's Big Move,34549,G,Comedy;Family,2001
5915,The Crow: Salvation,9456,R,Action;Thriller;Horror,2000
5916,Prime,2313,PG-13,Comedy;Drama;Romance,2005
5917,Ned Kelly,10544,R,Action;Adventure;Drama;History,2003
5918,You May Not Kiss the Bride,73500,PG-13,Action;Crime;Comedy;Romance,2011
5920,Exorcist: The Beginning,11026,R,Horror;Mystery;Thriller,2004
5922,Set It Up,384677,R,Romance;Comedy,2018
5923,Eraser: Reborn,923597,R,Action;Crime;Thriller,2022
5924,Ravenous,10212,R,Adventure;Horror;Western;Comedy,1999
5926,Rust Creek,561362,R,Thriller;Drama;Action;Crime,2019
5927,Suffragette,245168,PG-13,Drama;History,2015
5928,Nobody's Fool,11593,R,Drama;Comedy,1994
5929,About Last Night,222899,R,Comedy;Romance,2014
5930,Black Knight,11469,PG-13,Comedy;Fantasy;Adventure,2001
5931,Dance with Me,17915,PG,Drama;Music;Romance,1998
5932,Nothing but Trouble,11933,PG-13,Comedy;Adventure,1991
5933,Nothing but Trouble,11933,PG-13,Comedy;Adventure,1991
5934,Monster High: Fright On!,227257,PG,Family;Animation;Fantasy,2011
5935,Deux Frères,1997,PG,Adventure;Drama;Family,2004
5936,Bull Durham,287,R,Comedy;Romance,1988
5937,Hyena Road,316042,R,War;Drama;Thriller;Action,2015
5938,UHF,11959,PG-13,Comedy,1989
5939,Frantic,10675,R,Thriller;Mystery,1988
5940,Rugrats Go Wild,20694,PG,Animation;Family;Adventure;Comedy,2003
5941,Nobody's Fool,514619,R,Comedy;Romance,2018
5942,Let It Snow,295151,PG-13,Romance;Comedy,2019
5943,Waitress,10758,PG-13,Drama;Comedy;Romance,2007
5944,The Prince of Tides,10333,R,Drama;Romance,1991
5945,The Interpreter,179,PG-13,Crime;Thriller,2005
5946,Celebrity,9466,R,Drama;Comedy,1998
5948,In the Electric Mist,13975,R,Thriller;Drama;Crime;Mystery,2009
5949,Knockaround Guys,7501,R,Crime;Thriller,2001
5951,Ripley's Game,10955,R,Crime;Thriller,2002
5953,In the Electric Mist,13975,R,Thriller;Drama;Crime;Mystery,2009
5954,Knockaround Guys,7501,R,Crime;Thriller,2001
5956,Ripley's Game,10955,R,Crime;Thriller,2002
5957,Blood Work,9573,R,Thriller;Crime;Action;Mystery,2002
5958,"Batman: The Long Halloween, Part One",736073,PG-13,Animation;Mystery;Action;Crime,2021
5960,The Single Moms Club,239562,PG-13,Drama;Comedy,2014
5961,Encounter,728526,R,Science Fiction;Mystery;Thriller;Drama,2021
5962,The Secret Life of Pets,328111,PG,Adventure;Comedy;Animation;Family,2016
5963,Serial Mom,11592,R,Comedy;Crime,1994
5964,Serial Mom,11592,R,Comedy;Crime,1994
5965,Reality Bites,2788,PG-13,Drama;Romance,1994
5967,Batman: Year One,69735,PG-13,Action;Animation;Crime,2011
5968,About Schmidt,2755,R,Drama;Comedy,2002
5969,High Fidelity,243,R,Drama;Comedy;Romance;Music,2000
5970,Rock Star,12508,R,Music;Drama;Comedy,2001
5971,Jersey Girl,9541,PG-13,Comedy;Romance;Drama,2004
5972,LOL,80271,PG-13,Drama;Comedy;Romance,2012
5973,She Said,837881,R,Drama;History,2022
5974,The Red Pill,366696,R,Documentary,2016
5975,Barb Wire,11867,R,Science Fiction;Action;Adventure,1996
5976,Six Minutes to Midnight,670439,PG-13,Thriller;Drama;History;War,2020
5977,Passion,109099,R,Thriller;Drama;Crime;Mystery,2013
5978,The Purple Rose of Cairo,10849,PG,Fantasy;Comedy;Romance,1985
5979,Freelancers,122800,R,Mystery;Drama;Action;Crime,2012
5980,Big Time Adolescence,539617,R,Comedy,2020
5981,My Awkward Sexual Adventure,128136,R,Comedy;Romance;Drama,2012
5982,Merry Madagascar,25472,PG,Family;Animation,2009
5983,Stomp the Yard,1931,PG-13,Drama;Music,2007
5984,The Hummingbird Project,489243,R,Thriller;Drama,2019
5985,Battle of the Sexes,369192,PG-13,Drama;Comedy;History,2017
5987,7 Seconds,9721,R,Action;Crime;Thriller,2005
5988,Ransom,3595,R,Action;Thriller,1996
5989,Baby Boy,16161,R,Crime;Drama;Romance;Thriller,2001
5990,Otherhood,531509,R,Comedy,2019
5991,Amina,885110,PG-13,War;History;Drama,2021
5992,Straw Dogs,64639,R,Drama;Thriller,2011
5993,Scooby-Doo! and the Samurai Sword,16390,G,Family;Mystery;Animation;Comedy;Action;Fantasy,2009
5994,All Eyez on Me,402529,R,History;Drama;Music,2017
5995,Garfield's Pet Force,19508,G,Animation;Comedy;Family,2009
5996,OLIVIA RODRIGO: driving home 2 u (a SOUR film),939790,PG-13,Music;Documentary,2022
5997,Traitor,13291,PG-13,Drama;Action;Thriller;Crime,2008
5998,Arachnophobia,6488,PG-13,Comedy;Horror,1990
5999,Striking Distance,11074,R,Crime;Action;Mystery;Thriller,1993
6000,Sudden Death,9091,R,Action;Drama,1995
6001,The Simpsons Meet the Bocellis in Feliz Navidad,1058732,PG,Animation;Family;Comedy,2022
6003,First Kill,410554,R,Action;Thriller;Crime,2017
6004,Downfall: The Case Against Boeing,913862,R,Documentary,2022
6005,The Package,503619,R,Comedy,2018
6006,The Painted Veil,14202,PG-13,Romance;Drama,2006
6007,Show Dogs,425148,PG,Adventure;Crime;Family;Comedy,2018
6008,Better Off Dead...,13667,PG-13,Comedy;Romance,1985
6009,A Boy Called Christmas,615666,PG,Family;Adventure;Fantasy,2021
6013,Bad Girls,11853,R,Romance;Western,1994
6014,"No Retreat, No Surrender 3: Blood Brothers",36884,R,Action,1990
6015,Paint,821890,PG-13,Comedy;Drama;Romance,2023
6016,Hesher,44835,R,Drama,2010
6017,Black Robe,41784,R,Adventure;Drama;History,1991
6018,White Bird in a Blizzard,157825,R,Thriller;Drama,2014
6019,The Replacement Killers,11702,R,Action;Crime;Thriller,1998
6020,Where the Heart Is,10564,PG-13,Comedy;Drama;Romance,2000
6021,Bitconned,1213997,R,Documentary;Crime,2024
6022,In the Cut,10944,R,Drama;Mystery;Thriller,2003
6023,My Best Friend's Wedding,8874,PG-13,Comedy;Romance,1997
6024,Jackass Presents: Bad Grandpa,208134,R,Comedy,2013
6025,Glory Road,9918,PG,Drama;History,2006
6026,Glory Road,9918,PG,Drama;History,2006
6027,My Life in Ruins,23049,PG-13,Comedy;Romance,2009
6028,For the Birds,13930,G,Animation;Family;Comedy,2000
6029,Internal Affairs,11060,R,Crime;Drama,1990
6030,Capote,398,R,Crime;Drama,2005
6031,One Missed Call,6933,PG-13,Horror;Mystery;Thriller,2008
6032,Chevalier,812635,PG-13,Music;Drama;History,2023
6033,L.A. Story,2107,PG-13,Comedy;Fantasy;Romance,1991
6034,Malum,1094403,R,Horror,2023
6036,The International,4959,R,Action;Thriller;Drama;Crime,2009
6037,Rock-A-Doodle,20421,G,Comedy;Family;Animation;Fantasy;Music,1991
6038,Son of Batman,251519,PG-13,Animation;Action;Adventure,2014
6039,The Monster Squad,13509,PG-13,Comedy;Action;Fantasy,1987
6040,Mulholland Falls,10990,R,Drama;Mystery;Thriller;Crime,1996
6041,The Clan of the Cave Bear,13853,R,Adventure;Drama,1986
6042,Raymond & Ray,869025,R,Drama;Comedy,2022
6043,Three Identical Strangers,489988,PG-13,Documentary,2018
6044,Criminal Activities,334527,R,Thriller;Crime;Drama,2015
6045,Casper: A Spirited Beginning,39346,PG,Adventure;Family;Comedy;Fantasy,1997
6046,Casper: A Spirited Beginning,39346,PG,Adventure;Family;Comedy;Fantasy,1997
6047,WarHunt,697799,R,Action;Horror;Thriller;War;Fantasy,2022
6050,Winter's Bone,39013,R,Drama;Mystery,2010
6053,Mara,514277,R,Crime;Horror;Thriller,2018
6054,The Secrets We Keep,615115,R,Thriller;History;Drama,2020
6055,About a Boy,245,PG-13,Drama;Comedy;Romance,2002
6057,Wild Things: Diamonds in the Rough,17124,R,Crime;Drama;Mystery,2005
6059,Wild Things: Diamonds in the Rough,17124,R,Crime;Drama;Mystery,2005
6060,Great Expectations,121674,PG-13,Drama;Romance,2012
6061,Inconceivable,433630,R,Crime;Drama;Thriller,2017
6062,Marvin's Room,9819,PG-13,Drama,1996
6063,The Big Hit,9448,R,Action;Adventure;Comedy;Thriller;Crime;Drama,1998
6064,The Cider House Rules,1715,PG-13,Drama,1999
6065,A Bigger Splash,324807,R,Drama;Thriller;Romance,2015
6067,Horsemen,18476,R,Crime;Drama;Horror;Mystery;Thriller,2009
6068,28 Days,10468,PG-13,Comedy;Drama,2000
6069,The 51st State,1613,R,Thriller;Action;Comedy;Crime,2001
6070,The Weather Man,6963,R,Comedy;Drama,2005
6072,Goon: Last of the Enforcers,336890,R,Comedy,2017
6073,F/X,9873,R,Action;Thriller,1986
6074,Unfriend,368031,R,Horror;Thriller,2016
6075,Some Kind of Wonderful,15143,PG-13,Drama;Romance,1987
6076,The Fabulous Baker Boys,10875,R,Comedy;Drama;Music;Romance,1989
6077,Flora & Ulysses,621876,PG,Family;Adventure;Comedy;Fantasy,2021
6078,Casualties of War,10142,R,Drama;History;War,1989
6079,2012: Ice Age,59722,PG,Action;Adventure;Science Fiction,2011
6080,Manhattan Murder Mystery,10440,PG,Comedy;Mystery,1993
6081,The Cold Light of Day,77948,PG-13,Action;Thriller;Mystery,2012
6082,Basic,10782,R,Action;Drama;Mystery;Thriller;Crime,2003
6083,Stockholm,437626,R,Crime;Comedy,2019
6084,Daddy Day Camp,14144,PG,Family;Comedy,2007
6085,Into the Grizzly Maze,244316,R,Action;Horror;Thriller,2015
6086,Morgan,377264,R,Horror;Science Fiction;Thriller,2016
6087,Nine Months,11472,PG-13,Romance;Comedy,1995
6088,Apostle,424121,R,Horror;Mystery;Thriller;Drama,2018
6090,Firebreather,50337,PG,Fantasy;Animation;Action;Thriller;Family,2010
6091,Felon,13012,R,Crime;Drama;Thriller,2008
6092,Apostle,424121,R,Horror;Mystery;Thriller;Drama,2018
6094,Firebreather,50337,PG,Fantasy;Animation;Action;Thriller;Family,2010
6095,Felon,13012,R,Crime;Drama;Thriller,2008
6096,Leprechaun in the Hood,18011,R,Horror;Comedy,2000
6097,Running Scared,7304,R,Action;Crime;Drama;Thriller,2006
6098,American Heist,250066,R,Action,2014
6099,Lake Placid 3,44037,R,Horror;Action;Science Fiction;Thriller,2010
6100,Waking Life,9081,R,Animation;Drama;Fantasy,2001
6101,The Forger,255157,R,Thriller;Crime;Drama,2014
6103,The Seeker: The Dark Is Rising,2274,PG,Adventure;Drama;Fantasy;Family;Thriller,2007
6104,Wimbledon,11823,PG-13,Comedy;Romance,2004
6105,Pitch Black,2787,R,Thriller;Science Fiction;Action,2000
6106,Spy Game,1535,R,Action;Crime;Thriller,2001
6107,Agent Cody Banks,10923,PG,Action;Adventure;Comedy;Family,2003
6109,Fair Game,38363,PG-13,Drama;Thriller,2010
6110,The Hills Run Red,24001,R,Horror;Thriller,2009
6111,Teen Beach Movie,177888,PG,Family;Music;TV Movie;Comedy,2013
6112,The Boss,323676,R,Comedy,2016
6113,Stuck on You,1792,PG-13,Comedy,2003
6115,The Good Liar,511322,R,Crime,2019
6116,Red Scorpion,12663,R,Adventure;Action;War,1988
6117,Midnight Run,9013,R,Action;Comedy;Crime,1988
6118,My Little Pony: Equestria Girls - Rainbow Rocks,292177,G,Family;Animation;Music,2014
6119,Jackass Presents: Bad Grandpa .5,273641,PG-13,Comedy,2014
6121,Father Figures,354861,R,Comedy,2017
6122,The Pact,111440,R,Horror;Mystery;Thriller,2012
6125,Debt Collectors,647785,R,Action;Comedy;Crime,2020
6126,Pawn Sacrifice,245698,PG-13,Thriller;Drama,2015
6127,View from the Top,11523,PG-13,Comedy;Romance;Drama,2003
6128,The Accused,10868,R,Crime;Drama,1988
6129,Captivity,14125,R,Crime;Horror;Thriller,2007
6130,Big Ass Spider!,166822,PG-13,Science Fiction,2013
6131,Psycho,11252,R,Mystery;Thriller;Horror,1998
6132,Needful Things,10657,R,Drama;Horror,1993
6133,Killing Them Softly,64689,R,Crime;Thriller,2012
6134,StarDog and TurboCat,515789,PG,Animation;Comedy;Family,2019
6135,We Own the Night,2001,R,Drama;Crime;Thriller,2007
6136,Superman: Unbound,166076,PG-13,Animation;Action;Adventure,2013
6137,Fletch,9749,PG,Comedy;Crime;Mystery,1985
6138,Armed and Dangerous,2620,PG-13,Action;Comedy;Crime,1986
6139,The Warrior's Way,46528,R,Adventure;Fantasy;Action;Western;Thriller,2010
6140,Wendell & Wild,511817,PG-13,Animation;Comedy;Fantasy;Horror,2022
6141,Don't Tell Mom the Babysitter's Dead,15413,PG-13,Comedy;Family,1991
6142,The Rocker,10186,PG-13,Comedy;Music,2008
6143,Kite,192712,R,Drama;Action,2014
6144,Out of Death,774714,R,Action;Thriller;Crime,2021
6145,Don't Tell Mom the Babysitter's Dead,15413,PG-13,Comedy;Family,1991
6146,The Rocker,10186,PG-13,Comedy;Music,2008
6147,Kite,192712,R,Drama;Action,2014
6148,Out of Death,774714,R,Action;Thriller;Crime,2021
6149,Hedwig and the Angry Inch,13403,R,Comedy;Music;Drama,2001
6151,The Brave Little Toaster,19933,G,Animation;Adventure;Family;Fantasy,1987
6152,The Russia House,10170,R,Drama;Thriller;Romance,1990
6153,Batman: Gotham by Gaslight,471474,R,Thriller;Action;Animation;Science Fiction,2018
6154,People Like Us,98548,PG-13,Drama,2012
6155,Muriel's Wedding,236,R,Comedy;Drama;Romance,1994
6156,The Land Before Time III: The Time of the Great Giving,19004,G,Animation;Adventure;Family,1995
6157,Armored,4597,PG-13,Action;Crime;Drama;Thriller;Mystery,2009
6158,Imperium,374617,R,Crime;Drama,2016
6159,The Aeronauts,514921,PG-13,Adventure;Drama;Romance,2019
6160,Burning Bright,39957,PG-13,Drama;Horror;Thriller,2010
6161,Khumba,172391,G,Animation;Adventure;Family,2013
6162,The Water Man,346687,PG,Adventure,2020
6163,The Accidental Husband,13401,PG-13,Comedy;Romance,2008
6164,All My Life,632322,PG-13,Romance;Drama,2020
6165,Boys on the Side,9382,R,Comedy;Drama,1995
6166,Haunt,517116,R,Horror;Thriller,2019
6167,Adulterers,376004,R,Thriller;Crime;Drama,2016
6168,The Pirates! In an Adventure with Scientists!,72197,PG,Animation;Adventure;Family;Comedy,2012
6170,American Animals,489931,R,Drama;Crime;Documentary,2018
6171,Psycho IV: The Beginning,40377,R,Horror;Thriller;TV Movie,1990
6172,When a Man Loves a Woman,10449,R,Drama;Romance,1994
6173,Don't Be Afraid of the Dark,46261,R,Fantasy;Horror;Thriller,2010
6174,A Royal Winter,435107,G,TV Movie;Romance,2017
6175,Money Monster,303858,R,Thriller;Drama,2016
6176,The War of the Roses,249,R,Comedy;Drama,1989
6177,Welcome Home,525460,R,Thriller;Horror,2018
6178,Dangerous,763788,R,Action;Thriller,2021
6179,A Most Wanted Man,157849,R,Thriller,2014
6181,Sorry to Bother You,424781,R,Fantasy;Science Fiction;Comedy,2018
6182,The Ron Clark Story,25527,PG,TV Movie;Drama,2006
6183,Vacancy,10294,R,Horror;Thriller,2007
6184,Some Kind of Beautiful,253344,R,Comedy;Romance,2015
6185,Peggy Sue Got Married,10013,PG-13,Comedy;Drama;Fantasy,1986
6186,"Tomorrow, When the War Began",43930,R,Action;Adventure;Drama,2010
6187,Shine,7863,PG-13,Drama,1996
6188,Ploey: You Never Fly Alone,506596,G,Animation;Family,2018
6190,Baby Boom,11215,PG,Drama;Comedy;Romance,1987
6191,Point Blank,531503,R,Action;Thriller,2019
6192,Mark Felt: The Man Who Brought Down the White House,390061,PG-13,Drama;History;Thriller,2017
6194,Jesus Revolution,719256,PG-13,Drama;History,2023
6196,Dolphin Tale 2,227735,PG,Family;Drama,2014
6197,North Country,9701,R,Drama,2005
6198,The Princess Switch 3: Romancing the Star,785533,PG,Romance;Comedy,2021
6199,The Man in the Moon,17474,PG-13,Drama;Family;Romance,1991
6201,Bomb City,396774,R,Drama;Crime,2017
6202,Another 9 1/2 Weeks,18167,R,Drama;Romance,1997
6203,The Patriot,6058,R,Action;Thriller,1998
6204,Antitrust,9989,PG-13,Action;Crime;Drama,2001
6205,The Boat That Rocked,18947,R,Drama;Comedy,2009
6206,The Boat That Rocked,18947,R,Drama;Comedy,2009
6207,The Family Stone,9043,PG-13,Comedy;Drama;Romance,2005
6208,Thanks for Sharing,112200,R,Comedy;Drama,2013
6209,Extortion,333354,R,Action;Adventure;Crime;Drama;Thriller,2017
6210,Critters 2,10127,PG-13,Comedy;Horror;Science Fiction,1988
6211,St. Elmo's Fire,11557,R,Drama;Romance;Comedy,1985
6212,Quartet,121826,PG-13,Drama;Comedy;Romance,2012
6216,Tea with Mussolini,10368,PG,Comedy;Drama;War,1999
6217,Tea with Mussolini,10368,PG,Comedy;Drama;War,1999
6218,The Monster,340103,R,Horror;Drama,2016
6219,Here Today,711475,PG-13,Comedy;Drama,2021
6221,Charlie St. Cloud,37950,PG-13,Drama;Romance,2010
6222,Three Fugitives,31608,PG-13,Comedy;Crime,1989
6223,Million Dollar Arm,198185,PG,Drama,2014
6224,Return of the Living Dead Part II,24929,R,Horror;Comedy,1988
6225,Singles,11068,PG-13,Comedy;Drama;Romance,1992
6226,Elizabeth,4518,R,Drama;History,1998
6228,Lifted,13060,G,Family;Animation;Science Fiction;Comedy,2006
6229,The Hours,590,PG-13,Drama,2002
6230,Toy Soldiers,10750,R,Action;Adventure;Thriller,1991
6233,Did You Hear About the Morgans?,24438,PG-13,Comedy;Drama;Romance,2009
6234,Women in Trouble,31723,R,Comedy;Drama,2009
6235,But I'm a Cheerleader,20770,R,Comedy;Romance,2000
6236,A Vigilante,500904,R,Thriller;Drama,2019
6237,Buddy Games,472815,R,Comedy,2019
6238,Before and After,43566,PG-13,Drama;Thriller;Mystery,1996
6239,Studio 666,895744,R,Horror;Comedy;Music,2022
6240,Secret Admirer,24742,R,Comedy;Romance,1985
6241,May,10894,R,Drama;Horror,2003
6242,Table 19,353569,PG-13,Comedy;Drama,2017
6243,The Domestics,426814,R,Thriller;Horror,2018
6244,The Hard Way,11384,R,Action;Comedy;Crime,1991
6245,Table 19,353569,PG-13,Comedy;Drama,2017
6246,The Domestics,426814,R,Thriller;Horror,2018
6247,The Hard Way,11384,R,Action;Comedy;Crime,1991
6250,The Nightingale,400090,R,Drama;Thriller,2018
6251,The Man with the Iron Fists,97430,R,Action,2012
6252,Reprisal,531593,R,Action;Thriller;Crime,2018
6253,Reservation Road,8954,R,Drama;Crime;Thriller,2007
6255,Crazy Heart,25196,R,Drama;Music;Romance,2009
6256,Waiting to Exhale,31357,R,Comedy;Drama;Romance,1995
6257,Lost and Delirious,17612,R,Drama;Romance,2001
6258,Drop Dead Gorgeous,10490,PG-13,Comedy,1999
6259,Hoodlum,22073,R,Crime;Drama,1997
6260,Boat Trip,9557,R,Comedy,2002
6261,The Player,10403,R,Mystery;Drama;Comedy;Crime,1992
6262,First Cow,558582,PG-13,Drama;Western,2019
6263,Cinderella and the Secret Prince,543583,PG,Animation;Adventure;Family;Fantasy,2018
6264,Goya's Ghosts,11515,R,Drama;History,2006
6265,Damage,11012,R,Drama;Romance,1992
6266,Survive the Night,686245,R,Action;Thriller,2020
6267,Alvin and the Chipmunks Meet Frankenstein,3126,G,Animation;Comedy;Family,1999
6268,Hatchet,11908,R,Comedy;Horror,2006
6269,The Adventures of Pluto Nash,11692,PG-13,Action;Comedy;Science Fiction,2002
6270,The Cured,469721,R,Horror;Drama;Science Fiction,2017
6271,The Cured,469721,R,Horror;Drama;Science Fiction,2017
6272,All I See Is You,345923,R,Mystery;Thriller;Drama,2017
6273,Rudderless,244403,R,Music;Drama;Comedy,2014
6274,Tom and Jerry Blast Off to Mars!,21078,G,Animation;Family,2005
6276,The Foreigner,18248,R,Action;Thriller,2003
6277,2001: A Space Travesty,7290,R,Comedy;Science Fiction;Action,2000
6278,The Good Lie,250538,PG-13,Drama,2014
6279,The Other Side of the Door,364116,R,Thriller;Horror,2016
6280,Escape Room,449664,R,Horror;Thriller,2017
6281,Things to Do in Denver When You're Dead,400,R,Drama;Crime,1995
6282,Hulk vs. Wolverine,15257,PG-13,Animation;Action;Science Fiction;Adventure;Fantasy,2009
6283,The Naughty Nine,936059,G,Family;Adventure;Comedy;TV Movie;Crime,2023
6284,City Slickers,1406,PG-13,Comedy;Western,1991
6285,Luckiest Girl Alive,799546,R,Drama;Thriller;Mystery,2022
6287,Family Business,10551,R,Crime;Drama;Comedy,1989
6288,The Trials of Cate McCall,253279,R,Drama,2013
6290,The Perfect Game,56601,PG,Drama;Family,2009
6292,Two Night Stand,286554,R,Romance;Comedy,2014
6293,My Week with Marilyn,75900,PG-13,Drama;Romance,2011
6294,Below,12590,R,Thriller;Horror;Mystery,2002
6295,Reasonable Doubt,240916,R,Crime;Thriller,2014
6296,Seal Team Eight: Behind Enemy Lines,260063,R,Action;War;Drama,2014
6297,D2: The Mighty Ducks,11164,PG,Comedy;Action;Family;Drama,1994
6298,Seal Team Eight: Behind Enemy Lines,260063,R,Action;War;Drama,2014
6299,D2: The Mighty Ducks,11164,PG,Comedy;Action;Family;Drama,1994
6300,Ultimate Avengers: The Movie,14609,PG-13,Action;Animation;Family;Adventure;Science Fiction,2006
6301,Pathology,12192,R,Crime;Horror;Thriller,2008
6302,Kill Switch,423988,R,Science Fiction;Action;Thriller,2017
6303,The Adventures of Pinocchio,18975,G,Family;Fantasy;Adventure;Drama,1996
6304,The Dig,532865,PG-13,Drama;History,2021
6305,Landscape with Invisible Hand,777411,R,Science Fiction;Comedy;Drama,2023
6306,The Zero Theorem,157834,R,Drama;Fantasy;Science Fiction,2013
6307,A Perfect Pairing,934761,PG,Comedy;Romance,2022
6308,Blood Ties,190955,R,Thriller;Crime;Drama,2013
6310,The Healer,340270,PG,Family;Drama;Comedy,2017
6311,The Squid and the Whale,10707,R,Comedy;Drama,2005
6312,Iron Man & Captain America: Heroes United,284274,PG,Adventure;Animation;Action,2014
6313,Pride and Glory,13150,R,Crime;Drama;Mystery;Thriller,2008
6314,Boxing Helena,18215,R,Drama;Romance;Thriller,1993
6315,A Hologram for the King,270010,R,Comedy;Drama,2016
6316,Shopgirl,2610,R,Comedy;Drama;Romance,2005
6317,Slayers,888097,R,Horror;Comedy;Fantasy,2022
6318,Bulletproof,10723,R,Comedy;Crime;Action,1996
6321,Dirty Dancing: Havana Nights,10677,PG-13,Romance;Drama,2004
6322,Anne of Green Gables,17663,PG,Family;Drama,1985
6323,Saint Maud,575776,R,Horror;Mystery;Drama,2020
6324,Snake Eyes,8688,R,Thriller;Crime;Mystery;Drama,1998
6325,Dead Man Down,102362,R,Thriller;Action;Crime;Drama,2013
6326,Fire Down Below,14289,R,Action;Thriller,1997
6327,Magnum Opus,1010823,G,Animation;Family;Science Fiction;Comedy,2022
6328,Magnum Opus,1010823,G,Animation;Family;Science Fiction;Comedy,2022
6329,Byzantium,102780,R,Drama;Fantasy;Thriller,2012
6330,Angel Eyes,5852,R,Drama;Romance;Thriller,2001
6331,88 Minutes,3489,R,Thriller;Mystery,2007
6332,BloodRayne: The Third Reich,12685,R,Action;Adventure;Fantasy;Horror,2010
6333,Intersection,46717,R,Drama;Romance,1994
6334,Consenting Adults,37753,R,Thriller;Drama,1992
6335,Private Resort,17824,R,Comedy,1985
6337,Batman: Death in the Family,618353,R,Animation;Action,2020
6338,The Adventurer: The Curse of the Midas Box,227707,PG,Fantasy;Adventure;Family,2013
6339,Kinsey,11184,R,Drama,2004
6340,All Is Lost,152747,PG-13,Action;Adventure;Drama,2013
6341,Steel,8854,PG-13,Science Fiction;Action;Adventure,1997
6342,Fluke,21183,PG,Drama;Adventure;Family,1995
6343,The Rental,587496,R,Horror;Mystery;Thriller,2020
6344,Just Wright,38093,PG,Romance;Comedy,2010
6345,Blindness,8338,R,Drama;Mystery;Science Fiction;Thriller,2008
6346,Don't Knock Twice,420245,R,Horror,2016
6347,The Muppet Christmas Carol,10437,G,Music;Comedy;Family;Fantasy;Drama,1992
6348,Dreamland,480434,R,Drama;Thriller,2019
6350,Honey 3: Dare to Dance,412519,PG-13,Music;Drama;Family;Romance,2016
6351,The Crush,33408,R,Drama;Thriller,1993
6352,Honey 3: Dare to Dance,412519,PG-13,Music;Drama;Family;Romance,2016
6353,The Crush,33408,R,Drama;Thriller,1993
6354,Columbus,414453,PG-13,Drama,2017
6355,7500,509585,R,Drama;Thriller;Action,2019
6356,Mr. Magoo,9438,PG,Comedy;Family,1997
6358,Angel of Mine,515741,R,Drama;Thriller;Mystery,2019
6359,Persuasion,17015,PG,Drama;Romance,1995
6360,Arthur & Merlin: Knights of Camelot,635237,R,Adventure;History;Action,2020
6361,Superman: Red Son,618355,PG-13,Science Fiction;Animation;Action,2020
6362,Whisper,928773,R,Horror;Thriller,2022
6363,Duplicity,16558,PG-13,Romance;Comedy;Crime,2009
6364,Supercross,17186,PG-13,Action;Adventure;Drama;Romance,2005
6365,Nicholas Nickleby,29339,PG,Adventure;Drama,2002
6366,Wakefield,369894,R,Drama,2017
6367,The Chase,10694,PG-13,Adventure;Comedy;Action;Crime,1994
6368,The Chase,10694,PG-13,Adventure;Comedy;Action;Crime,1994
6369,The Perfect Man,15648,PG,Comedy;Drama;Family;Romance,2005
6370,Flight 7500,82657,PG-13,Thriller;Horror;Mystery,2014
6371,MirrorMask,14517,PG,Fantasy,2005
6372,The Quiet Earth,10176,R,Drama;Science Fiction;Thriller,1985
6373,The Hole,45650,PG-13,Thriller;Adventure;Fantasy,2009
6374,Battle for Saipan,1037644,R,War;History;Action,2022
6375,Precious Cargo,384737,R,Action;Crime;Thriller,2016
6376,The People vs. Larry Flynt,1630,R,Drama,1996
6377,Desperate Measures,9458,R,Action;Drama;Thriller;Crime,1998
6378,The Barbarians,27551,R,Adventure;Fantasy;Action,1987
6379,Justice League vs. the Fatal Five,537059,PG-13,Animation;Action;Science Fiction,2019
6380,Messengers 2: The Scarecrow,20441,R,Horror,2009
6381,Team Thor: Part 2,441829,PG,Science Fiction;Comedy;Fantasy,2017
6382,Remember,302528,R,Drama;Thriller;Mystery,2015
6383,The Art of the Steal,209247,R,Comedy;Crime,2013
6384,Bandits,3172,PG-13,Comedy;Crime,2001
6385,Love Wrecked,27902,PG-13,Romance;Comedy,2005
6386,News of the World,581032,PG-13,Drama;Western;Adventure,2020
6387,Think Like a Man Too,184098,PG-13,Comedy;Romance,2014
6388,Invitation to a Murder,989473,PG-13,Mystery;Thriller,2023
6389,BASEketball,14013,R,Comedy,1998
6390,Miss Americana,653567,R,Documentary;Music,2020
6391,Hanna,50456,PG-13,Action;Thriller;Adventure,2011
6392,Mr. Holland's Opus,2054,PG,Drama;Music,1995
6393,Mr. Holland's Opus,2054,PG,Drama;Music,1995
6394,I Came By,852448,R,Thriller;Crime,2022
6395,A Little Princess,19101,G,Drama;Family;Fantasy,1995
6396,Grosse Pointe Blank,9434,R,Action;Comedy;Thriller;Romance,1997
6397,X-Rated 2: The Greatest Adult Stars of All-Time,427719,R,Documentary,2016
6399,The Hundred-Foot Journey,228194,PG,Drama;Comedy,2014
6400,Pawn Shop Chronicles,199420,R,Action;Comedy,2013
6401,Breach,4169,PG-13,Drama;Thriller;Crime;History,2007
6402,Light of My Life,441183,R,Science Fiction;Drama,2019
6406,"Alexander and the Terrible, Horrible, No Good, Very Bad Day",218778,PG,Family;Comedy,2014
6407,Precious,25793,R,Drama,2009
